fips,name,state_fips,state_alpha,lat,lon,x,y,farthest_km,yield_1986,yield_1987,yield_1988,yield_1989,income_decile,included
23029,,23,,45.0363,-67.6361,2964826.1398864496,5489533.619458985,356.3438445804669,,,,,-1,False
13191,,13,GA,31.5007,-81.4149,2181831.919064449,3622633.9633583245,114.25790368899187,,,,,-1,False
13179,"Liberty, GA",13,GA,31.8308,-81.4998,2167415.674938822,3658619.2437589713,104.4270609507536,44.6,38.7,46.3,50.0,6,True
60040,,60,,-11.0548,-171.0802,-9979295.280134365,-3147841.4640699304,11208.389437695656,,,,,-1,False
60020,,60,,-14.2219,-169.506,-9308255.875953605,-3783403.344364628,11149.096020258477,,,,,-1,False
60050,,60,,-14.3241,-170.7691,-9572644.273241704,-3942585.1995426943,11448.535151020033,,,,,-1,False
60010,,60,,-14.2763,-170.6596,-9553874.210164057,-3919053.197926519,11418.631553264007,,,,,-1,False
72011,,72,,18.287,-67.1221,4016486.699548847,2353424.433061688,42.88782678710999,,,,,-1,False
72015,,72,,17.9982,-66.0563,4152281.2918090206,2342329.234314392,41.09843875442158,,,,,-1,False
72017,,72,,18.4454,-66.5605,4080026.9857192053,2386704.685518592,42.93382671561457,,,,,-1,False
72019,,72,,18.2017,-66.3099,4116415.3094032547,2361974.4573985874,30.318592318490463,,,,,-1,False
72021,,72,,18.3497,-66.1684,4129747.6099624676,2384146.192012885,30.61024306035584,,,,,-1,False
72025,,72,,18.2119,-66.0508,4147505.710623094,2369567.692637393,28.321106961312758,,,,,-1,False
72029,,72,,18.3288,-65.8879,4164225.12233794,2388406.463683002,34.59411498951195,,,,,-1,False
72035,,72,,18.1029,-66.1495,4138327.025281781,2353346.9944820157,32.674736546998346,,,,,-1,False
72037,,72,,18.2526,-65.6678,4192907.239296241,2384199.0238748523,51.387488841071516,,,,,-1,False
72039,,72,,18.2889,-66.5164,4089287.3743388928,2368018.0751516204,34.55897363706287,,,,,-1,False
72041,,72,,18.1737,-66.1611,4135124.599216947,2362036.396819454,29.00366790496613,,,,,-1,False
72043,,72,,18.0972,-66.3601,4112978.7018159367,2347544.613826589,36.998525073011585,,,,,-1,False
72045,,72,,18.2248,-66.2219,4126469.0001784856,2367030.242342856,28.835628994166132,,,,,-1,False
72047,,72,,18.3043,-66.3279,4111640.6125265365,2374515.225809157,28.4328536264456,,,,,-1,False
72054,,72,,18.3735,-66.5601,4081891.05683368,2377644.316095776,39.388135548869194,,,,,-1,False
72055,,72,,17.9827,-66.9198,4048235.3064538194,2319859.009075557,54.35235467744253,,,,,-1,False
72057,,72,,18.0077,-66.1336,4142663.0526780398,2341663.6828262326,40.14721026083511,,,,,-1,False
72059,,72,,18.0406,-66.7916,4062275.228235752,2330153.01000347,46.51257029848077,,,,,-1,False
72061,,72,,18.3442,-66.1145,4136403.6822754773,2384770.9920057557,29.809440339323963,,,,,-1,False
72063,,72,,18.2663,-65.9791,4154793.1868784446,2378225.468520456,30.058887921360352,,,,,-1,False
72065,,72,,18.4106,-66.7964,4052535.9752025367,2376658.3610844193,43.10379192845171,,,,,-1,False
72067,,72,,18.1341,-67.114,4021186.032467041,2334397.798938887,44.48859647919334,,,,,-1,False
72097,,72,,18.1716,-67.337,3993512.5827541025,2333951.7802041485,66.32745425810648,,,,,-1,False
72103,,72,,18.2306,-65.7542,4182988.749289707,2379251.9586073398,42.93349732175678,,,,,-1,False
72073,,72,,18.2106,-66.5885,4082556.744273534,2356406.892663714,36.212822988673175,,,,,-1,False
72075,,72,,18.0507,-66.4951,4097819.150011806,2338437.218765489,42.80629829122532,,,,,-1,False
72077,,72,,18.2236,-65.9089,4164401.148143388,2374536.5091991406,30.09919305684337,,,,,-1,False
72079,,72,,18.0123,-67.0404,4032991.4912676513,2320785.2356178034,52.70492763559617,,,,,-1,False
72081,,72,,18.2689,-66.8669,4047584.2537709908,2357144.4219366675,34.98026645666015,,,,,-1,False
72085,,72,,18.1876,-65.8693,4170132.635269372,2370942.0113985008,33.72479022624651,,,,,-1,False
72091,,72,,18.4204,-66.4902,4089123.511671491,2385249.681495684,40.63908280207092,,,,,-1,False
72093,,72,,18.1721,-66.9424,4040888.367652157,2343181.73246078,35.44504797080583,,,,,-1,False
72095,,72,,18.018,-65.9219,4168096.9473920227,2348111.8103482365,44.80209028744073,,,,,-1,False
72099,,72,,18.3779,-67.0808,4019209.7861895435,2365812.2204145985,47.088902670913406,,,,,-1,False
72101,,72,,18.3171,-66.4202,4100177.2526034634,2373898.1218987424,31.295830000234847,,,,,-1,False
72105,,72,,18.2884,-66.2526,4121139.780099507,2374333.28241751,27.12610695007814,,,,,-1,False
72107,,72,,18.2149,-66.4339,4101102.824205541,2360654.0547393267,33.50860086454999,,,,,-1,False
72109,,72,,18.0317,-66.0122,4156783.474189489,2347651.1428979277,41.429147945132414,,,,,-1,False
72111,,72,,18.0608,-66.7211,4070280.9938843297,2334358.935703119,44.687317777962285,,,,,-1,False
72113,,72,,18.0597,-66.6141,4083220.853421724,2336748.336026823,42.81854669541049,,,,,-1,False
72121,,72,,18.083,-66.9435,4042936.4247502005,2331939.08963103,45.41411808463835,,,,,-1,False
72123,,72,,18.0115,-66.2564,4127682.738920191,2339186.433777201,41.38804891921671,,,,,-1,False
72125,,72,,18.1111,-67.0385,4030820.9695178815,2333260.7153829373,43.59626170004682,,,,,-1,False
72127,,72,,18.3864,-66.0607,4141821.342258015,2391439.2384746573,32.55213420323961,,,,,-1,False
72129,,72,,18.148,-65.9764,4158159.026561704,2363283.927913793,31.910697954925404,,,,,-1,False
72133,,72,,17.995,-66.3889,4112051.4108909303,2333924.5719554853,41.77267538440135,,,,,-1,False
72139,,72,,18.3362,-65.9992,4150556.754452097,2386593.704015883,31.869677090155854,,,,,-1,False
72141,,72,,18.271,-66.7024,4067325.46755589,2361310.540578765,34.73280395756828,,,,,-1,False
72143,,72,,18.4093,-66.3372,4107845.4369701142,2387562.2971281013,34.19638598356631,,,,,-1,False
72149,,72,,18.128,-66.4729,4098572.998305735,2348736.605220644,37.716011675648815,,,,,-1,False
72151,,72,,18.0706,-65.8965,4169837.6016112044,2355414.1363444678,40.01418922870716,,,,,-1,False
72153,,72,,18.0801,-66.8586,4053231.4661624497,2333560.180485513,43.46269570738022,,,,,-1,False
72131,,72,,18.3288,-66.9712,4033571.5684619714,2362220.333820312,37.61799177178779,,,,,-1,False
72001,,72,,18.1798,-66.7542,4063352.210211079,2348584.013061996,35.92947778249152,,,,,-1,False
72007,,72,,18.2517,-66.1268,4137286.961079884,2372753.4605918033,27.17275110199215,,,,,-1,False
72009,,72,,18.1311,-66.2644,4123702.1081821094,2354138.8780971454,30.92308883433597,,,,,-1,False
78010,,78,,17.7333,-64.7677,4316598.917940084,2340491.6295411563,166.14733584534915,,,,,-1,False
72013,,72,,18.4068,-66.6752,4067200.880244769,2379078.0529411677,43.644166178407815,,,,,-1,False
72083,,72,,18.2371,-66.9835,4034351.8445131215,2350396.8860951243,33.54567704371205,,,,,-1,False
72117,,72,,18.3374,-67.2414,4000952.6371861487,2356969.5885179047,57.28068036921642,,,,,-1,False
72005,,72,,18.4597,-67.1207,4012411.9175357027,2375146.946478464,56.6298870212614,,,,,-1,False
72071,,72,,18.4499,-67.0052,4026496.167885223,2376641.9339579972,50.703191775628746,,,,,-1,False
72027,,72,,18.4188,-66.8602,4044668.0070956633,2376170.896120947,44.26568742017434,,,,,-1,False
72051,,72,,18.4365,-66.2787,4114205.9825139195,2392428.1175560905,35.53611131423095,,,,,-1,False
72135,,72,,18.3626,-66.2464,4119995.446414293,2383871.685726478,30.90267346207709,,,,,-1,False
72003,,72,,18.3603,-67.1748,4008373.3307432546,2361398.123119461,52.79397089988412,,,,,-1,False
72049,,72,,18.3159,-65.2877,4237464.087800497,2401839.279372111,88.23441594793005,,,,,-1,False
72023,,72,,18.0415,-67.1537,4018656.103266753,2321837.5326884664,53.67386192623984,,,,,-1,False
72053,,72,,18.3176,-65.6686,4191110.2287095836,2392443.969526521,49.949489030519125,,,,,-1,False
72147,,72,,18.1231,-65.4414,4223837.71871309,2373371.5708684926,74.46424999950109,,,,,-1,False
72031,,72,,18.3742,-65.9567,4154717.1250091745,2392461.4915396534,35.768418029797196,,,,,-1,False
78030,,78,,18.3453,-64.9302,4280267.978145196,2414774.3600746305,132.52117061409257,,,,,-1,False
72115,,72,,18.4397,-66.926,4036249.3328677,2377236.5202037334,45.64354570009047,,,,,-1,False
72033,,72,,18.4374,-66.144,4130440.387736564,2395845.8520867727,34.59411498951195,,,,,-1,False
72089,,72,,18.3422,-65.7249,4183634.97207662,2394163.2100006407,48.60207424631804,,,,,-1,False
72069,,72,,18.1452,-65.8105,4178363.9634507885,2367005.873905552,41.477160902058856,,,,,-1,False
78020,,78,,18.339,-64.7385,4303868.21230875,2418954.2467847527,155.9818938667606,,,,,-1,False
72119,,72,,18.3553,-65.8202,4171738.8799625128,2393451.031747368,41.367869471303116,,,,,-1,False
72087,,72,,18.434,-65.9247,4157035.7299327203,2400837.61805067,39.542483485040655,,,,,-1,False
09003,,09,,41.8064,-72.7328,2688429.0089344284,4975627.106343449,109.8255669621072,,,,,-1,False
09013,,09,,41.855,-72.3365,2719755.9719084855,4992059.644811551,111.4320352417695,,,,,-1,False
09015,,09,,41.8299,-71.9875,2749874.414538956,4999103.739619987,104.9352010405034,,,,,-1,False
25019,,25,,41.2781,-70.0744,2932474.896870963,4994056.809949834,223.1874669095429,,,,,-1,False
24023,"Garrett, MD",24,MD,39.5286,-79.2739,2201288.5739658875,4565994.376623336,97.82941776153288,100.0,87.0,47.0,115.1,1,True
50027,,50,,43.5798,-72.5855,2634184.5651762737,5177197.980401645,120.35206879014821,,,,,-1,False
33019,,33,,43.3612,-72.2223,2671937.879354356,5163049.263580127,125.84420712757392,,,,,-1,False
33001,,33,,43.5188,-71.4233,2730426.8801091095,5203382.311948248,134.6826367520824,,,,,-1,False
33005,,33,,42.9193,-72.2512,2686537.743954965,5113111.1711699935,116.13146973691414,,,,,-1,False
33017,,33,,43.2975,-71.0293,2771226.767141122,5190367.748338959,142.28871870924024,,,,,-1,False
36123,"Yates, NY",36,NY,42.6335,-77.1055,2297942.4493605588,4958882.062944729,119.0171021423926,99.0,116.0,84.0,89.0,2,True
36003,"Allegany, NY",36,NY,42.2574,-78.0276,2232915.1712798337,4896779.1001141,118.31843464458352,101.0,102.0,85.0,84.0,2,True
36007,"Broome, NY",36,NY,42.1602,-75.8196,2419010.2280022586,4935857.770313482,112.2032342488663,115.0,120.0,100.0,96.0,6,True
36009,"Cattaraugus, NY",36,NY,42.2486,-78.6789,2179203.3119137995,4882122.784805034,134.17438536896591,101.0,117.0,79.0,84.0,1,False
36015,"Chemung, NY",36,NY,42.1413,-76.76,2341508.9803566183,4911809.547580183,109.62905509414844,95.0,100.0,94.0,80.0,4,True
36017,"Chenango, NY",36,NY,42.4936,-75.6115,2425456.0635842783,4978034.745873163,116.32105346939973,94.0,109.0,85.0,101.0,4,True
36023,"Cortland, NY",36,NY,42.595,-76.0702,2384371.2857274986,4978397.123489032,109.02321265307961,103.0,107.0,88.0,107.0,4,True
36025,"Delaware, NY",36,NY,42.1982,-74.9664,2488591.256035609,4960887.122903518,116.03747600493607,95.0,120.0,101.0,105.0,2,True
36037,"Genesee, NY",36,NY,43.001,-78.1936,2197833.354478067,4976100.99817498,157.40418066613358,106.0,114.0,84.0,75.0,7,False
36041,,36,NY,43.6611,-74.4974,2476932.136290027,5135533.5440128,132.20600305869002,,,,,-1,False
36049,"Lewis, NY",36,NY,43.7847,-75.4488,2396045.6572416024,5125636.456444207,155.87872582190332,83.0,115.0,78.0,110.0,3,False
36051,"Livingston, NY",36,NY,42.728,-77.7754,2240045.1301905336,4954654.988825451,118.98759128326351,105.0,117.0,87.0,97.0,7,True
36053,"Madison, NY",36,NY,42.9129,-75.6697,2406982.7702891696,5023348.369230958,119.33907002473076,95.0,100.0,90.0,93.0,7,True
36057,"Montgomery, NY",36,NY,42.9023,-74.4397,2508036.7590013295,5052621.900746201,119.42575820115266,95.0,103.0,82.0,103.0,2,True
36067,"Onondaga, NY",36,NY,43.0058,-76.1946,2361048.3096606545,5021228.548799005,122.23313837071527,96.0,105.0,92.0,96.0,8,False
36069,"Ontario, NY",36,NY,42.8529,-77.2998,2275349.691405774,4978991.151054004,121.73899385658325,102.0,112.0,86.0,89.0,8,False
36071,"Orange, NY",36,NY,41.4022,-74.3056,2570703.6331580994,4888642.1704374645,91.790737773057,102.0,101.0,80.0,82.0,9,True
36077,"Otsego, NY",36,NY,42.6338,-75.0326,2468525.9717462733,5007814.971746255,117.0349200217806,88.0,115.0,84.0,103.0,3,True
36079,,36,NY,41.4267,-73.7495,2616705.588093249,4905819.0285171885,95.66286822588528,,,,,-1,False
36087,,36,NY,41.1529,-74.0241,2603000.939804566,4868002.572646509,86.7389323667501,,,,,-1,False
36095,"Schoharie, NY",36,NY,42.5882,-74.4421,2518697.341950973,5017573.814662741,121.3240501065157,92.0,118.0,71.0,99.0,4,False
36097,"Schuyler, NY",36,NY,42.3938,-76.8752,2324237.675006507,4937353.818002228,114.01311898658447,92.0,98.0,75.0,80.0,3,True
36099,"Seneca, NY",36,NY,42.781,-76.8237,2316587.32012129,4981673.856103438,118.88465460892189,102.0,106.0,74.0,89.0,6,True
36101,"Steuben, NY",36,NY,42.2678,-77.3838,2285948.6417359123,4911923.752183531,110.82717670105062,95.0,98.0,77.0,87.0,3,True
36105,"Sullivan, NY",36,NY,41.7164,-74.7681,2521245.361997924,4912042.338812559,107.50479549127382,97.0,99.0,78.0,110.0,5,True
36107,"Tioga, NY",36,NY,42.1703,-76.3063,2378281.9503970314,4925503.173521632,106.04896159026518,115.0,100.0,88.0,91.0,7,True
36109,"Tompkins, NY",36,NY,42.452,-76.4737,2355610.6812400664,4953034.168257177,115.57691659105947,104.0,107.0,87.0,95.0,5,True
36121,"Wyoming, NY",36,NY,42.7023,-78.2245,2203893.7756634494,4942181.900183461,135.72249155462947,98.0,110.0,90.0,98.0,5,False
42001,"Adams, PA",42,PA,39.8715,-77.2179,2370081.4755578157,4647572.739773467,92.50379035207915,72.0,59.0,42.5,98.0,9,True
42003,"Allegheny, PA",42,PA,40.4688,-79.9812,2116593.332884516,4657480.749855974,97.58219426044937,107.0,91.0,91.6,111.0,8,True
42005,"Armstrong, PA",42,PA,40.8125,-79.4645,2151846.926101016,4705936.059526205,104.90721375890438,116.0,112.0,45.0,91.0,3,True
42007,"Beaver, PA",42,PA,40.6823,-80.3493,2079917.3567741069,4674384.37351415,94.52423935772637,116.0,99.0,61.6,86.0,5,True
42009,"Bedford, PA",42,PA,40.0066,-78.4902,2256510.881370632,4635443.814199813,102.89598965047338,80.0,79.0,63.0,108.0,2,True
42013,"Blair, PA",42,PA,40.4813,-78.3486,2255763.3809919087,4691552.25260434,106.80271800509848,98.0,94.0,53.0,107.0,4,True
42015,"Bradford, PA",42,PA,41.7886,-76.5157,2372699.4467461472,4878040.741921136,109.83447387355008,108.0,110.0,89.1,109.0,5,True
42019,"Butler, PA",42,PA,40.9117,-79.913,2111245.9555437136,4708295.883847606,95.37782189331003,119.0,116.0,73.6,99.0,8,True
42021,"Cambria, PA",42,PA,40.4954,-78.7136,2224187.6099351384,4685568.551551851,115.06313441355731,104.0,98.0,64.0,92.0,2,True
42023,"Cameron, PA",42,PA,41.4368,-78.2038,2241530.995819156,4801444.721900462,118.64480439511999,103.0,92.0,79.0,86.0,1,True
42031,"Clarion, PA",42,PA,41.1925,-79.421,2145629.619127595,4749258.8580253385,109.18076039179088,115.0,118.0,60.0,83.0,2,True
42033,"Clearfield, PA",42,PA,41.0002,-78.4741,2230847.6050559073,4746981.88755082,117.63799619577891,117.0,100.0,63.8,91.0,2,True
42037,"Columbia, PA",42,PA,41.0486,-76.4052,2404721.3694769577,4797871.955821789,104.09563061106091,101.0,101.0,64.0,97.0,5,True
42039,"Crawford, PA",42,PA,41.6848,-80.1063,2075357.1600141325,4790920.244321713,119.72340504195952,97.0,103.0,78.0,91.0,4,True
42041,"Cumberland, PA",42,PA,40.1637,-77.2651,2357598.556828144,4679293.607751542,100.05609410425758,97.0,60.0,40.6,106.0,10,True
42043,"Dauphin, PA",42,PA,40.4155,-76.7793,2391931.578993921,4718400.181833358,106.26553630269531,97.0,57.0,49.5,103.0,9,True
42047,"Elk, PA",42,PA,41.4252,-78.6492,2204405.479097467,4790845.804451719,124.4716281748881,98.0,96.0,132.8,84.0,6,False
42053,"Forest, PA",42,PA,41.5132,-79.2361,2152728.484033041,4788750.379559623,125.51054260785087,104.0,109.0,89.0,92.0,1,False
42055,"Franklin, PA",42,PA,39.9275,-77.7212,2325011.108134249,4642846.767106662,96.50623447890754,84.0,68.0,56.9,107.0,8,True
42057,"Fulton, PA",42,PA,39.9255,-78.1124,2291297.9200155316,4634264.866967528,93.10864184563212,75.0,73.0,41.0,97.0,5,True
42059,"Greene, PA",42,PA,39.8538,-80.2229,2111040.9936847948,4584095.478221563,84.74600966561432,117.0,91.0,33.6,115.0,1,True
42061,"Huntingdon, PA",42,PA,40.417,-77.9812,2288968.277279038,4692114.7732257405,105.74220204875996,116.0,106.0,37.4,102.0,4,True
42063,"Indiana, PA",42,PA,40.6521,-79.0875,2188113.9452121872,4695505.077222897,115.169338064908,111.0,102.0,47.6,96.0,3,True
42065,"Jefferson, PA",42,PA,41.1281,-78.9995,2182927.522367943,4750494.862057272,116.89576692269885,107.0,104.0,56.2,89.0,2,True
42067,"Juniata, PA",42,PA,40.5311,-77.402,2335269.8363925717,4717437.217123777,106.26976351337699,110.0,76.0,60.7,110.0,6,True
42069,"Lackawanna, PA",42,PA,41.437,-75.6092,2459781.1545095835,4860125.947219706,104.4811082919429,117.0,85.0,123.0,85.0,6,True
42071,"Lancaster, PA",42,PA,40.0424,-76.2477,2448818.187644478,4688783.813790617,99.19873988547934,119.0,105.0,87.7,118.0,10,True
42073,"Lawrence, PA",42,PA,40.9912,-80.3342,2073576.143051291,4709180.262144026,92.08180882140836,117.0,122.0,74.0,106.0,3,True
42075,"Lebanon, PA",42,PA,40.3672,-76.4577,2420941.486196566,4720344.26364083,98.86463605829763,113.0,78.0,73.9,116.0,8,True
42079,"Luzerne, PA",42,PA,41.1771,-75.9889,2435979.870426054,4821992.715488926,97.403606841417,102.0,92.0,81.0,89.0,4,True
42083,"Mckean, PA",42,PA,41.8078,-78.569,2200576.4866827913,4835223.029929593,125.78460408986084,101.0,97.0,59.0,96.0,-1,False
42085,"Mercer, PA",42,PA,41.3022,-80.2577,2072295.333445699,4745349.042055664,103.01586428781765,112.0,114.0,94.9,89.0,5,True
42087,"Mifflin, PA",42,PA,40.6104,-77.6171,2314626.9340589438,4721611.547547845,103.93437280519018,109.0,110.0,63.0,113.0,3,True
42093,"Montour, PA",42,PA,41.028,-76.6586,2383874.7863013037,4789734.973411744,100.54250334829739,111.0,112.0,75.4,108.0,8,True
42099,"Perry, PA",42,PA,40.3984,-77.2622,2351065.2948681787,4705658.704863816,99.19873988547934,101.0,59.0,40.1,103.0,8,True
42103,"Pike, PA",42,PA,41.3321,-75.0338,2511662.388891736,4862452.105430609,95.2865247570873,99.0,92.0,64.0,94.0,9,True
42105,"Potter, PA",42,PA,41.745,-77.8958,2258606.001695575,4842429.475985033,119.07646900789982,105.0,105.0,98.7,95.0,1,True
42107,"Schuylkill, PA",42,PA,40.7059,-76.216,2431304.361287562,4763906.516049308,99.15198075558041,102.0,74.0,55.0,95.0,4,True
42109,"Snyder, PA",42,PA,40.77,-77.0701,2356617.797620507,4751549.572980217,106.11585615022496,99.0,84.0,42.0,100.0,7,True
42111,"Somerset, PA",42,PA,39.9725,-79.0283,2211046.615300295,4620633.112020986,106.47123103619761,108.0,89.0,55.1,101.0,2,True
42113,"Sullivan, PA",42,PA,41.446,-76.5119,2383545.7268387005,4839850.488496336,108.07717611430527,96.0,91.0,72.0,96.0,1,True
42115,"Susquehanna, PA",42,PA,41.8214,-75.8008,2431420.8240984958,4898485.272212945,114.01311898658447,108.0,101.0,85.4,89.0,5,True
42117,"Tioga, PA",42,PA,41.7721,-77.2543,2311452.683872223,4859476.166829223,113.49777862434975,110.0,90.0,63.2,83.0,3,True
42119,"Union, PA",42,PA,40.963,-77.0621,2351604.259291385,4773328.366409046,106.81614353241095,112.0,98.0,58.4,101.0,8,True
42121,"Venango, PA",42,PA,41.401,-79.758,2111827.841289417,4765941.493470862,112.58886869154281,95.0,101.0,104.4,87.0,3,True
42123,"Warren, PA",42,PA,41.8147,-79.2741,2141515.7948765503,4821643.183470756,126.95666935827388,102.0,111.0,87.0,89.0,7,False
42125,"Washington, PA",42,PA,40.1894,-80.2482,2100658.0574130975,4621171.00450415,90.5000841433562,114.0,87.0,56.0,95.0,6,True
42131,"Wyoming, PA",42,PA,41.5184,-76.0165,2422947.472613547,4859506.488678478,111.45622731249169,104.0,84.0,99.4,84.0,7,True
42133,"York, PA",42,PA,39.9199,-76.7265,2411143.3916340107,4664027.07975395,101.89389820813514,77.0,72.0,56.9,110.0,9,True
44005,,44,,41.556,-71.2366,2823386.4369048337,4990184.131915455,135.74024590331024,,,,,-1,False
51141,"Patrick, VA",51,VA,36.6784,-80.2843,2180524.429676106,4226584.167787669,80.95064524466048,60.0,69.0,81.0,82.0,3,True
51143,"Pittsylvania, VA",51,VA,36.8213,-79.3971,2257564.2379228994,4259387.915666331,90.0761464904034,48.0,37.0,72.0,85.0,5,True
51155,"Pulaski, VA",51,VA,37.0636,-80.7143,2132970.2753493367,4262100.454793976,75.83563748605248,,83.0,80.0,122.0,4,True
51161,,51,VA,37.2693,-80.0679,2186424.0519701624,4297058.792643468,81.95012608971373,,,,,-1,False
51163,"Rockbridge, VA",51,VA,37.8146,-79.4475,2228926.4313680353,4370188.453227586,79.69150891169423,54.0,67.0,78.0,107.0,5,True
51167,"Russell, VA",51,VA,36.9338,-82.0956,2011327.0163655574,4223770.6008401625,88.20659946977345,60.0,60.0,,,1,False
51169,"Scott, VA",51,VA,36.7142,-82.603,1969977.911032228,4190927.5126281087,81.56018412909367,64.0,70.0,72.0,92.0,1,True
51173,"Smyth, VA",51,VA,36.8439,-81.537,2063573.1160233,4223031.040909846,80.64145378036827,,70.0,,103.0,2,False
51185,"Tazewell, VA",51,VA,37.125,-81.5606,2055476.4736021585,4254191.53010633,82.63018687128512,99.0,79.0,,91.0,1,False
51191,"Washington, VA",51,VA,36.7245,-81.9596,2027897.0084839724,4202524.735163646,81.08228890889946,99.0,69.0,71.0,112.0,3,True
51195,,51,VA,36.9752,-82.6212,1963174.1056665818,4219909.806488059,78.50638571161143,,,,,-1,False
51197,"Wythe, VA",51,VA,36.9171,-81.0786,2103367.7832922996,4239175.669678415,83.89951639297539,60.0,62.0,70.0,99.0,2,True
51005,,51,VA,37.7876,-80.007,2179678.709126196,4356457.238979151,83.65629853125105,,,,,-1,False
51035,,51,VA,36.7316,-80.7339,2138603.0951178353,4224426.331035749,80.64827240844421,,,,,-1,False
51031,"Campbell, VA",51,VA,37.2056,-79.0963,2275373.54129224,4308543.74947655,86.063181305399,48.0,40.0,62.0,94.0,7,True
51089,"Henry, VA",51,VA,36.6828,-79.8739,2217633.2546417983,4234700.718621611,81.47870968459759,,46.0,70.0,89.0,6,True
51121,"Montgomery, VA",51,VA,37.174,-80.3869,2159943.5584407877,4280444.94984195,74.25773088077189,87.0,70.0,92.0,122.0,4,True
51083,"Halifax, VA",51,VA,36.767,-78.9367,2300614.513009851,4262285.921871101,88.43110094942875,47.0,40.0,70.0,86.0,3,True
51077,,51,VA,36.6566,-81.225,2095780.8487812015,4207350.040889316,85.81148406863936,,,,,-1,False
51071,,51,VA,37.3141,-80.7037,2128297.685102267,4290439.312215261,82.49310467335829,,,,,-1,False
51067,"Franklin, VA",51,VA,36.9919,-79.881,2209755.9119865336,4269359.654865872,79.03654805214141,57.0,69.0,84.0,86.0,6,True
51063,"Floyd, VA",51,VA,36.9315,-80.3626,2167672.7978028953,4253622.400970111,74.24185464658554,,,,91.0,4,False
51051,,51,VA,37.1258,-82.3503,1984506.8503080541,4241148.972487418,84.91243962795355,,,,,-1,False
51045,"Craig, VA",51,VA,37.4813,-80.2123,2168525.0049250266,4318203.798989316,79.69150891169423,63.0,51.0,,,5,False
51037,"Charlotte, VA",51,VA,37.0116,-78.6616,2319433.391510107,4295360.8856391,86.94793034841602,40.0,55.0,79.0,99.0,2,True
51029,"Buckingham, VA",51,VA,37.5722,-78.5287,2317157.0943713533,4361215.367734213,78.10541836972718,24.0,34.0,50.0,93.0,3,True
51027,,51,VA,37.2666,-82.036,2009823.9792401136,4262091.790770616,84.15821065237992,,,,,-1,False
51023,"Botetourt, VA",51,VA,37.5571,-79.8123,2202554.531774687,4334231.524466104,84.60229764977227,52.0,54.0,84.0,95.0,8,True
51021,,51,VA,37.134,-81.1302,2093980.41563609,4262638.264320132,84.15821065237992,,,,,-1,False
51019,"Bedford, VA",51,VA,37.3152,-79.5242,2234198.8055922417,4312536.681262099,79.85706380745376,34.0,43.0,79.0,110.0,8,True
51017,"Bath, VA",51,VA,38.0587,-79.7411,2196850.092241088,4391958.826920258,87.7656174702396,60.0,61.0,,,5,False
51011,"Appomattox, VA",51,VA,37.3722,-78.8121,2296797.410051629,4332958.504589152,80.57839702638117,26.0,35.0,55.0,96.0,5,True
51009,"Amherst, VA",51,VA,37.6048,-79.1451,2261118.5896771513,4352513.699537334,81.53530307469919,,41.0,,,7,False
51105,"Lee, VA",51,VA,36.7055,-83.1285,1922700.7120930837,4181745.715614703,78.78243625389946,65.0,75.0,80.0,84.0,1,True
50015,,50,,44.6057,-72.6414,2590454.245020138,5289324.15736809,158.84970838916007,,,,,-1,False
50017,,50,,44.0056,-72.3769,2634631.638563171,5230215.5879377425,120.92930130054172,,,,,-1,False
50003,,50,,43.0355,-73.0929,2613383.1965998183,5102827.528808301,116.69823050844525,,,,,-1,False
50019,,50,,44.8288,-72.2438,2613123.196533678,5325010.018358659,168.97767055744973,,,,,-1,False
50023,,50,,44.2734,-72.6149,2605329.2481832835,5253282.16294045,133.35456118138734,,,,,-1,False
50013,,50,,44.7968,-73.2948,2531636.6530166944,5292740.590249827,166.7347852739633,,,,,-1,False
54081,,54,WV,37.7714,-81.2486,2069401.4975088637,4332119.299108781,94.5707569775792,,,,,-1,False
54079,"Putnam, WV",54,WV,38.5086,-81.909,1994917.6052724717,4403421.533950185,89.51957969284037,85.0,74.8,52.5,90.5,10,True
54077,"Preston, WV",54,WV,39.4693,-79.6681,2168560.87153547,4551625.2251442475,94.95732156847764,105.7,85.5,50.5,103.5,6,True
54075,"Pocahontas, WV",54,WV,38.3318,-80.0077,2166645.248085038,4417557.578650916,91.91956270309579,90.8,80.0,71.5,105.0,3,True
54073,"Pleasants, WV",54,WV,39.3709,-81.1606,2041263.6935484747,4512913.322591224,78.4667546843191,,77.1,61.5,90.5,8,True
54069,"Ohio, WV",54,WV,40.0969,-80.6189,2071075.6641444545,4603931.808758548,82.731219230093,108.0,88.2,44.0,80.5,9,True
54067,"Nicholas, WV",54,WV,38.2917,-80.7993,2097598.329708742,4398456.178821592,98.3634772482399,91.3,,,,5,False
54063,"Monroe, WV",54,WV,37.5604,-80.5505,2136433.5862651737,4320879.001059494,86.75480194972484,92.7,70.0,62.5,104.0,5,True
54061,,54,WV,39.6303,-80.0465,2131755.9995433167,4562405.043628126,92.32294057330951,,,,,-1,False
54059,,54,WV,37.7264,-82.1346,1991468.7129809738,4312017.699541472,87.64298066227586,,,,,-1,False
54055,"Mercer, WV",54,WV,37.4055,-81.1114,2089710.1210625747,4293456.3303919835,86.32002564266794,,,,97.5,5,False
54053,"Mason, WV",54,WV,38.7697,-82.0265,1979005.0328727663,4430682.310910272,86.15688147539393,85.9,72.0,52.5,92.0,6,True
54051,"Marshall, WV",54,WV,39.8606,-80.6634,2072883.561710166,4576680.613447632,81.24830644110418,102.4,87.0,46.5,75.0,9,True
54049,,54,WV,39.51,-80.2434,2117620.9237524504,4545219.294731185,82.91020709376427,,,,,-1,False
54047,,54,WV,37.3785,-81.6536,2041736.5200720183,4281059.706553643,91.39969517439884,,,,,-1,False
54045,,54,WV,37.8316,-81.9353,2006996.4841985293,4327124.448961865,88.86825185371785,,,,,-1,False
54043,"Lincoln, WV",54,WV,38.1753,-82.0705,1987756.9369948213,4363383.453193724,87.42586340539167,87.0,,,87.0,2,False
54039,,54,WV,38.3365,-81.5281,2032217.4880378724,4390633.21120964,89.90600307710031,,,,,-1,False
54035,"Jackson, WV",54,WV,38.8344,-81.6748,2008416.264693042,4443885.188301101,86.25672167778022,87.5,77.0,51.5,82.5,8,True
54029,,54,WV,40.5213,-80.5739,2064711.2025909922,4652213.458763375,92.41611871387163,,,,,-1,False
54025,"Greenbrier, WV",54,WV,37.9469,-80.4529,2136242.9282919397,4366063.744554127,89.06015808217234,88.2,75.0,60.0,112.0,6,True
54083,"Randolph, WV",54,WV,38.7748,-79.8758,2167562.057654661,4469769.550407038,95.31214421475646,93.8,83.8,64.5,105.0,5,True
54021,,54,WV,38.9241,-80.8571,2077990.4803917173,4468305.8891194295,83.08495037633983,,,,,-1,False
54019,,54,WV,38.0288,-81.0811,2078583.116817525,4363938.620839418,93.32201285188657,,,,,-1,False
54015,,54,WV,38.4626,-81.0751,2069372.4469892017,4412688.433304508,94.10414824340542,,,,,-1,False
54013,,54,WV,38.8445,-81.1175,2057008.4489766874,4454732.518157934,81.6268668548348,,,,,-1,False
54011,"Cabell, WV",54,WV,38.4203,-82.2417,1967496.0754061104,4387987.557889691,80.00896461814227,90.9,77.6,,,8,False
54009,"Brooke, WV",54,WV,40.2733,-80.5765,2070476.462502716,4624440.144937085,87.19825373436726,91.6,92.8,53.0,75.0,10,True
54007,,54,WV,38.6998,-80.7193,2095258.4270003007,4445661.592609358,86.86032907183035,,,,,-1,False
54005,,54,WV,38.0231,-81.7113,2022806.8842577622,4352370.623087726,89.7291626750707,,,,,-1,False
54103,,54,WV,39.6053,-80.6391,2081042.172966361,4548554.657297686,78.28411623719767,,,,,-1,False
54105,,54,WV,39.0224,-81.3786,2030158.1814677832,4470060.648386016,80.1073378524723,,,,,-1,False
54107,"Wood, WV",54,WV,39.2111,-81.515,2014045.8464418699,4488810.4274224555,87.47364243339904,98.7,71.5,49.0,80.0,10,True
54109,,54,WV,37.6096,-81.5491,2046131.943995404,4308769.744494957,91.10993738974491,,,,,-1,False
54001,,54,WV,39.1329,-80.003,2147699.53626258,4507503.484678199,87.21911429887724,,,,,-1,False
54091,,54,WV,39.336,-80.0461,2138991.4798721187,4529446.828337394,92.28337937194576,,,,,-1,False
54101,,54,WV,38.4947,-80.4219,2126212.1050060606,4428105.568614165,92.28139582936937,,,,,-1,False
54099,"Wayne, WV",54,WV,38.1461,-82.427,1956836.1019454831,4354248.000996495,79.04332457126372,90.0,84.0,44.5,88.5,6,True
54097,,54,WV,38.8978,-80.2334,2133225.1990249986,4476809.343814884,86.07259890199532,,,,,-1,False
54095,"Tyler, WV",54,WV,39.4653,-80.8849,2063023.9282159195,4528413.178626435,75.97458348923179,103.6,83.5,50.0,94.5,7,True
54093,"Tucker, WV",54,WV,39.1136,-79.565,2186428.338484275,4513754.738091714,94.0573477693737,95.0,,,,4,False
54089,"Summers, WV",54,WV,37.6559,-80.8586,2106743.170745532,4326047.839954723,86.93772028857902,93.2,,,,2,False
54087,,54,WV,38.714,-81.3483,2039703.8041534745,4436050.521054489,85.63646497593236,,,,,-1,False
54085,,54,WV,39.1783,-81.0629,2054172.1565690094,4493088.823679422,82.11779386452838,,,,,-1,False
42097,"Northumberland, PA",42,PA,40.852,-76.7091,2384888.338225625,4768884.695017719,98.28940531232797,112.0,85.0,67.2,90.0,2,True
23001,,23,,44.1654,-70.2045,2801586.274241735,5311298.545699644,164.52621426879747,,,,,-1,False
36085,,36,NY,40.5811,-74.1554,2611309.5859794472,4800527.708261306,79.77366765406745,,,,,-1,False
34017,,34,NJ,40.7368,-74.0784,2612607.8598334813,4819976.259777964,76.91674308652512,,,,,-1,False
36005,,36,NY,40.8497,-73.8673,2626735.958355661,4838121.168662715,76.29091002677715,,,,,-1,False
44001,,44,,41.7161,-71.2842,2813131.3567245146,5006688.550849189,128.51260202463718,,,,,-1,False
25007,,25,,41.3966,-70.6561,2878566.1350657647,4989605.530794103,190.65026379107445,,,,,-1,False
36063,"Niagara, NY",36,NY,43.2011,-78.7427,2147341.994596188,4986908.783289832,183.70567855263863,88.0,111.0,76.0,72.0,6,False
36117,"Wayne, NY",36,NY,43.1566,-77.0292,2288219.2627796074,5018846.469325943,134.01113820468734,89.0,109.0,81.0,93.0,8,False
36075,"Oswego, NY",36,NY,43.4261,-76.1412,2351907.416343043,5069244.276076522,146.14075615741223,97.0,102.0,77.0,92.0,6,False
36073,"Orleans, NY",36,NY,43.2522,-78.2312,2187509.9181855833,5003263.665672219,175.44477464452234,100.0,115.0,90.0,81.0,6,False
36055,"Monroe, NY",36,NY,43.1464,-77.6958,2234203.4864636925,5002969.451134866,140.79984742784325,95.0,109.0,73.0,82.0,9,False
23013,,23,,44.15,-69.173,2884369.007662403,5341721.831330013,217.56289365537893,,,,,-1,False
23023,,23,,43.9705,-69.8613,2837274.780579947,5300292.245565764,182.37039821692315,,,,,-1,False
23015,,23,,44.0752,-69.5431,2858162.2023728993,5321777.365797254,198.7947590066533,,,,,-1,False
33013,,33,,43.2977,-71.6802,2718390.7084207158,5171408.916885213,125.51826958129774,,,,,-1,False
34039,,34,NJ,40.66,-74.3086,2595553.9313178076,4805441.279096473,65.50042026697,,,,,-1,False
42051,"Fayette, PA",42,PA,39.9198,-79.6474,2159035.9303381406,4602485.983455607,97.45810768890995,118.0,84.0,51.3,108.0,1,True
42129,"Westmoreland, PA",42,PA,40.3107,-79.4668,2164602.404627659,4649769.3802836,102.37886802819094,114.0,103.0,60.0,92.0,7,True
25017,,25,,42.4855,-71.3918,2773984.3637566757,5089406.344784802,112.46147750870863,,,,,-1,False
09009,,09,,41.4108,-72.9324,2686113.81747051,4925924.293362365,115.26706399674981,,,,,-1,False
09005,,09,,41.7925,-73.2453,2646065.6724847355,4960127.687209764,110.12063870579776,,,,,-1,False
25027,,25,,42.3514,-71.9077,2736572.327557148,5059581.683845595,103.1222223695157,,,,,-1,False
25003,,25,,42.3706,-73.2064,2628405.587359061,5025705.334747164,112.15551703167806,,,,,-1,False
25011,,25,,42.5831,-72.5919,2671289.679179904,5066177.56813956,117.05691531928348,,,,,-1,False
25015,,25,,42.3401,-72.6638,2674425.2318763877,5037103.733160857,112.46147750870863,,,,,-1,False
25021,,25,,42.155,-71.2248,2800842.9350343086,5057443.622001128,123.59743675126997,,,,,-1,False
23021,,23,,45.838,-69.2835,2800561.747403674,5523909.311650282,285.53808036751735,,,,,-1,False
23025,,23,,45.5138,-69.9582,2762972.8014597297,5467420.339364453,220.16218246639002,,,,,-1,False
23003,,23,,46.6588,-68.5988,2814976.940571921,5635336.093388995,394.570322958945,,,,,-1,False
23017,,23,,44.499,-70.7555,2743846.0557632335,5331550.00752381,148.9847425651177,,,,,-1,False
23019,,23,,45.4006,-68.6494,2869217.654178495,5496136.849354804,308.0077328950946,,,,,-1,False
33003,,33,,43.8739,-71.2028,2733891.6423883517,5249187.269516116,137.71843717107708,,,,,-1,False
33011,,33,,42.9153,-71.716,2730478.822471893,5127872.634524349,121.36263017489283,,,,,-1,False
34031,,34,NJ,41.0337,-74.3003,2583657.831782356,4847531.6898789555,72.0229398652016,,,,,-1,False
36119,,36,NY,41.1631,-73.7561,2625335.150855276,4876143.690750915,82.68754596923836,,,,,-1,False
36115,"Washington, NY",36,NY,43.3137,-73.4307,2575669.659511104,5124689.080456538,120.88158980968542,101.0,110.0,87.0,111.0,6,False
36113,,36,NY,43.561,-73.846,2533070.0375499716,5141201.6317741005,133.35456118138734,,,,,-1,False
36035,"Fulton, NY",36,NY,43.1139,-74.4222,2502118.578468405,5076618.003430464,124.8831448153356,88.0,100.0,71.0,98.0,2,False
36031,"Essex, NY",36,NY,44.1172,-73.7727,2518839.278316967,5204843.993682939,139.08958116908877,84.0,105.0,75.0,100.0,3,False
36019,"Clinton, NY",36,NY,44.7462,-73.6781,2503310.171034626,5276987.4896643,182.44906237276774,110.0,119.0,100.0,110.0,5,False
36033,"Franklin, NY",36,NY,44.5929,-74.3038,2459444.120220636,5243803.739977361,175.71370025944995,87.0,109.0,86.0,108.0,1,False
36011,"Cayuga, NY",36,NY,42.9169,-76.5543,2334442.1039203843,5002972.546361828,130.6582566885663,104.0,112.0,86.0,99.0,5,False
36065,"Oneida, NY",36,NY,43.2418,-75.4359,2415213.3064100947,5065605.472701085,129.8032468331938,102.0,109.0,95.0,104.0,4,False
36043,"Herkimer, NY",36,NY,43.4196,-74.9626,2447657.238349962,5097012.215303968,130.9701830044198,83.0,99.0,86.0,95.0,1,False
36093,"Schenectady, NY",36,NY,42.8182,-74.0585,2542209.7294445834,5053055.417483513,124.85738541747435,85.0,86.0,78.0,98.0,8,False
36001,"Albany, NY",36,NY,42.6002,-73.9735,2556874.460892359,5030979.640461901,117.9246195901159,106.0,84.0,73.0,109.0,9,True
36039,"Greene, NY",36,NY,42.2766,-74.1227,2555883.3051474392,4991029.464365037,126.21258209866133,97.0,91.0,105.0,75.0,5,False
36111,"Ulster, NY",36,NY,41.8881,-74.2585,2558030.320096097,4944163.818654621,109.79936885290998,105.0,110.0,88.0,109.0,9,True
36027,"Dutchess, NY",36,NY,41.7652,-73.7428,2605408.9043877395,4943841.687959521,110.94402476057789,99.0,96.0,91.0,91.0,10,True
36021,"Columbia, NY",36,NY,42.2501,-73.6318,2597508.260650861,5000909.390995636,116.03747600493607,107.0,109.0,84.0,93.0,7,True
36083,"Rensselaer, NY",36,NY,42.7111,-73.5097,2591075.7200232926,5055535.549554861,111.48071679667328,113.0,106.0,107.0,101.0,8,True
36091,"Saratoga, NY",36,NY,43.1074,-73.8639,2547868.821581394,5090310.772675697,122.47364801764164,108.0,109.0,108.0,110.0,9,False
36089,"St Lawrence, NY",36,NY,44.4921,-75.0625,2402862.920273455,5213576.287556694,194.3273133453322,82.0,110.0,72.0,97.0,-1,False
42027,"Centre, PA",42,PA,40.919,-77.8196,2288608.6196240457,4751761.604356765,108.57540442353529,113.0,100.0,50.0,93.0,7,True
42081,"Lycoming, PA",42,PA,41.3433,-77.0645,2340124.5044480795,4815806.039068659,110.32621627130285,105.0,95.0,70.1,105.0,6,True
42127,"Wayne, PA",42,PA,41.6487,-75.3033,2478635.705724074,4891217.519872714,108.07717611430527,104.0,87.0,98.6,89.0,6,True
42049,"Erie, PA",42,PA,41.9917,-80.0322,2073704.7997791192,4826568.533185368,137.25193317929606,98.0,106.0,81.6,96.0,7,False
42035,"Clinton, PA",42,PA,41.2341,-77.6385,2294918.656750546,4790918.67023898,110.02265176987433,106.0,111.0,69.0,88.0,3,True
44007,,44,,41.8724,-71.5811,2782208.2560095023,5015508.184527785,109.92519279966247,,,,,-1,False
44009,,44,,41.4687,-71.6234,2794224.953677793,4969154.043586005,121.94382897039472,,,,,-1,False
50007,,50,,44.4609,-73.0809,2561176.099341841,5261324.967380817,151.3065258125701,,,,,-1,False
50001,,50,,44.0306,-73.1407,2572564.353175821,5212045.389902235,122.472786642177,,,,,-1,False
50021,,50,,43.5801,-73.0366,2597750.6593573494,5164879.260190303,124.65861420603926,,,,,-1,False
50025,,50,,42.9906,-72.7138,2646015.915461198,5108180.786715212,117.9246195901159,,,,,-1,False
50011,,50,,44.8574,-72.912,2559468.1737748743,5309753.311161299,184.63962685112537,,,,,-1,False
25009,,25,,42.6729,-70.9581,2802244.3096188596,5123036.337441782,134.54328193387724,,,,,-1,False
25023,,25,,41.9547,-70.8129,2843090.9672633475,5047291.608587099,138.47309087194978,,,,,-1,False
25013,,25,,42.1351,-72.6316,2684716.462175656,5015123.784183707,113.0503498397464,,,,,-1,False
44003,,44,,41.6719,-71.5943,2788850.6195097924,4992720.748428013,122.54230658264859,,,,,-1,False
33015,,33,,42.9877,-71.1251,2775912.726694887,5153119.477647996,137.7552237977486,,,,,-1,False
23031,,23,,43.4796,-70.7156,2789205.582158144,5219908.904292859,151.333827710104,,,,,-1,False
23005,,23,,43.8487,-70.4096,2798532.764681321,5270027.188499742,157.6047469659056,,,,,-1,False
23007,,23,,44.974,-70.444,2748395.071961511,5393279.822923371,180.19348155097694,,,,,-1,False
34003,,34,NJ,40.9599,-74.0743,2605353.003485105,4845085.7431920795,71.04598784882818,,,,,-1,False
09011,,09,,41.4893,-72.1004,2753285.81223097,4957822.88974658,126.76599513021316,,,,,-1,False
25025,,25,,42.3308,-71.0818,2805731.6150662806,5081262.3582985755,123.89082011934816,,,,,-1,False
23027,,23,,44.5037,-69.1478,2870706.7702431106,5381549.775704076,226.76439913970515,,,,,-1,False
23009,,23,,44.6749,-68.3531,2925585.0086609214,5426042.868049262,285.7877094383988,,,,,-1,False
36059,,36,NY,40.7411,-73.5885,2654256.1861895006,4833277.70019783,94.07506384367228,,,,,-1,False
34013,,34,NJ,40.7872,-74.2471,2596515.143766413,4821277.989497358,67.10355419346911,,,,,-1,False
25001,,25,,41.7257,-70.2982,2895369.5456654285,5037261.493545218,188.147095286712,,,,,-1,False
23011,,23,,44.4093,-69.7672,2825866.4690281856,5351690.924092021,183.13818701326494,,,,,-1,False
09007,,09,,41.4624,-72.534,2717787.0299957884,4942660.981949202,118.42017537740001,,,,,-1,False
09001,,09,,41.2731,-73.3887,2652544.4140084903,4898194.152716647,95.15973564610204,,,,,-1,False
33007,,33,,44.6893,-71.3057,2692563.1691822745,5336365.640566863,151.333827710104,,,,,-1,False
50005,,50,,44.4647,-72.1022,2638614.0183540857,5288739.312722595,141.8828462688284,,,,,-1,False
21151,"Madison, KY",21,KY,37.7202,-84.278,1800972.9785888926,4278323.706111967,70.24059246687933,65.0,80.0,61.0,96.0,7,True
21153,"Magoffin, KY",21,KY,37.7066,-83.0648,1909081.3846744185,4294890.060740958,75.2761040371226,95.0,90.0,63.0,84.0,1,True
21155,"Marion, KY",21,KY,37.5525,-85.2696,1715724.7742007852,4245927.64178688,71.63763799155305,80.0,90.0,85.0,99.0,5,True
21157,"Marshall, KY",21,KY,36.8834,-88.3293,1452417.3901043856,4135523.8441629405,81.10655473897009,85.0,93.0,61.0,89.0,8,True
21159,,21,KY,37.8016,-82.5132,1956240.9215305634,4314264.266437795,79.93056054474077,,,,,-1,False
21161,"Mason, KY",21,KY,38.5952,-83.824,1824911.7444177633,4382768.358155981,75.92572127738642,90.0,88.0,72.0,109.0,6,True
21163,"Meade, KY",21,KY,37.9695,-86.2169,1625023.1372122758,4280375.760205098,79.67508840573542,100.0,98.0,73.0,119.0,8,True
21165,"Menifee, KY",21,KY,37.9414,-83.5989,1857139.0025673665,4313012.912570611,69.61030444547063,99.0,90.0,71.0,74.0,2,True
21167,"Mercer, KY",21,KY,37.8111,-84.8744,1746442.12973969,4280146.981836621,71.24470564870197,85.0,85.0,68.0,89.0,8,True
21169,"Metcalfe, KY",21,KY,36.9905,-85.6291,1692788.4322988582,4178442.0053458256,73.63152748532215,59.0,88.0,59.0,91.0,2,True
21171,"Monroe, KY",21,KY,36.7122,-85.7164,1689367.278516604,4146227.113811409,72.97552943739916,70.0,84.0,70.0,92.0,3,True
21173,"Montgomery, KY",21,KY,38.0336,-83.9132,1827582.7490935065,4318658.338047529,66.71023352920379,80.0,87.0,59.0,93.0,6,True
21175,"Morgan, KY",21,KY,37.9223,-83.2589,1887641.4117205397,4316038.813567916,70.02006023610032,80.0,88.0,64.0,96.0,2,True
21177,"Muhlenberg, KY",21,KY,37.2157,-87.1421,1554084.4212332154,4185315.8619271377,83.69404963530494,92.0,104.0,69.0,113.0,5,True
21179,"Nelson, KY",21,KY,37.8051,-85.4662,1694084.7119394587,4271558.904774121,71.95445600576635,81.0,90.0,62.0,111.0,9,True
21181,"Nicholas, KY",21,KY,38.3356,-84.0153,1812963.2434553197,4350929.830017935,72.92334430040948,65.0,72.0,54.0,89.0,5,True
21183,"Ohio, KY",21,KY,37.4783,-86.849,1576412.0399904347,4217982.248983597,83.14160437363418,100.0,112.0,102.0,119.0,5,True
21185,"Oldham, KY",21,KY,38.3995,-85.4485,1685779.6848483195,4338166.526369234,67.12338437193306,110.0,123.0,82.0,119.0,10,True
21187,"Owen, KY",21,KY,38.5197,-84.828,1738200.7434143776,4359951.98582782,62.54322486624399,95.0,100.0,67.0,94.0,7,True
21189,"Owsley, KY",21,KY,37.4192,-83.6832,1859454.7184428165,4253314.177627544,75.25444172329354,60.0,82.0,50.0,70.0,1,True
21191,"Pendleton, KY",21,KY,38.6957,-84.3602,1776051.8940493832,4386184.988585311,67.73168903411002,94.0,101.0,69.0,91.0,8,True
21193,,21,KY,37.2443,-83.2215,1904043.955509331,4240696.363055733,77.10725187635693,,,,,-1,False
21195,,21,KY,37.469,-82.3958,1973466.514528156,4278891.054246804,84.35311072920753,,,,,-1,False
21197,"Powell, KY",21,KY,37.8312,-83.8238,1839267.2112568878,4297335.824353391,68.16619637385202,90.0,100.0,55.0,99.0,4,True
21199,"Pulaski, KY",21,KY,37.1039,-84.5771,1785177.333188007,4205176.813935839,78.52555382475671,77.0,88.0,80.0,109.0,5,True
21201,"Robertson, KY",21,KY,38.5188,-84.0521,1806324.4244544602,4370870.191843533,65.03958815732817,74.0,70.0,69.0,84.0,6,True
21203,"Rockcastle, KY",21,KY,37.3652,-84.316,1803938.6273394527,4238076.07922293,72.75642342557398,75.0,90.0,83.0,90.0,2,True
21205,"Rowan, KY",21,KY,38.1963,-83.4211,1867990.8435342112,4344218.505409175,69.95259914822499,80.0,100.0,86.0,87.0,3,True
21207,"Russell, KY",21,KY,36.9911,-85.0586,1743933.6817180782,4185988.520998183,79.32666419227887,75.0,93.0,75.0,97.0,4,True
21209,"Scott, KY",21,KY,38.2915,-84.5839,1763694.4135903213,4337855.6254640715,64.11428863645551,80.0,82.0,53.0,89.0,10,True
21211,"Shelby, KY",21,KY,38.2155,-85.1948,1711201.8085707286,4320988.555838724,67.93307856877668,95.0,101.0,78.0,119.0,10,True
21213,"Simpson, KY",21,KY,36.7419,-86.5823,1611052.3921963284,4138921.2087316522,83.78704965256814,85.0,115.0,30.0,122.0,7,True
21215,"Spencer, KY",21,KY,38.0325,-85.3279,1702544.1196876888,4298777.30874071,69.28692001374066,85.0,88.0,67.0,94.0,8,True
21217,"Taylor, KY",21,KY,37.3664,-85.3279,1713615.5420627235,4224362.18982303,75.2342097515414,73.0,97.0,62.0,105.0,7,True
21219,"Todd, KY",21,KY,36.8356,-87.1791,1556128.474572163,4142488.951357342,83.07749469824174,88.0,111.0,50.0,126.0,6,True
21221,"Trigg, KY",21,KY,36.8064,-87.8734,1494259.245126775,4131656.420296725,86.43480356040222,90.0,95.0,60.0,123.0,6,True
21223,"Trimble, KY",21,KY,38.613,-85.3374,1691933.144136849,4363470.22364886,67.321949975554,105.0,111.0,59.0,99.0,8,True
21225,"Union, KY",21,KY,37.6584,-87.9453,1476583.255763793,4225882.430244672,80.06683683134601,125.0,131.0,96.0,139.0,9,True
21227,"Warren, KY",21,KY,36.9936,-86.4239,1621525.2288957073,4168914.773176537,87.8197226221575,80.0,105.0,58.0,111.0,9,True
21229,"Washington, KY",21,KY,37.7534,-85.1747,1720792.3489245102,4269637.926218361,70.99801638197253,75.0,86.0,58.0,96.0,6,True
21231,"Wayne, KY",21,KY,36.8013,-84.8285,1767793.8391121007,4167869.1539838607,78.27356494689735,72.0,92.0,71.0,124.0,1,True
21233,"Webster, KY",21,KY,37.5183,-87.6832,1501718.0329246423,4213069.446586536,79.44761803009959,108.0,124.0,94.0,135.0,7,True
21235,"Whitley, KY",21,KY,36.7582,-84.1452,1830052.1527431745,4172581.3399209958,85.37945443873723,80.0,80.0,68.0,70.0,2,True
21237,"Wolfe, KY",21,KY,37.7393,-83.4931,1870364.535341859,4291990.145098407,70.64443549592767,78.0,92.0,57.0,98.0,1,True
21239,"Woodford, KY",21,KY,38.0423,-84.7435,1754012.9296723614,4307785.272919925,69.41811255176307,100.0,109.0,75.0,119.0,10,True
21129,"Lee, KY",21,KY,37.5947,-83.7163,1853230.8552091455,4272465.184722315,73.25569114374288,76.0,85.0,68.0,84.0,1,True
21075,"Fulton, KY",21,KY,36.5541,-89.1873,1379414.4081099988,4090514.807942357,83.05506107206827,102.0,120.0,96.0,130.0,4,True
21001,"Adair, KY",21,KY,37.1041,-85.2805,1722174.7276818068,4195671.586080733,73.97925685206556,65.0,81.0,55.0,87.0,3,True
21003,"Allen, KY",21,KY,36.7513,-86.1904,1646133.392759325,4144687.1032087463,81.15037092144512,70.0,83.0,60.0,99.0,4,True
21005,"Anderson, KY",21,KY,38.004,-84.9909,1732808.929226533,4300113.588511701,68.7908626602874,85.0,88.0,65.0,118.0,10,True
21007,"Ballard, KY",21,KY,37.0584,-88.9992,1390384.8146148329,4148453.7048709565,79.5791955843542,110.0,105.0,67.0,119.0,5,True
21009,"Barren, KY",21,KY,36.9656,-85.9336,1665885.7213130568,4171802.7701019216,73.57725018900268,65.0,88.0,65.0,97.0,6,True
21011,"Bath, KY",21,KY,38.1449,-83.7428,1840562.2921505687,4333626.265216441,65.16108344654657,81.0,91.0,49.0,94.0,3,True
21013,,21,KY,36.7307,-83.674,1873016.4858402149,4176353.508536602,83.22993663456944,,,,,-1,False
21015,"Boone, KY",21,KY,38.97,-84.7279,1738977.3119884564,4411627.167277591,68.3723320011109,97.0,101.0,60.0,101.0,10,True
21017,"Bourbon, KY",21,KY,38.2068,-84.2171,1797549.258516279,4333603.261569122,62.548963481578916,60.0,93.0,50.0,114.0,8,True
21019,"Boyd, KY",21,KY,38.3596,-82.6877,1929450.3138658826,4373945.158964327,81.63701263222057,85.0,,,,9,False
21021,"Boyle, KY",21,KY,37.6244,-84.8667,1750339.7909613608,4259385.604450273,72.9842810841979,72.0,83.0,73.0,94.0,8,True
21023,"Bracken, KY",21,KY,38.6888,-84.0901,1799830.9591146915,4389314.280405473,68.9941774831283,102.0,104.0,58.0,109.0,6,True
21025,"Breathitt, KY",21,KY,37.5216,-83.3241,1889563.9997708432,4270183.855667878,77.113749956325,75.0,83.0,67.0,74.0,1,True
21027,"Breckinridge, KY",21,KY,37.7732,-86.4293,1609258.2325866164,4255873.524794677,83.04538561914639,87.0,88.0,72.0,102.0,4,True
21029,"Bullitt, KY",21,KY,37.97,-85.6959,1671056.3386966866,4286994.918793939,76.47420746820856,85.0,88.0,55.0,99.0,10,True
21031,"Butler, KY",21,KY,37.2074,-86.6816,1595303.804729285,4189713.4846562315,84.9408747708806,85.0,98.0,90.0,118.0,4,True
21033,"Caldwell, KY",21,KY,37.1453,-87.8679,1490279.4802221009,4169503.1636515707,76.60041437167904,85.0,107.0,68.0,105.0,4,True
21035,"Calloway, KY",21,KY,36.6211,-88.2723,1460836.197344801,4106862.8854934303,81.78376933116972,90.0,98.0,45.0,109.0,5,True
21037,"Campbell, KY",21,KY,38.9465,-84.3793,1769797.4611390217,4413927.002323406,72.9920238000408,80.0,90.0,52.0,79.0,10,True
21039,"Carlisle, KY",21,KY,36.8532,-88.9709,1395341.976482659,4125863.507947485,73.7514740312819,108.0,106.0,75.0,124.0,5,True
21041,"Carroll, KY",21,KY,38.6679,-85.1235,1709724.199221648,4372465.710242329,64.11428863645551,105.0,105.0,69.0,99.0,6,True
21043,"Carter, KY",21,KY,38.3181,-83.0495,1898392.1227768764,4363577.864646163,76.0152253532206,95.0,93.0,74.0,95.0,4,True
21045,"Casey, KY",21,KY,37.3223,-84.9283,1750014.0968719567,4224775.849930416,73.78418015721742,70.0,89.0,60.0,84.0,2,True
21047,"Christian, KY",21,KY,36.8941,-87.4904,1527414.0608778,4145558.672294511,83.90128955085378,85.0,98.0,54.0,118.0,7,True
21049,"Clark, KY",21,KY,37.9709,-84.1475,1808004.141938196,4308232.928309135,64.44103251725831,95.0,96.0,50.0,119.0,9,True
21051,"Clay, KY",21,KY,37.1598,-83.7146,1861460.4635891365,4223808.685009057,78.29260202876904,85.0,91.0,62.0,94.0,1,True
21107,"Hopkins, KY",21,KY,37.3088,-87.541,1517224.5378399743,4191257.0354733933,80.60462006954798,101.0,106.0,85.0,112.0,8,True
21055,"Crittenden, KY",21,KY,37.3527,-88.0972,1467119.9584412258,4190215.4024202805,77.82490778055313,82.0,95.0,73.0,101.0,5,True
21057,"Cumberland, KY",21,KY,36.7866,-85.3884,1717680.9524506228,4158764.815111113,73.59470053325528,75.0,74.0,62.0,80.0,1,True
21059,"Daviess, KY",21,KY,37.7318,-87.0873,1551583.8130306206,4243510.639822615,78.76858725108262,115.0,121.0,94.0,133.0,9,True
21061,"Edmonson, KY",21,KY,37.2087,-86.2385,1634849.701784664,4195181.0164529,85.69344613385614,65.0,86.0,55.0,88.0,3,True
21063,"Elliott, KY",21,KY,38.1179,-83.0976,1898101.3551625772,4340424.044519902,73.80121801275578,88.0,91.0,86.0,91.0,2,True
21065,"Estill, KY",21,KY,37.6924,-83.9643,1829355.8800333554,4279745.006303199,68.28785006122398,77.0,78.0,66.0,79.0,3,True
21067,"Fayette, KY",21,KY,38.0423,-84.4588,1779177.0649317945,4311767.155554168,65.16108344654657,95.0,91.0,52.0,122.0,10,True
21069,"Fleming, KY",21,KY,38.3701,-83.6967,1840366.3054676957,4359498.740952156,69.63116636120678,90.0,96.0,65.0,94.0,5,True
21071,"Floyd, KY",21,KY,37.5572,-82.7457,1940455.6048834359,4283165.280393714,78.10573497172362,75.0,75.0,,,3,False
21073,"Franklin, KY",21,KY,38.2391,-84.877,1738798.2451353215,4327933.931942436,67.86047705817445,85.0,90.0,63.0,90.0,10,True
21077,"Gallatin, KY",21,KY,38.7569,-84.8592,1731295.2662027853,4386011.435222577,66.03637974041096,105.0,106.0,60.0,97.0,7,True
21079,"Garrard, KY",21,KY,37.6396,-84.5376,1779335.5636169543,4265638.856936055,70.91546283540559,60.0,70.0,75.0,101.0,7,True
21081,"Grant, KY",21,KY,38.6488,-84.6245,1753753.5140366873,4377202.900751602,63.327281285090656,85.0,101.0,75.0,85.0,9,True
21083,"Graves, KY",21,KY,36.723,-88.6512,1425554.3416795325,4114440.541851792,81.00758771157209,97.0,99.0,70.0,114.0,7,True
21085,"Grayson, KY",21,KY,37.4608,-86.3439,1621603.490391838,4222041.266577822,83.10135355832341,70.0,95.0,81.0,96.0,4,True
21087,"Green, KY",21,KY,37.2639,-85.5531,1695191.7154964788,4209969.997069915,80.48680369787412,65.0,93.0,79.0,101.0,5,True
21089,"Greenup, KY",21,KY,38.5456,-82.9223,1905045.2152761712,4391030.274063885,83.9186430120796,85.0,85.0,58.0,84.0,9,True
21091,"Hancock, KY",21,KY,37.8415,-86.778,1577362.1384457864,4259334.541546475,82.74028179603636,105.0,114.0,96.0,114.0,9,True
21093,"Hardin, KY",21,KY,37.6979,-85.9635,1651720.5074623327,4253212.36543041,79.88727158882014,70.0,90.0,67.0,100.0,9,True
21095,,21,KY,36.857,-83.2179,1911757.5925623109,4197357.787289775,84.72738979976184,,,,,-1,False
21097,"Harrison, KY",21,KY,38.4418,-84.3315,1783195.1728003612,4358226.516199784,62.41921764156006,70.0,90.0,64.0,109.0,7,True
21105,"Hickman, KY",21,KY,36.6781,-88.9761,1396940.4153364059,4106306.9346340727,79.86152134999553,115.0,113.0,87.0,132.0,6,True
21103,"Henry, KY",21,KY,38.4484,-85.1189,1713902.7046665538,4348018.678450057,68.3723320011109,100.0,104.0,64.0,101.0,8,True
21101,"Henderson, KY",21,KY,37.7961,-87.5729,1507688.6253194523,4245242.692910279,76.86364070249309,110.0,118.0,90.0,128.0,9,True
21099,"Hart, KY",21,KY,37.2999,-85.8847,1665016.438564199,4209758.780854574,81.1555415582823,65.0,82.0,59.0,92.0,3,True
21125,"Laurel, KY",21,KY,37.1107,-84.1178,1826218.3109036167,4212431.612353999,82.25323266838144,75.0,81.0,64.0,84.0,5,True
21053,"Clinton, KY",21,KY,36.7275,-85.1361,1741347.0887519247,4155478.146347686,77.2069382663319,65.0,75.0,50.0,84.0,1,True
26143,"Roscommon, MI",26,MI,44.3356,-84.6116,1647242.2034721535,5010908.0329231415,91.29799064289047,80.0,,66.7,75.0,1,False
26145,"Saginaw, MI",26,MI,43.335,-84.0532,1712338.0634030811,4907827.179979445,102.3430599642964,106.5,111.4,99.6,123.3,7,True
26149,"St Joseph, MI",26,MI,41.9145,-85.5278,1618277.4743156652,4728977.232244138,90.8876833825149,105.0,119.0,100.0,120.9,-1,True
26155,"Shiawassee, MI",26,MI,42.9537,-84.1467,1712440.773946175,4864025.920323285,104.82566151340446,97.4,87.7,62.9,93.8,8,True
26161,"Washtenaw, MI",26,MI,42.2534,-83.8384,1751937.7611161587,4790681.10221518,102.60877119929657,103.0,83.2,62.0,107.8,10,True
28005,"Amite, MS",28,MS,31.1744,-90.8045,1282207.9345595955,3478012.1820065733,92.49897980231991,68.0,75.0,53.0,60.0,3,True
28007,"Attala, MS",28,MS,33.0863,-89.5817,1380566.4585695968,3700580.582488854,97.90782436009245,79.0,80.0,60.0,55.0,3,True
28009,"Benton, MS",28,MS,34.8173,-89.1885,1398830.3256070768,3896979.472916946,92.38898590673602,76.0,90.0,64.0,72.2,4,True
28001,"Adams, MS",28,MS,31.4832,-91.3531,1227298.5317260472,3508595.1130752256,98.86287892772593,70.0,95.0,52.0,63.5,5,True
28161,"Yalobusha, MS",28,MS,34.0282,-89.7076,1359259.5014013718,3804480.9856947516,95.00456982402669,68.0,75.0,54.5,64.7,4,True
28159,"Winston, MS",28,MS,33.0885,-89.0344,1431915.129424802,3705616.098763212,99.11177293973223,68.0,65.0,55.5,61.0,7,True
28157,"Wilkinson, MS",28,MS,31.161,-91.3109,1233840.0243796622,3473019.9737326796,98.39172203985127,76.0,75.0,53.0,70.0,1,True
28155,"Webster, MS",28,MS,33.6131,-89.2848,1402902.003330921,3761881.091339008,94.53531555978842,72.0,76.0,,,5,False
28153,"Wayne, MS",28,MS,31.6408,-88.6958,1479440.9356195375,3547134.8747603414,110.30578807743585,65.0,70.0,52.0,80.0,4,True
28151,,28,MS,33.2836,-90.9474,1250811.1877306718,3711797.941638289,105.0384708025441,,,,,-1,False
28149,"Warren, MS",28,MS,32.3573,-90.8521,1267722.946197942,3609377.4731194205,101.62239009591464,76.0,85.0,51.0,72.0,10,True
28147,"Walthall, MS",28,MS,31.1485,-90.1061,1349338.7691673464,3480329.074001081,99.05157388991644,74.8,72.0,58.0,62.5,2,True
28145,"Union, MS",28,MS,34.4905,-89.0038,1419461.2762070163,3862239.113766421,88.9482957435711,84.0,78.0,68.0,70.4,9,True
28143,"Tunica, MS",28,MS,34.652,-90.3755,1291375.924877372,3868470.933975728,106.32914191423319,,77.0,68.0,90.0,1,True
28141,"Tishomingo, MS",28,MS,34.7404,-88.2393,1487054.0856107776,3897445.9811440026,94.62748405394342,75.0,72.0,62.0,68.2,5,True
28139,"Tippah, MS",28,MS,34.7684,-88.9089,1425088.408628188,3894102.794762927,97.56743118200599,80.0,75.0,68.0,60.0,6,True
28137,"Tate, MS",28,MS,34.6503,-89.9448,1331026.8648346984,3871786.58468376,96.66302782670412,70.0,76.0,59.0,75.0,9,True
28135,"Tallahatchie, MS",28,MS,33.9505,-90.1732,1316826.9191026413,3791973.8320542583,101.50999021915702,70.0,75.0,58.5,75.0,2,True
28133,,28,MS,33.6023,-90.5886,1281466.8450329895,3749945.0259745894,103.80753746371468,,,,,-1,False
28131,"Stone, MS",28,MS,30.79,-89.1177,1447728.7183150952,3448428.1973711294,111.9150636169004,,85.0,54.0,85.7,8,True
28129,"Smith, MS",28,MS,32.0177,-89.5067,1398325.2305913067,3582078.1972276224,93.31917861630555,76.0,65.5,51.0,70.0,8,True
28127,"Simpson, MS",28,MS,31.9132,-89.9195,1360102.2293357537,3567031.538063618,101.25193019564117,75.0,72.0,58.0,72.0,8,True
28125,,28,MS,32.8797,-90.8132,1266888.3830974377,3667818.0822562454,103.4640383493335,,,,,-1,False
28123,"Scott, MS",28,MS,32.4064,-89.5376,1391538.7598132023,3625158.493285532,97.52027718910249,68.0,80.0,,,5,False
28121,"Rankin, MS",28,MS,32.2641,-89.9457,1354300.5326534198,3605928.7231713375,98.2286787883102,72.0,81.0,56.0,70.0,10,True
28119,"Quitman, MS",28,MS,34.2514,-90.2891,1303191.8636063202,3824554.173606593,97.08559573819642,75.0,78.0,68.5,70.0,2,True
28117,"Prentiss, MS",28,MS,34.6183,-88.5201,1462629.3750343956,3881063.3687244407,92.39133786488881,72.0,80.0,62.0,67.8,6,True
28115,"Pontotoc, MS",28,MS,34.2254,-89.0374,1419289.8667136966,3832373.5989057943,93.94894513983112,73.0,76.0,64.0,71.4,9,True
28111,"Perry, MS",28,MS,31.172,-88.9923,1455939.0165859833,3492152.5832983833,106.79870962324854,75.0,75.0,55.0,70.0,4,True
28107,"Panola, MS",28,MS,34.3639,-89.9505,1333380.7066130717,3839839.162658383,99.97934301293759,75.0,95.0,58.0,75.2,6,True
28105,"Oktibbeha, MS",28,MS,33.425,-88.8793,1442804.4180974357,3744562.239662798,97.74602361343632,68.0,75.0,61.0,68.3,7,True
28103,"Noxubee, MS",28,MS,33.1101,-88.5698,1475307.869070236,3712312.5311838016,98.62986976057758,88.0,80.0,65.0,64.8,2,True
28101,"Newton, MS",28,MS,32.4002,-89.1188,1431225.0501344223,3628086.1037642797,95.34727959630621,70.0,75.0,53.5,60.0,8,True
28099,"Neshoba, MS",28,MS,32.7535,-89.1176,1427641.62476712,3667506.00983397,100.8701406320343,60.0,66.0,56.0,57.5,7,True
28097,"Montgomery, MS",28,MS,33.4941,-89.6164,1373187.3645551126,3745738.325203796,97.33383270914581,82.0,85.0,59.0,70.0,3,True
28095,"Monroe, MS",28,MS,33.8923,-88.4804,1474757.2197326017,3800452.6323684994,97.7697428508036,80.0,70.0,55.0,70.5,8,True
28093,"Marshall, MS",28,MS,34.7623,-89.5031,1370502.0283963946,3888042.7178277336,92.83726657484267,75.0,86.0,62.0,75.0,7,True
28091,"Marion, MS",28,MS,31.2308,-89.8224,1375769.6423121486,3491742.1871615383,94.56376789833148,66.0,68.0,56.0,64.5,4,True
19045,"Clinton, IA",19,IA,41.898,-90.532,1202692.42344533,4673263.114741171,100.61882464684311,135.1,109.3,53.3,122.2,7,True
19047,"Crawford, IA",19,IA,42.0372,-95.3821,799472.1392098542,4660242.143111721,97.09688601129935,126.9,127.1,103.7,122.6,3,True
19049,"Dallas, IA",19,IA,41.6849,-94.0398,912872.4187408998,4626693.01651914,92.46123955663494,132.1,140.0,88.2,139.5,10,True
19051,"Davis, IA",19,IA,40.7477,-92.4097,1056544.4511647667,4531692.208089978,87.49254507888337,108.4,92.9,52.5,66.0,1,True
19053,"Decatur, IA",19,IA,40.7377,-93.7863,940304.5776822746,4522732.985298861,87.62175275156098,117.4,108.0,39.3,84.8,1,True
19197,"Wright, IA",19,IA,42.7331,-93.7352,931026.272178482,4744634.5800327705,94.82106509995758,150.4,143.2,111.3,148.7,6,True
19191,"Winneshiek, IA",19,IA,43.2906,-91.8436,1080639.3688329062,4818018.072541252,99.37764234838146,139.3,134.3,69.1,120.9,6,True
19193,"Woodbury, IA",19,IA,42.3897,-96.0449,743245.4315162438,4697276.57699921,96.51621443318457,114.2,121.4,79.9,111.9,7,True
19195,"Worth, IA",19,IA,43.3774,-93.2609,964955.7525727805,4818746.673470199,98.43124711046319,141.6,135.0,98.9,130.0,4,True
19105,"Jones, IA",19,IA,42.1212,-91.1314,1150624.6088255453,4693297.310524719,101.31181768225072,145.3,124.2,49.9,109.0,6,True
19187,"Webster, IA",19,IA,42.4278,-94.1818,896390.3659677831,4708534.616628304,96.78942973174686,143.3,144.8,94.1,149.9,6,True
19189,"Winnebago, IA",19,IA,43.3775,-93.7342,926604.1432826719,4816220.386178839,97.56056679000973,142.6,139.4,118.6,129.2,5,True
17077,"Jackson, IL",17,IL,37.7852,-89.3821,1347872.4261284196,4225818.651268034,87.42032094641746,94.0,117.0,82.0,111.0,1,True
17081,"Jefferson, IL",17,IL,38.3005,-88.924,1382071.9916928262,4287508.232485788,89.99037376757386,95.0,108.0,75.0,97.0,3,True
17083,"Jersey, IL",17,IL,39.0856,-90.3566,1248125.0033529971,4362004.100473663,96.51194661046402,142.0,136.0,93.0,119.0,7,True
17085,"Jo Daviess, IL",17,IL,42.3657,-90.2123,1223851.3731647958,4727941.900714739,102.83894960054904,127.0,118.0,52.0,123.0,7,True
17087,"Johnson, IL",17,IL,37.4596,-88.8809,1396117.2573103025,4194274.6820376045,76.55739424675424,67.0,96.0,64.0,99.0,3,True
17089,"Kane, IL",17,IL,41.939,-88.4287,1376842.7405556631,4697393.115892143,105.84696722484361,133.0,142.0,105.0,144.0,10,True
17091,"Kankakee, IL",17,IL,41.1377,-87.8618,1435561.9795667324,4614275.150885374,104.24582613680998,122.0,129.0,47.0,138.0,8,True
17093,"Kendall, IL",17,IL,41.5906,-88.4289,1381643.437688836,4658639.805027256,103.54139403460482,127.0,139.0,86.0,149.0,10,True
17075,"Iroquois, IL",17,IL,40.7474,-87.8243,1444340.9737532358,4571246.817497959,105.00019266363005,119.0,137.0,61.0,138.0,6,True
17099,"La Salle, IL",17,IL,41.3439,-88.8859,1346725.0746258579,4626578.032316488,100.84750927852225,135.0,133.0,77.0,136.0,7,True
17101,"Lawrence, IL",17,IL,38.72,-87.7266,1481381.7203773612,4346536.0896728905,81.33484914140574,115.0,129.0,78.0,113.0,2,True
17073,"Henry, IL",17,IL,41.3531,-90.1314,1242241.071811232,4616072.109648687,98.59826294771294,137.0,125.0,63.0,103.0,6,True
17105,"Livingston, IL",17,IL,40.8914,-88.5578,1380330.33416805,4579531.752380031,106.23008924164711,125.0,116.0,42.0,146.0,8,True
17107,"Logan, IL",17,IL,40.1245,-89.3676,1321373.4579032492,4486301.048902527,101.71518655740383,159.0,146.0,71.0,139.0,8,True
17109,"Mcdonough, IL",17,IL,40.4562,-90.678,1206004.2935201584,4511789.465730024,94.5354900600447,145.0,126.0,85.0,91.0,-1,True
17111,"Mchenry, IL",17,IL,42.3244,-88.4524,1369520.7999451198,4740007.598532907,103.23496132313818,131.0,122.0,66.0,137.0,-1,True
17113,"Mclean, IL",17,IL,40.4908,-88.8473,1361092.6669351289,4532055.197779724,97.32921977351559,144.0,139.0,62.0,141.0,-1,True
17115,"Macon, IL",17,IL,39.8599,-88.9617,1359392.2806815105,4460730.249504885,104.16517006568199,162.0,162.0,82.0,133.0,8,True
17117,"Macoupin, IL",17,IL,39.261,-89.9244,1283626.3608614206,4385200.299081958,92.596149217042,152.0,131.0,90.0,134.0,5,True
17119,"Madison, IL",17,IL,38.8299,-89.9051,1290132.4931408362,4337406.410624049,95.95468621340991,131.0,122.0,72.0,119.0,9,True
17121,"Marion, IL",17,IL,38.6496,-88.919,1378210.8749173786,4326426.398203414,90.94298075099935,107.0,119.0,72.0,96.0,4,True
17123,"Marshall, IL",17,IL,41.0332,-89.3448,1312133.647282667,4587595.693756553,103.22190747058163,131.0,123.0,63.0,122.0,6,True
17125,"Mason, IL",17,IL,40.2397,-89.9168,1273153.7304707328,4494132.986667745,95.76716891560821,142.0,121.0,70.0,114.0,4,True
17127,"Massac, IL",17,IL,37.219,-88.7078,1414440.8304595319,4169153.317428162,74.41073773850573,90.0,108.0,80.0,115.0,1,True
46069,"Hyde, SD",46,SD,44.5474,-99.4871,461308.02454682556,4932789.654806748,137.0200006531412,69.0,42.0,57.0,29.0,5,False
46067,"Hutchinson, SD",46,SD,43.3348,-97.7546,600958.0908368602,4798747.904847871,105.42080865690824,72.0,79.0,50.9,56.0,4,True
46065,"Hughes, SD",46,SD,44.389,-99.9961,420662.1067416163,4915562.146386965,136.94612415470343,76.5,74.0,129.5,96.0,10,False
46063,"Harding, SD",46,SD,45.5804,-103.4959,149257.02968632046,5057267.457552848,177.86641108536065,50.0,44.0,,25.0,6,False
46061,"Hanson, SD",46,SD,43.6748,-97.7874,597748.9111800313,4836468.980664195,104.3541711135272,67.0,76.0,39.5,51.0,8,True
46059,"Hand, SD",46,SD,44.5478,-99.005,499602.8361496097,4932718.721471126,126.66804381730189,72.0,53.0,33.0,35.0,4,False
46057,"Hamlin, SD",46,SD,44.6737,-97.1883,643598.1047602298,4948300.088259357,107.91486309328039,82.0,93.0,56.5,83.0,6,True
46055,"Haakon, SD",46,SD,44.2944,-101.54,297365.6780725792,4907709.730601264,168.06189984082883,60.0,57.0,27.0,25.0,7,False
46053,"Gregory, SD",46,SD,43.1924,-99.1856,484919.3354525593,4782197.567701457,125.20343215668379,54.0,66.0,53.0,56.0,2,False
46051,"Grant, SD",46,SD,45.172,-96.7677,675411.9956352196,5004481.830026837,111.8446892498607,85.0,88.0,36.5,89.0,9,True
46049,"Faulk, SD",46,SD,45.0711,-99.1453,488562.3095444943,4990859.0263529215,136.15492135448997,65.0,46.0,32.0,26.0,4,False
46045,"Edmunds, SD",46,SD,45.4188,-99.2155,483139.4914854938,5029498.069277338,132.39994822799,74.0,58.0,30.5,43.0,6,False
46043,"Douglas, SD",46,SD,43.3871,-98.3662,551334.5697734168,4803998.094133413,114.33184383870419,53.0,72.0,58.0,43.0,2,True
46041,"Dewey, SD",46,SD,45.1566,-100.8719,352868.18923592835,5002051.359565071,153.95684880979766,42.4,43.0,23.0,24.0,2,False
46039,"Deuel, SD",46,SD,44.76,-96.668,684563.4497291397,4958935.463600261,105.76725834992645,85.0,95.0,38.0,79.0,3,True
46037,"Day, SD",46,SD,45.3672,-97.6075,609046.904109313,5024686.064552652,125.14314220449617,80.0,65.0,36.5,67.0,4,False
46035,"Davison, SD",46,SD,43.675,-98.1461,568833.3888286054,4836131.059679915,99.7516411443357,71.0,71.0,42.0,53.0,7,True
46031,"Corson, SD",46,SD,45.7087,-101.1969,328999.45171338896,5064030.102540584,156.8381172805319,43.0,45.0,63.0,34.0,1,False
46029,"Codington, SD",46,SD,44.9778,-97.1887,642813.3182215575,4982080.130852969,113.76637835109312,81.0,88.0,45.0,75.0,8,True
46027,"Clay, SD",46,SD,42.9146,-96.9757,665228.2418705614,4753319.2168136425,96.05966561247557,97.0,100.0,60.0,79.0,5,True
46025,"Clark, SD",46,SD,44.8582,-97.7295,600381.5682638639,4967983.504144605,121.38235652853847,72.0,84.0,38.0,66.0,4,False
46023,"Charles Mix, SD",46,SD,43.2079,-98.5879,533476.1402537487,4783984.58311345,112.23529552152813,73.0,77.0,64.0,65.0,2,True
46021,"Campbell, SD",46,SD,45.7711,-100.0517,418229.40029840043,5069153.433878841,141.47468144109334,60.0,62.0,47.0,35.0,3,False
46017,"Buffalo, SD",46,SD,44.0763,-99.205,483585.38354381215,4880367.797588182,122.31278416286462,90.0,93.0,115.0,120.0,1,False
46015,"Brule, SD",46,SD,43.7181,-99.081,493475.22814822337,4840566.791759569,122.90665757649438,54.0,68.0,41.0,43.0,7,False
46013,"Brown, SD",46,SD,45.5898,-98.3516,550576.8073251497,5048677.539967596,132.42721817133906,87.0,76.0,49.5,68.0,9,False
46011,"Brookings, SD",46,SD,44.3697,-96.7905,676042.0527894672,4915310.163987749,110.85827322985192,88.0,98.0,61.5,93.0,8,True
46009,"Bon Homme, SD",46,SD,42.9884,-97.8847,590923.7770684396,4760130.07735816,101.79679690114703,69.0,77.0,50.0,50.0,3,True
46007,"Bennett, SD",46,SD,43.1949,-101.6639,283552.4121936512,4785903.903749724,165.33205798621762,106.0,91.0,93.0,71.0,2,False
46005,"Beadle, SD",46,SD,44.4145,-98.2782,557465.3041117867,4918165.447663353,114.33184383870419,83.0,79.0,51.0,65.0,9,True
46003,"Aurora, SD",46,SD,43.7182,-98.5616,535314.2775037023,4840668.08346782,114.57292511227983,58.0,64.0,35.0,56.0,2,True
46095,"Mellette, SD",46,SD,43.5811,-100.76,357903.4283802081,4826853.033198196,167.31118836198485,34.6,49.0,27.5,40.0,1,False
46019,"Butte, SD",46,SD,44.9058,-103.5081,144109.56158759154,4982380.217502519,188.46210687987983,95.0,98.0,100.0,73.0,5,False
46075,"Jones, SD",46,SD,43.9604,-100.6896,364447.0112940973,4868862.174049015,149.48162308807815,50.0,66.0,22.0,60.0,7,False
46125,"Turner, SD",46,SD,43.3108,-97.1488,650127.1020681065,4796993.474734732,96.30781043653397,88.0,93.0,55.0,84.0,6,True
46127,"Union, SD",46,SD,42.8324,-96.6561,691569.9933731337,4744868.131123092,101.79679690114703,101.0,95.0,73.5,104.0,8,True
08009,"Baca, CO",08,CO,37.3192,-102.5605,184475.65259799187,4136231.149755409,152.31762385037828,124.0,140.0,165.0,160.0,2,False
08011,"Bent, CO",08,CO,37.9551,-103.0717,142223.85707600723,4208659.548594821,161.51177164586528,114.0,120.0,115.0,120.0,2,False
08017,"Cheyenne, CO",08,CO,38.8279,-102.6034,187176.31443059823,4303850.871712454,146.01450436347457,146.0,148.0,130.0,140.0,6,False
08025,"Crowley, CO",08,CO,38.3266,-103.7849,81655.45382562513,4252900.098618942,173.8646296019053,117.0,120.0,105.0,110.0,1,False
08063,"Kit Carson, CO",08,CO,39.3054,-102.6029,189323.34994275298,4356860.171340268,151.1025247969127,152.0,152.2,168.0,144.0,6,False
08075,"Logan, CO",08,CO,40.7247,-103.1101,152855.32346745458,4516327.887739785,148.0149384914133,140.0,138.1,145.5,128.5,5,False
08087,"Morgan, CO",08,CO,40.2627,-103.8098,90934.82618657226,4468026.0086781895,144.58935489517182,162.0,159.3,166.0,145.0,5,False
08089,"Otero, CO",08,CO,37.9027,-103.7164,85250.4643698755,4205519.628767637,167.02795424522154,134.0,135.0,142.0,130.0,2,False
08095,"Phillips, CO",08,CO,40.5939,-102.3575,215877.9267748759,4499097.890275376,141.37909898392272,135.0,156.5,158.5,139.5,4,False
08099,"Prowers, CO",08,CO,37.9552,-102.3933,201853.3673125744,4206278.061962316,145.85662987450164,135.0,145.0,142.0,141.0,4,False
08111,,08,CO,37.764,-107.6761,-264903.3268647534,4215252.041234337,170.43734338121322,,,,,-1,False
08115,"Sedgwick, CO",08,CO,40.8758,-102.3518,217556.61006843648,4530379.641813053,135.4850407121682,136.0,151.4,154.0,128.0,2,False
08121,"Washington, CO",08,CO,39.971,-103.2013,141169.95136009046,4432998.149841732,145.54774754135576,137.5,163.6,144.5,139.5,4,False
08125,"Yuma, CO",08,CO,40.0029,-102.4243,207684.62329111889,4433697.944160313,143.6194386135442,150.0,172.5,175.0,158.0,5,False
20067,"Grant, KS",20,KS,37.5622,-101.308,296150.7597645375,4159745.73654851,126.16258970285138,167.0,145.0,167.0,175.0,10,False
20201,"Washington, KS",20,KS,39.7842,-97.0874,663777.3026189522,4405555.519216909,102.04333091790814,117.0,101.0,70.0,92.0,2,True
20203,"Wichita, KS",20,KS,38.4821,-101.3474,295248.01242017496,4261918.043637823,124.3222398460967,149.0,140.0,157.0,160.0,6,False
20205,"Wilson, KS",20,KS,37.5593,-95.7434,787663.4552306205,4161906.7631699787,105.90530653555967,92.0,80.0,78.0,99.0,1,True
20207,"Woodson, KS",20,KS,37.8867,-95.7402,786679.8494825186,4198255.466508761,109.1158777155192,82.0,72.0,82.0,64.0,2,True
20197,"Wabaunsee, KS",20,KS,38.9533,-96.2049,742211.9658722181,4315310.175875464,101.91221844237475,123.0,103.0,103.0,69.0,10,True
20199,"Wallace, KS",20,KS,38.9166,-101.7636,260394.5701999926,4311153.252283363,133.3999250762648,120.0,143.0,139.0,132.0,3,False
30001,,30,MT,45.1328,-112.8988,-592776.7441968743,5092575.51476184,213.11228685903023,,,,,-1,False
30005,"Blaine, MT",30,MT,48.4327,-108.9586,-236177.14183215157,5412490.155718414,255.53799884644317,,101.0,71.0,,2,False
30007,,30,MT,46.3319,-111.4955,-461354.8865025508,5207348.616209431,191.90511849946878,,,,,-1,False
30011,,30,MT,45.5168,-104.5362,67615.0647424435,5055289.882593915,190.1006082509166,,,,,-1,False
30013,,30,MT,47.308,-111.3472,-432670.9590696412,5313812.242791072,199.03697449419624,,,,,-1,False
30015,,30,MT,47.8806,-110.4352,-354383.00274689996,5366674.039767828,222.95446461598016,,,,,-1,False
30017,"Custer, MT",30,MT,46.2527,-105.5718,-6499.036481608113,5143154.057463884,201.27829565637586,122.0,108.0,116.0,89.0,6,False
30019,,30,MT,48.7838,-105.5485,19095.28350389545,5424137.375021625,270.2725194275929,,,,,-1,False
30021,"Dawson, MT",30,MT,47.2664,-104.8994,53791.38119594724,5251670.800497738,180.66343726481313,120.0,111.0,115.0,82.0,8,False
30023,,30,MT,46.0608,-113.0677,-587610.9650949228,5197909.67856653,209.9535677117717,,,,,-1,False
30025,,30,MT,46.334,-104.4174,83078.18202522473,5145437.132339974,178.39642325863113,,,,,-1,False
30027,,30,MT,47.2636,-109.2243,-273138.268507001,5285385.042969254,223.11309426803206,,,,,-1,False
30033,,30,MT,47.2777,-106.9928,-104342.65099239431,5267089.7070821095,211.65210925436315,,,,,-1,False
30041,,30,MT,48.6282,-110.1113,-318068.06623792916,5446006.307716752,278.36775419784163,,,,,-1,False
50009,,50,,44.7281,-71.7364,2657057.027337729,5328230.097346568,162.06141016653436,,,,,-1,False
36013,"Chautauqua, NY",36,NY,42.2282,-79.3664,2122793.83682667,4865924.671977632,137.82949017213005,93.0,108.0,86.0,92.0,2,False
72137,,72,,18.4312,-66.2144,4122100.585751856,2393332.2508449834,34.787563819921914,,,,,-1,False
72145,,72,,18.4284,-66.398,4100028.4125276287,2388495.9662053734,36.565498520006116,,,,,-1,False
36103,"Suffolk, NY",36,NY,40.878,-72.8573,2711727.619753237,4868301.294478539,124.43916519475559,100.0,100.0,105.0,112.0,10,False
25005,,25,,41.802,-71.1153,2823899.505422882,5021254.9022467835,139.31801798856628,,,,,-1,False
36081,,36,NY,40.7104,-73.8191,2635638.439346792,4823765.283288349,88.1647302931122,,,,,-1,False
36047,,36,NY,40.6447,-73.9472,2626950.081047396,4813053.419950287,87.79663978072551,,,,,-1,False
36045,"Jefferson, NY",36,NY,44.0409,-75.9102,2350493.1320037334,5143005.099664044,181.6290644532972,96.0,104.0,80.0,92.0,4,False
33009,,33,,43.9409,-71.8205,2681705.7943636263,5238742.726130457,121.12384358001708,,,,,-1,False
54041,,54,WV,38.9958,-80.5022,2107367.365498663,4482805.90046175,83.25160096589921,,,,,-1,False
54033,,54,WV,39.2835,-80.3798,2111214.597350516,4517304.384578964,80.37837187268875,,,,,-1,False
54017,,54,WV,39.2692,-80.7069,2083075.8075017198,4509684.462047662,73.09525696971686,,,,,-1,False
13317,"Wilkes, GA",13,GA,33.782,-82.7432,2012763.8374223055,3859277.005520326,74.57342777113834,26.3,27.3,,67.3,3,False
13315,"Wilcox, GA",13,GA,31.9734,-83.4322,1978832.443440309,3645513.4168797294,77.72878584098316,59.8,86.2,69.6,102.5,1,True
13313,"Whitfield, GA",13,GA,34.8056,-84.9673,1787976.240253819,3942593.6675154767,81.29590290213642,54.7,75.0,57.5,60.4,9,True
13311,"White, GA",13,GA,34.6464,-83.7472,1903601.0390418186,3941558.3321345854,70.53832903976256,60.8,62.5,84.5,70.0,7,True
13309,"Wheeler, GA",13,GA,32.1171,-82.7246,2044303.652866615,3671991.6655745558,79.55649245379509,41.4,67.0,70.3,85.7,1,True
13307,"Webster, GA",13,GA,32.0466,-84.551,1870415.8020177672,3638503.1254135617,77.07030046387264,58.0,91.2,54.7,93.2,3,True
13305,"Wayne, GA",13,GA,31.5515,-81.9168,2132263.076407047,3620441.0888767946,96.30903365852367,47.3,80.9,37.5,71.8,6,True
13303,"Washington, GA",13,GA,32.9695,-82.7959,2022439.6645329588,3766995.942943411,82.44118133684243,66.7,75.3,60.5,88.0,5,True
13301,"Warren, GA",13,GA,33.409,-82.6767,2025820.9611834402,3818298.5577860763,80.73422800795119,20.3,35.7,26.0,32.6,1,True
13299,"Ware, GA",13,GA,31.0534,-82.4238,2091912.6418755865,3556413.8359059724,88.45130206859804,37.8,82.1,44.8,78.2,4,True
13295,"Walker, GA",13,GA,34.7356,-85.3009,1758245.7183183213,3930411.5009456137,84.00736393677033,46.0,60.0,45.2,57.1,7,True
13291,"Union, GA",13,GA,34.8342,-83.9907,1877795.446128896,3959156.85551691,72.77022285245201,44.2,74.6,75.0,73.8,4,True
13289,"Twiggs, GA",13,GA,32.6672,-83.4272,1967670.518865941,3723696.751359764,78.97608720758996,30.0,55.4,59.0,96.8,3,True
13287,"Turner, GA",13,GA,31.7164,-83.6242,1964602.6053487766,3613873.970759263,79.20048280409983,39.5,85.4,67.8,85.2,2,True
13285,"Troup, GA",13,GA,33.0335,-85.0283,1809925.855702059,3743128.2099595084,85.00385288758856,45.0,38.8,37.3,54.5,7,True
13283,"Treutlen, GA",13,GA,32.4039,-82.5673,2054309.3952737888,3706695.484865563,79.94844101711891,20.0,66.3,26.2,71.8,2,True
13281,"Towns, GA",13,GA,34.9166,-83.7373,1899797.8040235175,3972027.6744944826,76.6333154999538,76.1,77.7,75.5,71.9,3,True
13279,"Toombs, GA",13,GA,32.1206,-82.3306,2082071.067865501,3678335.3199258647,84.6637814173312,29.4,76.5,39.9,81.3,3,True
13277,"Tift, GA",13,GA,31.4575,-83.5266,1978228.8448367624,3586072.2980939746,78.57451703827586,71.7,74.6,69.7,110.9,6,True
13275,"Thomas, GA",13,GA,30.8637,-83.9194,1949633.16583397,3513800.5919191083,93.3628794811443,56.0,78.7,43.6,90.0,5,True
13273,"Terrell, GA",13,GA,31.7768,-84.4368,1885513.4947693036,3609675.272847956,75.39445563614213,68.9,94.5,78.0,95.7,2,True
13271,"Telfair, GA",13,GA,31.9298,-82.9389,2026964.7439762442,3647706.435249163,79.74261927704487,62.4,90.0,74.2,89.0,1,True
13267,"Tattnall, GA",13,GA,32.0458,-82.0582,2109610.283879132,3674091.9774417467,88.67858705601212,21.7,69.4,34.3,74.0,4,True
13265,,13,GA,33.5662,-82.8787,2003923.6859794245,3832936.212307897,73.13815323441699,,,,,-1,False
13263,"Talbot, GA",13,GA,32.6995,-84.533,1862003.5743146439,3712090.142597182,77.32172578453472,19.4,,,,4,False
13261,"Sumter, GA",13,GA,32.04,-84.1971,1904404.2052787598,3642453.936470647,73.07816885012929,60.2,97.1,87.9,117.4,5,True
13259,"Stewart, GA",13,GA,32.0785,-84.8351,1842750.5976178471,3638406.543490699,78.09443351579942,88.1,113.3,91.6,78.3,1,True
13257,"Stephens, GA",13,GA,34.554,-83.2935,1947363.9140848638,3937808.9375796732,72.77022285245201,,55.9,11.5,150.0,6,True
13255,"Spalding, GA",13,GA,33.2609,-84.2841,1876627.7688414124,3778480.845706695,74.16275680195675,60.0,,,,8,False
13251,"Screven, GA",13,GA,32.7507,-81.6119,2139195.0825430523,3760782.740738639,100.30319163197059,52.6,102.9,51.4,103.3,4,True
13249,"Schley, GA",13,GA,32.262,-84.3149,1889640.8376102399,3665834.4332784796,78.40224518524158,48.0,80.7,20.1,83.0,5,True
13247,,13,GA,33.6545,-84.0267,1894398.4875024166,3826227.650120661,70.46080633703643,,,,,-1,False
13245,"Richmond, GA",13,GA,33.3596,-82.0735,2083756.4565673494,3822103.105770265,89.45902340963536,39.5,42.8,73.1,47.7,7,True
13243,"Randolph, GA",13,GA,31.7626,-84.7542,1855252.6643469275,3603957.1084032757,81.73496059393344,90.7,102.8,89.6,123.1,1,True
13241,"Rabun, GA",13,GA,34.8818,-83.4021,1931415.8767861868,3973017.887127666,75.25241534034937,52.1,83.3,70.0,63.3,5,True
13237,"Putnam, GA",13,GA,33.3218,-83.3728,1961627.612173725,3798131.7110006204,72.86382503758195,,58.0,,,7,False
13235,"Pulaski, GA",13,GA,32.2328,-83.4764,1970276.3515188647,3674096.931148936,74.37691150362024,51.9,80.0,35.0,102.4,5,True
13233,"Polk, GA",13,GA,34.0018,-85.1881,1780086.7809342628,3849652.7699480015,83.68516990764572,47.8,62.9,53.8,85.0,6,True
13231,"Pike, GA",13,GA,33.0922,-84.3892,1869415.1978718142,3758113.4643606064,73.7091435157599,,38.7,,68.2,9,False
13229,"Pierce, GA",13,GA,31.3589,-82.2134,2106985.909940038,3594105.9740206073,94.64241451613758,47.6,79.0,43.1,90.0,4,True
13227,"Pickens, GA",13,GA,34.4643,-84.4656,1839994.8014848866,3911064.0309034875,76.40770946656491,56.0,37.5,,,7,False
13225,"Peach, GA",13,GA,32.5688,-83.8268,1931262.0183812978,3706985.514680426,73.64075428654186,94.4,102.7,69.2,94.5,8,True
13223,"Paulding, GA",13,GA,33.9202,-84.8672,1811334.4024837005,3844672.4825493596,77.21237204775399,46.2,,,,10,False
13221,"Oglethorpe, GA",13,GA,33.8807,-83.0806,1979300.3049893286,3865293.334455598,70.71755866647504,25.0,21.5,,38.6,7,False
13219,,13,GA,33.8349,-83.437,1946676.8689460475,3854892.50259371,66.23225247789344,,,,,-1,False
13217,"Newton, GA",13,GA,33.5551,-83.8503,1912643.5838615757,3817531.6435751836,65.14459010375391,22.0,29.4,18.5,71.8,9,True
13215,,13,GA,32.51,-84.877,1832229.5184794245,3686321.132029194,84.4601459906029,,,,,-1,False
13091,"Dodge, GA",13,GA,32.1722,-83.1684,2000791.7489971214,3671684.46721799,77.83678026498737,70.1,83.5,73.8,93.9,2,True
13093,"Dooly, GA",13,GA,32.1572,-83.7987,1940674.9238348145,3661071.1937378556,73.79472817480041,45.4,88.4,63.4,95.6,1,True
13095,"Dougherty, GA",13,GA,31.5333,-84.2164,1910479.8258402084,3585204.9494004506,81.65433835851411,132.3,137.1,120.0,120.6,7,True
13097,"Douglas, GA",13,GA,33.7015,-84.7677,1824099.519497917,3821454.7760213683,76.2620377528669,,30.8,,,10,False
13099,"Early, GA",13,GA,31.3228,-84.9037,1847395.1324441168,3552638.493775006,88.89705391093719,85.1,99.2,89.6,115.0,1,True
13101,"Echols, GA",13,GA,30.7101,-82.8939,2051953.714469325,3510745.417523948,101.74344947102037,43.5,64.6,46.7,66.2,6,True
13105,"Elbert, GA",13,GA,34.117,-82.8403,1997538.3611262476,3895491.174333103,79.98627510996529,98.6,75.0,49.1,,4,False
13107,"Emanuel, GA",13,GA,32.5898,-82.3018,2076335.5727126908,3731719.1368531445,95.3052066717431,38.0,75.4,41.3,97.0,2,True
13111,"Fannin, GA",13,GA,34.8641,-84.3197,1846866.3837866196,3957902.1937399083,74.69970583242082,57.6,62.5,81.3,81.3,3,True
13113,"Fayette, GA",13,GA,33.414,-84.4941,1854373.029346623,3792834.691208276,67.37566336124337,37.1,70.9,27.0,,10,False
13115,"Floyd, GA",13,GA,34.2632,-85.2143,1773607.9408029884,3878608.068867131,78.02193891393419,67.4,76.6,62.1,80.5,8,True
13117,"Forsyth, GA",13,GA,34.2255,-84.1253,1875629.8996664844,3888962.3198955287,72.43732200267866,52.1,31.4,56.1,77.5,10,True
13119,"Franklin, GA",13,GA,34.3755,-83.2292,1956547.321805783,3918707.1306960685,76.19479817498737,50.0,36.3,52.2,50.0,6,True
13123,"Gilmer, GA",13,GA,34.6915,-84.4554,1837190.0375225693,3936681.1709446185,77.90725141232906,62.8,62.3,86.2,65.3,5,True
13125,"Glascock, GA",13,GA,33.2293,-82.6107,2035325.7504040932,3799065.4843044435,81.7307947117794,44.3,47.8,38.3,57.3,6,True
13129,"Gordon, GA",13,GA,34.5034,-84.8757,1801288.0198984502,3909940.3456251957,77.24501699759941,96.1,98.5,87.8,95.7,8,True
13131,"Grady, GA",13,GA,30.8747,-84.2344,1918867.7873668435,3510854.4605626813,95.00511869251389,56.4,83.2,48.6,95.0,3,True
13133,"Greene, GA",13,GA,33.5788,-83.1667,1976572.5218886575,3830057.9559820993,72.45105116319404,37.0,24.0,,,4,False
13135,"Gwinnett, GA",13,GA,33.9617,-84.0235,1889563.0800311025,3860769.871321864,69.32881673691541,19.2,28.3,,,10,False
13137,"Habersham, GA",13,GA,34.631,-83.5312,1923914.9303652972,3942959.740475909,75.78454560902236,65.3,70.0,57.3,70.0,7,True
13139,"Hall, GA",13,GA,34.3168,-83.8197,1902560.3938059022,3903517.620102776,68.56573090881699,46.2,64.3,35.5,97.7,9,True
13141,"Hancock, GA",13,GA,33.2703,-83.001,1997661.7153380269,3797800.587339829,79.48915428292773,16.4,27.5,31.8,46.3,2,True
13143,"Haralson, GA",13,GA,33.7943,-85.211,1781133.065211549,3826103.1866813037,85.72869396137881,33.0,53.6,64.4,90.0,6,True
13145,"Harris, GA",13,GA,32.736,-84.909,1825751.8879308635,3711277.960418798,84.28868873960857,,,28.6,80.0,9,False
13147,"Hart, GA",13,GA,34.3511,-82.964,1981709.0494701867,3919940.9524125387,80.83461843554629,65.6,110.7,14.8,125.0,7,True
13149,"Heard, GA",13,GA,33.297,-85.1283,1796483.403039084,3771404.5386172244,81.6582893330547,26.1,75.7,44.6,55.0,5,True
13151,"Henry, GA",13,GA,33.4534,-84.1554,1885620.4925920572,3801860.33489407,68.26351180266934,33.3,34.0,68.6,109.3,10,True
13153,"Houston, GA",13,GA,32.459,-83.6662,1948381.2684232555,3696877.8379168487,77.46716921898097,54.5,75.4,75.3,98.8,10,True
13155,"Irwin, GA",13,GA,31.6023,-83.2764,1999995.6813792842,3605915.65514544,81.00052909129202,40.3,78.8,68.7,95.4,4,True
13157,"Jackson, GA",13,GA,34.1339,-83.5663,1929363.515194799,3886615.9419335253,68.75012267569605,43.3,36.0,40.0,54.0,8,True
13063,"Clayton, GA",13,GA,33.5419,-84.3577,1865145.0827015112,3809033.040648243,68.70107283599785,85.0,27.0,52.5,33.3,10,True
13163,"Jefferson, GA",13,GA,33.0549,-82.4181,2056764.255214109,3782368.794917886,85.21032231580534,94.1,115.1,83.6,109.2,1,True
18163,"Vanderburgh, IN",18,IN,38.0254,-87.5857,1503384.898540076,4270664.649469816,80.60462006954798,120.8,129.2,92.1,139.0,5,True
18161,"Union, IN",18,IN,39.6255,-84.9251,1710171.536616803,4482054.045925598,77.22161790424056,121.8,133.2,88.1,125.9,3,True
18159,"Tipton, IN",18,IN,40.3114,-86.0519,1601695.1034009773,4543608.790285275,78.78957024374789,130.8,146.2,105.1,140.1,9,True
18157,"Tippecanoe, IN",18,IN,40.3886,-86.8941,1528673.3159893542,4541881.170962208,80.89084672241371,121.8,142.2,85.1,139.0,6,True
18155,"Switzerland, IN",18,IN,38.8262,-85.037,1714545.1227029362,4391312.401463581,66.52875897073821,97.9,111.1,83.1,131.0,2,True
18153,"Sullivan, IN",18,IN,39.0888,-87.4146,1503327.3288510533,4391078.237052152,81.75522639257336,129.8,138.2,90.1,136.0,1,True
18151,"Steuben, IN",18,IN,41.6439,-85.0008,1667107.7923693063,4706000.870938092,86.65591221016732,113.8,109.1,70.1,115.9,8,True
18149,"Starke, IN",18,IN,41.281,-86.6478,1535419.088854771,4644204.233590708,94.58881990031479,107.9,118.2,70.1,128.0,1,True
18147,"Spencer, IN",18,IN,38.0142,-87.0077,1554527.4781830693,4275921.61523775,82.09282924021697,118.8,113.1,92.1,127.0,7,True
18145,"Shelby, IN",18,IN,39.5236,-85.7918,1637113.114438438,4459118.134464301,76.57407580736852,119.8,142.2,80.1,134.0,8,True
18143,"Scott, IN",18,IN,38.6851,-85.7474,1654844.5167042832,4366153.478545351,72.2219813465079,121.8,118.2,93.1,114.9,1,True
18141,"St. Joseph, IN",18,IN,41.6167,-86.2898,1559905.3784318601,4685987.468407078,96.53239413957043,121.8,128.2,85.1,133.0,7,True
18139,"Rush, IN",18,IN,39.6199,-85.4658,1663623.8638428778,4474119.178592425,72.67772706466768,125.8,146.2,93.1,136.0,4,True
18175,"Washington, IN",18,IN,38.6,-86.1053,1624902.7579851567,4352115.958692013,73.50605008079111,111.8,108.1,75.1,115.9,1,True
18135,"Randolph, IN",18,IN,40.1576,-85.0114,1693242.0248967926,4540217.721134298,77.52381650556705,113.8,133.2,73.1,117.9,3,True
18133,"Putnam, IN",18,IN,39.6663,-86.845,1544002.819738254,4461996.651329307,81.75522639257336,129.8,140.2,82.1,135.0,6,True
18131,"Pulaski, IN",18,IN,41.0419,-86.6989,1534948.665456599,4616965.725469038,85.45954223497702,106.9,130.2,70.1,125.9,4,True
18129,"Posey, IN",18,IN,38.0218,-87.8684,1478508.1865198403,4267202.573639134,77.82490778055313,127.8,136.2,102.1,141.1,9,True
18127,"Porter, IN",18,IN,41.4605,-87.0672,1497410.4444053944,4659183.266999812,103.33805833566619,117.8,134.2,70.1,135.0,10,True
18125,"Pike, IN",18,IN,38.3988,-87.2322,1529195.1043462013,4316235.400132447,76.093002560539,123.8,129.2,87.1,140.1,2,True
18123,"Perry, IN",18,IN,38.0797,-86.638,1586165.56786369,4287564.912052328,83.39390456093473,103.9,105.1,77.1,119.9,3,True
18121,"Parke, IN",18,IN,39.7736,-87.2063,1511296.8707280078,4469737.6863997085,87.59668501740192,119.8,139.2,80.1,132.0,3,True
18119,"Owen, IN",18,IN,39.3129,-86.8376,1550038.4691822159,4422701.060007518,83.1607665994153,122.8,126.2,78.1,133.0,2,True
18117,"Orange, IN",18,IN,38.5418,-86.4951,1591678.7892410588,4340826.797262548,82.74028179603636,121.8,122.2,78.1,117.9,1,True
18115,"Ohio, IN",18,IN,38.9501,-84.965,1718662.00086897,4406127.816656054,64.99265792595463,99.9,105.1,80.1,108.8,5,True
18113,"Noble, IN",18,IN,41.3986,-85.4174,1636683.5847891904,4673006.676643415,82.17559737350096,119.8,113.1,92.1,119.9,8,True
18111,"Newton, IN",18,IN,40.9559,-87.3975,1477355.59631568,4599208.0740366485,94.75000445148176,107.9,138.2,65.1,138.0,7,True
18109,"Morgan, IN",18,IN,39.4815,-86.4462,1581273.405120657,4446201.010130978,82.48333861862874,130.8,143.2,80.1,141.1,10,True
18107,"Montgomery, IN",18,IN,40.0404,-86.8933,1534113.5628983602,4503105.311885419,80.9701190132037,131.8,147.2,84.1,144.1,7,True
18105,"Monroe, IN",18,IN,39.1609,-86.5231,1579642.4859514653,4409524.158956923,80.75617912198457,114.8,119.2,75.1,123.9,3,True
18103,"Miami, IN",18,IN,40.7695,-86.0451,1594642.8128365735,4594734.267482937,78.52385890415027,123.8,137.2,80.1,136.0,3,True
18101,"Martin, IN",18,IN,38.708,-86.8031,1562201.2209314061,4355677.534583295,81.75130552650161,121.8,125.2,80.1,129.0,2,True
19163,"Scott, IA",19,IA,41.6371,-90.6232,1197963.4810310937,4643513.972054363,95.18166771440288,144.6,124.3,64.0,133.0,10,True
19161,"Sac, IA",19,IA,42.3862,-95.1055,820598.4611786536,4700008.124470783,97.89340582920913,132.1,132.6,123.9,126.7,3,True
19159,"Ringgold, IA",19,IA,40.7352,-94.244,901652.406672124,4520254.303797848,88.91406048075747,111.3,109.1,45.1,100.5,2,True
19157,"Poweshiek, IA",19,IA,41.6864,-92.5315,1038460.381055563,4635218.781130284,94.7034503071513,121.9,129.9,51.6,108.6,8,True
19155,"Pottawattamie, IA",19,IA,41.3364,-95.5423,789337.0146272825,4581871.803682179,92.5824926341303,136.8,136.8,98.8,100.5,9,True
19153,"Polk, IA",19,IA,41.6855,-93.5734,951702.777124688,4629107.096965367,93.9286144690429,126.0,144.5,86.4,128.2,10,True
19151,"Pocahontas, IA",19,IA,42.7341,-94.6788,853755.7321293149,4740349.201436049,96.76698431605232,134.9,137.3,107.6,140.6,6,True
19149,"Plymouth, IA",19,IA,42.7378,-96.2142,728036.3105552697,4735462.367755966,98.92308335806972,121.4,116.5,71.0,115.8,9,True
19147,"Palo Alto, IA",19,IA,43.082,-94.6782,851816.6779760646,4778992.883239033,88.59688774059966,140.2,137.9,106.9,125.0,2,True
19145,"Page, IA",19,IA,40.7391,-95.1502,825084.051066481,4516928.675289198,87.15242469041918,132.6,113.8,76.8,110.2,3,True
19143,"Osceola, IA",19,IA,43.3785,-95.6237,773510.5977796395,4808386.093576408,99.97466072376554,140.8,139.1,109.8,131.1,4,True
19141,"O Brien, IA",19,IA,43.0838,-95.625,774727.3898698429,4775651.002270335,91.79792926553024,145.7,134.0,123.5,141.8,-1,True
19139,"Muscatine, IA",19,IA,41.4839,-91.1127,1158712.615110063,4622611.513161904,91.00846567575913,134.0,99.1,53.0,106.0,10,True
19137,"Montgomery, IA",19,IA,41.0301,-95.1563,823147.8116501548,4549219.673223584,91.08148802922969,129.1,123.3,95.6,121.0,5,True
19135,"Monroe, IA",19,IA,41.0297,-92.869,1015531.4948303413,4560197.885591806,89.90365050846127,112.8,107.3,46.6,94.5,1,True
19133,"Monona, IA",19,IA,42.0516,-95.96,751574.3897131768,4659977.815763171,96.6139503423303,118.9,123.2,95.6,104.1,1,True
19131,"Mitchell, IA",19,IA,43.3564,-92.7891,1003361.1479038252,4819161.966631214,98.26587014481973,144.2,127.4,82.4,129.0,6,True
19129,"Mills, IA",19,IA,41.0332,-95.6214,784025.8067630224,4547943.633521175,93.98612271996095,130.2,126.7,107.7,109.4,9,True
19127,"Marshall, IA",19,IA,42.0358,-92.9988,996820.7258507609,4671206.837117841,98.59281699806891,133.7,143.2,70.5,121.5,10,True
19125,"Marion, IA",19,IA,41.3344,-93.0995,993836.5477195836,4592705.848285348,95.0458097872229,129.8,129.3,82.2,113.0,10,True
19123,"Mahaska, IA",19,IA,41.3351,-92.6409,1032232.1382955544,4595507.488854947,95.86115945612242,126.6,136.0,56.2,112.6,5,True
19121,"Madison, IA",19,IA,41.3307,-94.0155,917169.6214656071,4587468.887729915,89.66188580785754,128.3,121.8,70.5,127.1,9,True
19119,"Lyon, IA",19,IA,43.3805,-96.2103,725980.909332198,4806850.242227825,99.14741745958197,134.3,121.0,71.3,119.3,4,True
19117,"Lucas, IA",19,IA,41.0293,-93.3277,976946.1023789281,4557534.903188072,92.96130206391408,117.8,102.9,46.7,64.7,2,True
19115,"Louisa, IA",19,IA,41.2185,-91.2597,1149075.7678297074,4591997.3327673115,96.2256137827029,133.9,99.9,49.5,73.7,8,True
19113,"Linn, IA",19,IA,42.0789,-91.5989,1112356.5732465503,4685119.346808879,95.92198241103341,136.8,126.0,48.1,114.9,10,True
19111,"Lee, IA",19,IA,40.642,-91.4792,1136197.4640365266,4526297.796262048,90.62027243805181,131.8,94.2,38.5,46.6,7,True
19109,"Kossuth, IA",19,IA,43.2042,-94.2067,889426.5595268293,4794656.579450845,93.10758863718783,152.6,146.3,122.0,144.4,5,True
19107,"Keokuk, IA",19,IA,41.3364,-92.1787,1070927.3548973796,4598605.494873831,95.8904937083795,132.8,128.2,39.4,103.9,3,True
19103,"Johnson, IA",19,IA,41.6715,-91.5881,1117182.0470490267,4639924.545207758,91.51788850071968,127.5,110.3,46.2,101.5,9,True
19101,"Jefferson, IA",19,IA,41.0318,-91.9489,1092930.0436888598,4566303.678728762,87.84210543012634,133.3,103.4,57.2,86.7,4,True
19097,"Jackson, IA",19,IA,42.1717,-90.5742,1196170.4770201305,4703337.306234677,99.43505386195963,129.8,115.5,45.1,113.6,3,True
51137,"Orange, VA",51,VA,38.2463,-78.0134,2345467.0767119527,4447782.067059782,78.54187255244466,61.0,65.0,82.0,110.0,8,True
51157,"Rappahannock, VA",51,VA,38.6845,-78.1593,2320848.871941074,4493990.237861376,75.66988706046327,55.0,66.0,73.0,106.0,8,True
51165,"Rockingham, VA",51,VA,38.5122,-78.8758,2262174.290569576,4459900.660835465,84.16976023762767,49.0,55.0,72.0,115.0,7,True
51171,"Shenandoah, VA",51,VA,38.8585,-78.5704,2280078.1725116856,4505008.695784054,85.2326020938084,55.0,56.0,58.0,112.0,6,True
51187,"Warren, VA",51,VA,38.9087,-78.2072,2310633.566118313,4518177.040486635,75.79206958485591,55.0,69.0,,,8,False
51003,"Albemarle, VA",51,VA,38.0229,-78.5565,2303072.3341811798,4411374.046786795,78.66620577466585,50.0,50.0,79.0,99.0,9,True
51177,"Spotsylvania, VA",51,VA,38.1854,-77.6567,2378785.7836867343,4448517.15881189,75.02296095974916,53.0,55.0,74.0,108.0,10,True
51015,"Augusta, VA",51,VA,38.1646,-79.1338,2248157.9178149765,4415686.387386987,86.59942693132281,61.0,62.0,76.0,110.0,7,True
51069,"Frederick, VA",51,VA,39.2046,-78.2626,2297841.7680757246,4550243.958001958,84.48363551309002,50.0,44.0,55.0,106.0,8,True
51079,"Greene, VA",51,VA,38.2977,-78.4669,2303891.8938130336,4444118.303193204,78.4818746537882,48.0,40.0,60.0,101.0,8,True
51047,"Culpeper, VA",51,VA,38.4861,-77.9559,2344125.484048712,4475971.110996649,74.74481811402977,55.0,65.0,69.0,102.0,8,True
51043,"Clarke, VA",51,VA,39.1122,-77.9966,2323594.631669546,4545469.909068641,72.46791588604373,43.0,65.0,70.0,110.0,8,True
51113,"Madison, VA",51,VA,38.4137,-78.2792,2317464.814642075,4461044.719461494,81.94038824364208,54.0,64.0,73.0,105.0,6,True
51139,"Page, VA",51,VA,38.62,-78.4841,2293933.0656791823,4479992.014397223,78.62548866418864,46.0,43.0,57.0,108.0,5,True
54065,"Morgan, WV",54,WV,39.5604,-78.2578,2288664.3236162425,4590267.563655832,90.68466924279991,84.7,65.0,54.5,87.0,9,True
54037,"Jefferson, WV",54,WV,39.3076,-77.8628,2329938.244835334,4570257.548534013,79.12135637998986,88.4,65.0,56.5,91.0,10,True
54031,"Hardy, WV",54,WV,39.0075,-78.8579,2250978.8722379664,4515878.550391737,89.15896438495754,84.4,75.8,78.0,105.5,7,True
54003,"Berkeley, WV",54,WV,39.4641,-78.0275,2311299.3120756056,4584317.187788452,86.35165082717431,85.0,62.0,61.5,92.0,10,True
24013,"Carroll, MD",24,MD,39.5631,-77.0228,2395878.7527530836,4617303.068087171,86.43254095218443,65.0,96.3,68.9,117.0,8,True
24027,"Howard, MD",24,MD,39.251,-76.9315,2412841.5416041072,4584290.220406076,77.76512568143677,75.0,98.0,68.0,119.0,10,True
51107,"Loudoun, VA",51,VA,39.0907,-77.6357,2355774.980268096,4550778.404413126,66.17880501990068,39.0,58.0,62.0,99.0,10,True
51091,,51,VA,38.3623,-79.5685,2204739.2748212777,4429379.870477054,91.7881295943412,,,,,-1,False
54071,"Pendleton, WV",54,WV,38.6808,-79.3509,2216026.6940875975,4469382.361569897,94.95732156847764,92.7,70.0,69.0,110.0,6,True
51061,"Fauquier, VA",51,VA,38.7386,-77.8094,2350205.9350563698,4507477.7084372835,65.97035386798251,63.0,67.0,64.0,101.0,10,True
24001,"Allegany, MD",24,MD,39.6215,-78.6989,2248755.245775447,4587986.440375767,93.28600560285054,80.0,90.0,45.6,100.0,1,True
54057,"Mineral, WV",54,WV,39.4147,-78.9438,2232910.1289286497,4559824.703097262,94.60693497327443,88.0,66.0,56.5,104.0,8,True
54023,"Grant, WV",54,WV,39.1051,-79.1955,2218932.6159430835,4520063.991480831,91.98915069067952,95.3,69.0,60.0,110.0,8,True
51660,,51,VA,38.4362,-78.8735,2264324.912680677,4451408.218399564,83.49531054736404,,,,,-1,False
51820,,51,VA,38.0673,-78.9013,2271264.809595243,4409384.706779733,80.57839702638117,,,,,-1,False
51840,,51,VA,39.1733,-78.1744,2306390.714888322,4548578.632872183,80.6455194092177,,,,,-1,False
51790,,51,VA,38.1587,-79.0616,2254714.0015489613,4416457.013799856,83.37133381005513,,,,,-1,False
13213,"Murray, GA",13,GA,34.7885,-84.7481,1808513.3147904691,3943591.522239307,73.95814641409135,69.3,48.6,57.0,76.8,8,True
13211,"Morgan, GA",13,GA,33.5908,-83.4924,1945707.0296854996,3826649.0931493784,66.76999006488003,35.7,70.5,30.4,143.5,8,True
13209,"Montgomery, GA",13,GA,32.1746,-82.5338,2061599.1992311277,3681339.5985007524,89.66104474379468,13.2,57.8,28.4,68.1,4,True
13207,"Monroe, GA",13,GA,33.0141,-83.9187,1915201.9620677596,3755776.179596837,71.22845175102228,55.0,70.0,57.9,117.5,9,True
13205,"Mitchell, GA",13,GA,31.2254,-84.1942,1917388.3726783933,3550855.7192176916,84.03984440182143,78.4,101.0,86.0,120.0,3,True
13201,"Miller, GA",13,GA,31.164,-84.7307,1866441.579659072,3536980.528460454,90.8033038920719,93.5,88.5,113.0,115.8,4,True
13199,"Meriwether, GA",13,GA,33.0407,-84.6883,1841952.3308522012,3748351.5347128953,75.25162299283983,36.5,60.1,28.4,75.0,4,True
13197,"Marion, GA",13,GA,32.3534,-84.5246,1868199.1977709518,3673322.788929926,74.93999534589662,48.8,71.3,43.3,69.6,2,True
13195,"Madison, GA",13,GA,34.1279,-83.209,1962860.2374902775,3891178.148893828,71.88226248895525,26.5,28.2,19.3,55.3,7,True
13189,"Mcduffie, GA",13,GA,33.4829,-82.4814,2042908.7416029524,3829617.56215519,84.44312498820695,26.9,48.9,37.5,73.8,-1,True
13187,"Lumpkin, GA",13,GA,34.5722,-84.0031,1881132.8944949615,3929584.236115612,71.23334500499439,43.7,63.9,84.6,72.6,8,True
13185,"Lowndes, GA",13,GA,30.8339,-83.2677,2013487.8209300335,3519399.741498933,95.00511869251389,48.6,69.0,42.8,67.2,6,True
13181,,13,GA,33.7936,-82.4512,2039998.0557854099,3865077.3286858425,83.06800724680707,,,,,-1,False
13175,"Laurens, GA",13,GA,32.4637,-82.9222,2019326.5012081785,3708129.40826993,83.14488531998393,37.3,58.7,31.1,86.9,6,True
13173,"Lanier, GA",13,GA,31.038,-83.0626,2030074.7566435444,3545333.6280409875,94.78597562458067,50.2,71.9,34.2,88.9,2,True
13171,"Lamar, GA",13,GA,33.0765,-84.1394,1893290.333058454,3759742.0271256478,67.26234643989153,48.9,88.9,44.6,130.0,7,True
13169,"Jones, GA",13,GA,33.0251,-83.5605,1948949.4746939896,3762058.7459919974,73.65584780792882,19.1,24.8,,57.1,10,False
13167,"Johnson, GA",13,GA,32.7015,-82.6601,2040138.4230771074,3738844.0056385547,80.73422800795119,40.0,57.7,30.0,78.7,2,True
13165,"Jenkins, GA",13,GA,32.7925,-81.9636,2104857.468423098,3759875.100606894,89.66104474379468,59.9,92.9,46.9,95.1,1,True
13319,"Wilkinson, GA",13,GA,32.8024,-83.1713,1989703.1867929946,3742617.2135476414,77.95752124854012,70.5,44.2,57.3,60.3,7,True
13161,"Jeff Davis, GA",13,GA,31.8056,-82.637,2058175.2188076726,3638160.1503003384,83.6708103559317,59.1,82.8,57.2,89.6,5,True
13293,"Upson, GA",13,GA,32.8812,-84.2993,1881300.7451961145,3735625.298612683,70.2874243771464,56.3,51.9,19.2,62.0,6,True
13193,"Macon, GA",13,GA,32.3584,-84.0425,1914115.8404785653,3680351.616592553,73.4978833582203,69.0,93.9,63.8,101.6,2,True
13109,"Evans, GA",13,GA,32.1568,-81.8868,2124048.9186832504,3689312.3155258377,88.23195442031489,27.8,83.3,36.7,82.6,3,True
13177,"Lee, GA",13,GA,31.7796,-84.141,1913886.4807268325,3613920.1368127665,76.35679510641141,72.0,97.9,87.6,110.9,9,True
13269,"Taylor, GA",13,GA,32.5556,-84.2504,1891143.9996032685,3699699.44022785,69.18704049384185,37.8,61.3,26.1,82.4,1,True
13027,"Brooks, GA",13,GA,30.842,-83.5803,1982940.972072919,3515965.7445955966,91.55244135166151,47.8,78.6,46.8,83.2,3,True
13001,"Appling, GA",13,GA,31.7493,-82.289,2092725.8980594412,3637053.5473984894,90.26520582836052,30.0,84.2,45.4,82.8,6,True
13003,"Atkinson, GA",13,GA,31.2971,-82.88,2043443.3819343415,3577203.2340838485,87.87796794418998,52.3,90.4,77.6,86.6,2,True
13005,"Bacon, GA",13,GA,31.5537,-82.4527,2080376.1313756967,3612488.146708597,83.90445564701982,40.3,78.1,53.7,76.5,3,True
13007,"Baker, GA",13,GA,31.3262,-84.4447,1891640.3805529065,3558903.029245992,82.87654706593113,120.4,106.1,117.8,117.0,2,True
13009,"Baldwin, GA",13,GA,33.069,-83.2498,1977637.2959593362,3771479.6479122764,79.43651296329524,20.0,36.9,45.0,54.4,8,True
13011,"Banks, GA",13,GA,34.3541,-83.4974,1931938.549226106,3912353.919371232,67.73246999449309,24.4,44.2,54.1,105.7,7,True
13013,"Barrow, GA",13,GA,33.9932,-83.7126,1918117.6288302238,3868704.692205111,74.28582792200898,33.0,,,68.0,9,False
13015,"Bartow, GA",13,GA,34.2379,-84.8405,1808793.8093190868,3880645.228619831,77.52096286033735,63.8,66.4,31.3,93.2,9,True
13017,"Ben Hill, GA",13,GA,31.7598,-83.2206,2002743.4246813946,3624463.2035586257,81.84697000782492,45.8,84.2,76.0,100.4,3,True
13019,"Berrien, GA",13,GA,31.2761,-83.2297,2009919.2478529124,3569806.9077084055,83.08002789878331,49.5,75.7,40.4,95.8,5,True
13021,"Bibb, GA",13,GA,32.8067,-83.6979,1939584.8601104517,3735546.7557139643,74.48353892357949,31.4,73.0,53.8,64.3,8,True
13023,"Bleckley, GA",13,GA,32.4344,-83.3279,1981081.912264254,3698915.197088253,73.63964384629705,70.0,81.8,69.2,105.1,6,True
13025,"Brantley, GA",13,GA,31.197,-81.9819,2132349.703409534,3579352.068411021,103.53258816066672,42.6,69.2,41.8,63.6,6,True
13031,"Bulloch, GA",13,GA,32.3969,-81.7432,2133349.7129187807,3718711.3663416146,91.20468040771871,43.4,87.2,35.5,93.8,4,True
13033,"Burke, GA",13,GA,33.0612,-82.0008,2096272.3094333042,3789602.9389412394,92.91648986668987,56.7,82.1,55.4,109.8,2,True
13035,"Butts, GA",13,GA,33.2891,-83.9572,1907012.932410331,3786146.4174920144,72.13123357192212,22.0,24.9,13.6,61.4,7,True
13037,"Calhoun, GA",13,GA,31.5292,-84.6249,1871195.2639309864,3579390.650295572,83.48579995331616,72.6,89.4,81.4,112.0,1,True
13043,"Candler, GA",13,GA,32.4035,-82.0737,2101563.3131432105,3714238.4640645757,87.58102851233981,32.1,74.9,37.8,78.6,3,True
13045,"Carroll, GA",13,GA,33.5828,-85.0797,1796682.3344986057,3804076.227970308,82.07600688925108,17.8,47.9,25.9,80.4,8,True
13047,"Catoosa, GA",13,GA,34.9036,-85.1381,1770646.4424099245,3951332.330900705,79.8817893481034,45.8,63.6,40.0,25.0,8,True
13053,,13,GA,32.347,-84.787,1843278.1726058945,3669179.7216384476,81.12185875473963,,,,,-1,False
13055,"Chattooga, GA",13,GA,34.475,-85.3454,1758159.129251542,3900655.8793195277,85.67578728722411,50.0,54.6,72.8,70.3,4,True
13057,"Cherokee, GA",13,GA,34.2439,-84.4764,1842606.061443416,3886197.104452108,77.51116884315006,,47.2,31.8,,10,False
13059,"Clarke, GA",13,GA,33.9513,-83.3675,1951154.474577791,3868990.7674854225,71.06283329316692,37.0,50.0,,,5,False
13321,"Worth, GA",13,GA,31.5516,-83.851,1945409.934110759,3592190.555007371,84.96352471989411,51.0,92.1,69.4,98.8,5,True
13065,"Clinch, GA",13,GA,30.9151,-82.7063,2066792.265555267,3536615.6436077366,95.33971734827693,55.0,81.5,30.8,61.5,2,True
13067,,13,GA,33.9415,-84.5767,1838154.430508026,3850920.2981417943,69.58806101751067,,,,,-1,False
13069,"Coffee, GA",13,GA,31.5492,-82.8493,2042122.396734489,3606094.8199372627,77.9091345350196,43.9,67.6,65.5,81.2,5,True
13071,"Colquitt, GA",13,GA,31.1884,-83.7688,1959134.2327171385,3552414.030622029,86.25016389285078,60.9,79.6,54.5,87.5,4,True
13073,"Columbia, GA",13,GA,33.5442,-82.264,2062286.4996688694,3839907.3242861843,85.67497364041016,21.7,28.6,42.3,63.6,10,True
13075,"Cook, GA",13,GA,31.154,-83.4305,1992464.5507072848,3553212.197712464,88.00585930549961,71.5,87.0,41.8,91.1,3,True
13077,"Coweta, GA",13,GA,33.3535,-84.7633,1829984.4955838283,3782470.7356291297,71.31848434797776,53.3,60.0,45.0,62.5,10,True
13079,"Crawford, GA",13,GA,32.7145,-83.9864,1913693.466593494,3721159.761921449,73.59709849443766,25.0,66.7,20.7,102.8,8,True
13081,"Crisp, GA",13,GA,31.923,-83.7681,1947412.585006871,3635137.6205598344,77.07030046387264,60.0,66.4,41.2,72.4,2,True
13083,"Dade, GA",13,GA,34.8546,-85.5045,1737600.752432845,3941139.4435464377,92.9195015658242,50.0,60.0,46.7,89.1,4,True
13085,"Dawson, GA",13,GA,34.4438,-84.1704,1867766.61434313,3912831.3232589993,68.62839399656085,49.2,65.0,41.3,94.4,9,True
13089,,13,GA,33.7715,-84.2263,1873730.6505672697,3836603.746709167,72.7331487448797,,,,,-1,False
26001,"Alcona, MI",26,MI,44.6854,-83.5938,1720897.1141316257,5064855.018299291,134.01293656248765,75.0,102.7,76.6,47.5,2,False
26165,"Wexford, MI",26,MI,44.3384,-85.5785,1570084.961741152,4997877.097877795,110.18259408688087,78.5,57.6,44.5,73.5,5,True
26069,"Iosco, MI",26,MI,44.3559,-83.636,1724605.9553284817,5027607.740747554,123.22073256159523,86.1,85.9,84.0,86.4,3,False
26015,"Barry, MI",26,MI,42.595,-85.309,1624063.2150015014,4807653.707428069,107.84671258153993,98.2,91.3,51.4,112.7,9,True
26023,"Branch, MI",26,MI,41.9161,-85.059,1657232.0378526624,4735507.736094993,93.15996424434937,118.6,106.6,58.9,117.2,6,True
26025,"Calhoun, MI",26,MI,42.2466,-85.0055,1655534.894181198,4773040.758546972,98.00354319111244,104.9,85.7,56.1,112.1,7,True
26027,"Cass, MI",26,MI,41.9153,-85.9936,1579535.3313337993,4722978.776459912,100.41099664033463,105.6,101.7,87.5,124.0,8,True
26035,"Clare, MI",26,MI,43.9879,-84.8478,1635194.8863324265,4968921.877445541,97.58496263368622,76.8,63.5,60.0,72.5,1,True
26037,"Clinton, MI",26,MI,42.9436,-84.6015,1675469.7266221344,4856292.209700996,106.22949317307692,109.2,96.0,54.1,117.8,10,True
26039,,26,MI,44.6836,-84.6103,1640391.9855542649,5049585.012868998,92.63076971036335,,,,,-1,False
26043,"Dickinson, MI",26,MI,46.0091,-87.8704,1361435.3738348447,5155628.410085295,148.6775693878484,80.0,86.7,75.8,72.7,6,False
26045,"Eaton, MI",26,MI,42.5961,-84.8384,1662733.1125321107,4814270.135096282,104.3698644870163,109.1,97.6,48.7,119.3,10,True
26049,"Genesee, MI",26,MI,43.0217,-83.7067,1746991.0406445363,4878192.248522203,108.01894139032926,96.7,88.2,65.7,94.3,9,True
26051,"Gladwin, MI",26,MI,43.9906,-84.3882,1672021.1161364033,4975790.65934639,101.5939132808666,80.0,71.1,67.3,82.1,2,True
26057,"Gratiot, MI",26,MI,43.2927,-84.6048,1668386.811170205,4895076.45366098,99.88789250654612,110.7,99.7,79.2,122.5,6,True
26059,"Hillsdale, MI",26,MI,41.8878,-84.593,1696529.350852777,4738896.002358567,89.01078001531539,111.1,93.3,62.6,112.0,7,True
26065,"Ingham, MI",26,MI,42.5971,-84.3736,1700931.0726140703,4821020.82338938,103.28244488054996,112.5,84.0,60.8,120.8,8,True
26067,"Ionia, MI",26,MI,42.9451,-85.0746,1636775.0314174397,4849811.159128361,104.23694318379476,104.8,101.8,64.6,114.3,8,True
26071,"Iron, MI",26,MI,46.2087,-88.5305,1307418.3448583996,5170780.219302732,151.61428610437932,80.0,75.0,76.7,76.7,1,False
26073,"Isabella, MI",26,MI,43.6406,-84.8467,1642023.8484110797,4930331.925597989,97.94825795443428,94.2,78.8,59.2,83.6,5,True
26075,"Jackson, MI",26,MI,42.2485,-84.4233,1703652.4235923411,4781497.093383146,96.07341999303445,101.8,71.2,58.0,110.3,8,True
26077,"Kalamazoo, MI",26,MI,42.2454,-85.5311,1612090.5352148197,4765765.381892204,95.96351122587772,116.8,102.3,74.4,127.7,9,True
26079,"Kalkaska, MI",26,MI,44.6846,-85.0902,1602344.5632947665,5042953.780985816,97.13593256309224,85.0,88.5,66.7,47.8,4,True
26081,"Kent, MI",26,MI,43.0322,-85.5492,1596410.3922779753,4853062.713907216,109.8628292021768,105.1,93.8,59.4,124.0,9,True
26085,"Lake, MI",26,MI,43.99,-85.8017,1558613.0007205645,4956218.89855827,115.08455353573552,80.0,65.0,46.7,72.0,1,True
26087,"Lapeer, MI",26,MI,43.0901,-83.2218,1785109.6386027457,4893312.259594866,134.16268333185528,99.9,106.7,84.7,98.0,10,False
26091,"Lenawee, MI",26,MI,41.8951,-84.0664,1740209.5373768557,4747370.3866988495,98.2678399153509,119.8,98.4,57.3,126.0,9,True
26093,"Livingston, MI",26,MI,42.603,-83.9115,1738810.487911151,4828501.39745861,105.77068524993457,104.0,105.2,52.2,100.0,10,True
26101,"Manistee, MI",26,MI,44.3332,-86.0571,1532013.4173932434,4991051.396835652,125.65488100392889,74.7,51.3,45.0,60.0,2,False
26107,"Mecosta, MI",26,MI,43.6409,-85.3245,1603440.9362368437,4923768.788594408,98.12665193461774,90.2,72.0,66.3,89.0,3,True
26111,"Midland, MI",26,MI,43.6468,-84.3879,1678944.5206342216,4937577.969838294,100.94714591464201,110.5,98.5,93.2,110.5,9,True
26113,"Missaukee, MI",26,MI,44.3373,-85.0947,1608684.9268066569,5004310.083006733,96.89987333706742,77.0,71.4,65.7,87.0,3,True
26117,"Montcalm, MI",26,MI,43.311,-85.1524,1623558.073019241,4889436.335915432,101.4507912840281,97.2,89.5,67.5,95.3,6,True
26119,"Montmorency, MI",26,MI,45.0276,-84.1273,1671508.0957826502,5094811.075947341,131.02190458088003,76.0,92.3,60.0,83.8,2,False
26123,"Newaygo, MI",26,MI,43.5542,-85.8009,1566537.4992908027,4907787.598173157,116.2875947435788,97.0,89.1,60.5,87.0,5,True
26125,"Oakland, MI",26,MI,42.6604,-83.3855,1780855.5256824319,4842930.376883923,123.96945215363134,101.4,106.4,57.1,123.8,10,False
26129,"Ogemaw, MI",26,MI,44.3349,-84.1266,1685932.2165270734,5017887.14500665,110.77299445430965,81.9,89.1,85.0,85.5,1,True
26133,"Osceola, MI",26,MI,43.9899,-85.3252,1596848.935095157,4962552.59641891,98.33970487456963,82.1,75.0,64.1,87.5,3,True
26135,"Oscoda, MI",26,MI,44.6817,-84.1297,1678513.4178455768,5056365.171984129,112.52556487064129,80.0,53.3,76.7,58.6,2,True
26137,"Otsego, MI",26,MI,45.0214,-84.5988,1634508.7619323246,5087262.656043766,117.61455167466384,86.7,93.8,68.0,87.3,7,True
37093,"Hoke, NC",37,NC,35.0174,-79.2371,2314981.1980070956,4058910.153846967,103.19884320844193,51.0,73.0,74.0,83.0,5,True
37001,"Alamance, NC",37,NC,36.044,-79.3995,2275882.4977853545,4171723.1837674747,89.55815911064002,45.0,39.0,58.0,76.0,8,True
37003,"Alexander, NC",37,NC,35.9211,-81.1772,2115852.341337989,4125469.7928558914,84.71597798170215,33.0,51.0,51.0,78.0,8,True
37005,"Alleghany, NC",37,NC,36.4915,-81.1286,2108077.679808553,4190466.6457359693,82.63018687128512,78.0,65.0,70.0,73.0,1,True
37007,"Anson, NC",37,NC,34.9738,-80.1027,2235498.8951752363,4037790.113134377,96.17545084375134,36.0,72.0,70.0,91.0,4,True
37009,"Ashe, NC",37,NC,36.4346,-81.501,2075476.965220968,4177661.8629608373,79.00146610649772,78.0,73.0,70.0,65.0,2,True
37011,"Avery, NC",37,NC,36.0766,-81.9224,2044529.2202194135,4130370.5805327576,77.50686194360465,78.0,68.0,75.0,83.0,3,True
37021,"Buncombe, NC",37,NC,35.6112,-82.5302,1998158.824881183,4068265.0245452197,86.23051751661187,81.0,76.0,79.0,80.0,7,True
37025,"Cabarrus, NC",37,NC,35.3868,-80.5519,2184820.522820359,4076274.3980672415,89.76441763878675,52.0,60.0,68.0,70.0,10,True
37033,"Caswell, NC",37,NC,36.3934,-79.3337,2273587.277771161,4212393.614536221,94.13854416308665,42.0,40.0,52.0,83.0,5,True
37035,"Catawba, NC",37,NC,35.6626,-81.2144,2117906.751773726,4095738.7550197574,81.13954322873059,47.0,53.0,57.0,88.0,9,True
37037,"Chatham, NC",37,NC,35.7027,-79.2553,2297200.6377002997,4135982.5506700953,93.52154426115537,52.0,48.0,57.0,85.0,9,True
37039,"Cherokee, NC",37,NC,35.1339,-84.0635,1865919.003855928,3991742.6253996794,75.78454560902236,75.0,87.0,88.0,97.0,2,True
37043,"Clay, NC",37,NC,35.0572,-83.7502,1896138.4880071515,3987618.5836006477,79.98810864507739,61.0,84.0,83.0,83.0,2,True
37045,"Cleveland, NC",37,NC,35.334,-81.5554,2093340.5080653196,4052966.465170263,91.54968964076889,39.0,40.0,51.0,86.0,8,True
37051,"Cumberland, NC",37,NC,35.0485,-78.8273,2352370.180572599,4070380.8867510613,114.19569272783794,61.0,52.0,87.0,88.0,7,True
37057,"Davidson, NC",37,NC,35.7932,-80.2127,2207068.1194173084,4128206.5187239572,94.78098654232835,34.0,49.0,51.0,86.0,9,True
37059,"Davie, NC",37,NC,35.9292,-80.5446,2173601.176887352,4137518.4771987563,89.55360584062667,33.0,57.0,51.0,92.0,10,True
37063,"Durham, NC",37,NC,36.0359,-78.8764,2324025.8004539814,4181003.0018695225,93.66045696361901,50.0,57.0,57.0,82.0,10,True
37065,"Edgecombe, NC",37,NC,35.9129,-77.5971,2444678.3744998733,4193289.5346757597,92.52227047177897,63.0,43.0,75.0,82.0,4,True
37067,"Forsyth, NC",37,NC,36.1304,-80.2563,2195491.2572617275,4165402.3179381345,89.76441763878675,53.0,44.0,54.0,81.0,10,True
37069,"Franklin, NC",37,NC,36.0827,-78.2857,2377046.3342293343,4198164.666967079,99.25050676298646,40.0,50.0,66.0,98.0,6,True
37071,"Gaston, NC",37,NC,35.2945,-81.1801,2128792.0281128865,4054884.3572487347,87.45024017044766,45.0,44.0,58.0,73.0,9,True
37075,"Graham, NC",37,NC,35.3502,-83.8335,1883316.2004192548,4019285.3283251547,85.23896288827281,67.0,60.0,59.0,70.0,1,True
37077,"Granville, NC",37,NC,36.304,-78.653,2337889.2048775125,4215718.96624316,94.03468582898094,46.0,42.0,53.0,79.0,8,True
37079,"Greene, NC",37,NC,35.4852,-77.6756,2448485.2844099,4143212.1512600123,98.75970370771623,76.0,41.0,66.0,91.0,5,True
37081,"Guilford, NC",37,NC,36.0794,-79.789,2239389.296284903,4168317.3373611355,86.66073340596195,45.0,35.0,52.0,92.0,10,True
37083,"Halifax, NC",37,NC,36.2575,-77.6519,2430655.8266743347,4231109.74333077,89.6876594352962,59.0,49.0,74.0,88.0,2,True
37087,"Haywood, NC",37,NC,35.5561,-82.9822,1957740.7195692037,4055045.2531652786,88.05760498131217,56.0,77.0,88.0,99.0,5,True
37089,"Henderson, NC",37,NC,35.3362,-82.4799,2008093.3976824805,4038160.6873513847,89.76216706954537,83.0,103.0,93.0,99.0,8,True
37097,"Iredell, NC",37,NC,35.8072,-80.8736,2146106.0847207974,4117938.550051962,90.22916489015434,41.0,50.0,62.0,79.0,9,True
37105,"Lee, NC",37,NC,35.475,-79.1716,2310308.428302962,4111884.6777618127,104.52255197419686,33.0,49.0,51.0,72.0,8,True
37109,"Lincoln, NC",37,NC,35.4862,-81.2239,2120738.787443035,4075718.86808758,91.65572213879253,29.0,60.0,58.0,94.0,9,True
37113,"Macon, NC",37,NC,35.1504,-83.4221,1924740.3784879993,4002876.8274172004,85.28432798530287,71.0,76.0,69.0,86.0,3,True
37115,"Madison, NC",37,NC,35.8581,-82.7057,1977326.6126776214,4093233.4284422644,82.76922587431363,48.0,67.0,66.0,87.0,2,True
37119,"Mecklenburg, NC",37,NC,35.2468,-80.8328,2161889.0201081713,4055530.4168382003,94.49222626989241,33.0,47.0,62.0,82.0,10,True
37121,"Mitchell, NC",37,NC,36.0133,-82.1634,2023814.8668350219,4119312.210770303,83.31259266374313,58.0,77.0,80.0,81.0,3,True
37123,"Montgomery, NC",37,NC,35.3324,-79.9054,2245764.650154951,4081891.429338767,94.74612841497965,38.0,56.0,62.0,98.0,5,True
37125,"Moore, NC",37,NC,35.3107,-79.4813,2285505.4283146467,4087392.5862428998,100.46000394008398,38.0,64.0,58.0,75.0,9,True
37197,"Yadkin, NC",37,NC,36.1605,-80.6653,2157466.194079253,4161400.6898853634,87.11329718891082,51.0,62.0,62.0,91.0,6,True
37135,"Orange, NC",37,NC,36.0614,-79.1205,2301031.8651017877,4179086.675463241,94.89235364000436,52.0,50.0,54.0,91.0,10,True
37145,"Person, NC",37,NC,36.3901,-78.9717,2306675.811467686,4219092.437096085,90.40019567606879,41.0,40.0,52.0,91.0,7,True
37147,"Pitt, NC",37,NC,35.5935,-77.3748,2473533.29840607,4161851.5510288524,99.73597069872646,80.0,52.0,72.0,86.0,5,True
37151,"Randolph, NC",37,NC,35.7103,-79.806,2246331.234695832,4126378.1724075135,94.97535228732242,44.0,40.0,51.0,91.0,8,True
37153,"Richmond, NC",37,NC,35.0059,-79.748,2267743.284906241,4047952.697361584,97.91053073811203,29.0,64.0,58.0,72.0,4,True
37155,"Robeson, NC",37,NC,34.6401,-79.1035,2336234.7974080946,4018802.8689333736,105.32883683037538,63.0,80.0,82.0,90.0,3,True
37157,"Rockingham, NC",37,NC,36.3961,-79.7751,2233301.2966647064,4204269.836867514,88.8647017317427,47.0,44.0,63.0,88.0,7,True
37165,"Scotland, NC",37,NC,34.8411,-79.4805,2296392.652772231,4034348.1326117218,101.6376297131541,43.0,74.0,76.0,95.0,5,True
37167,"Stanly, NC",37,NC,35.312,-80.2507,2214290.0010207705,4073259.3711129935,96.15848275465203,24.0,74.0,70.0,91.0,7,True
37169,"Stokes, NC",37,NC,36.4018,-80.2395,2190883.694008372,4196272.884179878,87.85157200740919,48.0,51.0,62.0,75.0,9,True
37171,"Surry, NC",37,NC,36.4148,-80.6882,2149768.8931722203,4189609.604483752,82.35620675138163,47.0,69.0,68.0,95.0,6,True
37173,"Swain, NC",37,NC,35.4867,-83.4927,1912176.9527586803,4039572.707270123,87.45740226721024,59.0,61.0,60.0,83.0,1,True
37175,"Transylvania, NC",37,NC,35.2022,-82.7983,1981304.1417025735,4018128.5986084547,90.46573707843842,76.0,106.0,93.0,82.0,6,True
37179,"Union, NC",37,NC,34.9884,-80.5307,2195426.9168808134,4031728.7582224472,98.4095629343722,24.0,68.0,72.0,92.0,10,True
37181,"Vance, NC",37,NC,36.3648,-78.4083,2358724.3778991583,4227528.124039478,92.52227047177897,55.0,49.0,53.0,65.0,4,True
37183,"Wake, NC",37,NC,35.7901,-78.6504,2350798.8432608587,4157732.4230229906,96.14149932071392,47.0,40.0,57.0,71.0,10,True
37185,"Warren, NC",37,NC,36.3966,-78.1069,2385443.6527358806,4237304.395327076,88.43110094942875,45.0,51.0,52.0,79.0,1,True
37189,"Watauga, NC",37,NC,36.2313,-81.6969,2061906.9262887014,4151506.6616852307,74.31828880571229,72.0,82.0,95.0,50.0,3,True
37193,"Wilkes, NC",37,NC,36.2065,-81.1638,2110995.6209003935,4157807.19481815,82.66451886814819,57.0,63.0,55.0,81.0,4,True
37195,"Wilson, NC",37,NC,35.7048,-77.9185,2420406.039798229,4162999.2869158224,98.03858694204129,77.0,39.0,74.0,85.0,6,True
37199,"Yancey, NC",37,NC,35.8989,-82.3076,2012917.8108604082,4104130.871836247,76.19060220406644,71.0,61.0,67.0,73.0,2,True
37127,"Nash, NC",37,NC,35.9672,-77.9864,2407460.642375178,4191272.0007786555,93.21652612250479,55.0,44.0,71.0,87.0,7,True
37159,"Rowan, NC",37,NC,35.6396,-80.5247,2181800.015959318,4105251.3051833254,90.23477981278879,35.0,57.0,52.0,91.0,8,True
39001,"Adams, OH",39,OH,38.8457,-83.472,1850928.0732059616,4416065.123863639,81.04180657805784,110.5,88.5,61.2,105.8,1,True
39003,"Allen, OH",39,OH,40.7715,-84.1057,1758937.7878628888,4621569.842900819,84.74255437069205,139.8,134.3,83.7,134.0,5,True
39005,"Ashland, OH",39,OH,40.846,-82.2707,1912944.9266070758,4658676.6181744365,89.16230324474657,117.5,120.3,75.1,91.4,5,True
39009,"Athens, OH",39,OH,39.3337,-82.0452,1965241.6349771246,4493479.378028595,93.15062769850562,83.9,79.8,57.7,90.2,1,True
39011,"Auglaize, OH",39,OH,40.5609,-84.2217,1753142.0585667936,4596383.9475773405,88.1104577973089,139.1,133.0,90.4,126.2,8,True
39013,"Belmont, OH",39,OH,40.0158,-80.9885,2041228.898973982,4588140.329898346,87.62395054763748,120.8,95.2,50.6,79.1,2,True
39015,"Brown, OH",39,OH,38.9344,-83.868,1814632.185400385,4420024.27570594,76.11945415550731,120.1,100.1,71.7,115.3,4,True
39017,"Butler, OH",39,OH,39.4386,-84.5755,1743754.8887763435,4466081.069785039,78.64879129724534,110.5,121.1,77.9,110.8,9,True
39019,"Carroll, OH",39,OH,40.5796,-81.0897,2019350.8331574297,4649345.586458003,86.05040258148621,111.8,100.2,61.6,95.4,4,True
39021,"Champaign, OH",39,OH,40.1377,-83.7696,1799926.8531231151,4555868.006561471,87.26908388801687,131.3,126.1,90.0,129.5,9,True
39023,"Clark, OH",39,OH,39.9168,-83.7835,1803050.2545741508,4531003.145212559,85.07151120023782,136.0,126.1,105.0,116.2,6,True
39175,"Wyandot, OH",39,OH,40.8424,-83.3044,1825430.1986350867,4641615.29618882,85.94353660094953,144.9,130.1,80.0,131.7,5,True
39027,"Clinton, OH",39,OH,39.415,-83.8084,1810622.8740668672,4474600.414685974,82.32507962185288,139.6,133.9,100.0,126.6,5,True
39029,"Columbiana, OH",39,OH,40.7686,-80.7775,2041417.837227072,4676108.154001935,87.96802700517662,125.6,114.6,70.6,82.5,3,True
39031,"Coshocton, OH",39,OH,40.3017,-81.92,1954822.3091831524,4603803.045400368,92.92785687348747,131.7,123.3,102.5,114.2,3,True
39033,"Crawford, OH",39,OH,40.8509,-82.9197,1857844.2938509497,4648631.571768445,89.98471399289633,137.0,133.3,86.4,124.3,4,True
39037,"Darke, OH",39,OH,40.1333,-84.6193,1727243.906579939,4542977.23249442,79.44021589866581,129.4,132.0,75.8,122.7,6,True
39039,"Defiance, OH",39,OH,41.3239,-84.4906,1715846.5050040632,4677546.792252442,87.234639495393,121.5,91.6,63.8,115.2,9,True
39041,"Delaware, OH",39,OH,40.2785,-83.0052,1862511.0965703977,4583388.257872177,91.15490253074424,115.6,112.1,88.0,107.0,10,True
39045,"Fairfield, OH",39,OH,39.7516,-82.6305,1905673.4909779262,4530543.815044018,89.75702603978502,131.2,115.1,97.6,101.1,9,True
39047,"Fayette, OH",39,OH,39.5599,-83.4561,1838284.67693161,4496114.601963656,87.67863908857457,126.3,126.8,101.1,125.6,3,True
39049,"Franklin, OH",39,OH,39.9696,-83.0093,1868531.6851367534,4548831.186970667,93.77377765406672,114.6,112.6,93.2,111.7,8,True
39051,"Fulton, OH",39,OH,41.6018,-84.1301,1740685.750863705,4713755.7615500605,92.95034735541526,139.8,107.5,99.6,137.7,9,True
39053,"Gallia, OH",39,OH,38.8247,-82.3169,1952402.1370105455,4432016.772314071,87.18351748064282,102.5,78.9,65.4,124.4,2,True
39057,"Greene, OH",39,OH,39.6915,-83.8898,1798261.442346989,4504262.807657084,83.21206316617689,137.5,127.0,97.7,118.8,10,True
39059,"Guernsey, OH",39,OH,40.0521,-81.4942,1996926.9578859173,4583242.816561381,86.68436147636558,116.5,101.7,71.2,72.5,2,True
39061,"Hamilton, OH",39,OH,39.1954,-84.5426,1751038.3878346502,4439397.296761422,69.20672302000094,121.1,123.1,79.4,126.9,7,True
39063,"Hancock, OH",39,OH,41.0019,-83.6665,1791563.0261986123,4653832.921755038,83.59907373222013,150.3,117.3,76.4,130.5,9,True
39065,"Hardin, OH",39,OH,40.6615,-83.6594,1798973.4926929385,4615976.917815969,84.79043790026645,129.3,122.7,84.4,119.5,4,True
39067,"Harrison, OH",39,OH,40.2938,-81.0911,2025927.7656222193,4617381.779675298,86.79248006293635,104.9,115.3,52.8,94.1,2,True
39069,"Henry, OH",39,OH,41.3339,-84.0682,1751134.808195736,4684818.148443541,85.94353660094953,145.1,105.5,98.8,122.0,8,True
39073,"Hocking, OH",39,OH,39.497,-82.4792,1924108.7476554508,4504550.338828227,92.03307926581884,125.3,126.6,78.2,107.5,3,True
39075,"Holmes, OH",39,OH,40.5612,-81.9294,1948244.6356179458,4632627.927526276,93.82398547320423,118.8,115.3,80.1,91.3,4,True
39077,"Huron, OH",39,OH,41.1462,-82.5984,1878704.051559149,4686765.319399984,93.15632622388304,122.9,130.3,83.9,116.1,5,True
39079,"Jackson, OH",39,OH,39.0197,-82.6184,1921982.879176935,4448917.542439005,87.41622215465875,113.6,107.3,81.6,106.5,1,True
39081,"Jefferson, OH",39,OH,40.385,-80.761,2052010.4169390528,4633542.42322318,89.80959422598298,100.8,106.3,50.0,88.1,3,True
39083,"Knox, OH",39,OH,40.3988,-82.4216,1909833.7188379373,4606252.04824689,91.51236816756207,122.6,113.1,87.5,105.6,4,True
39087,"Lawrence, OH",39,OH,38.5985,-82.5368,1937832.8710627407,4403113.4300957825,87.86461325234393,117.2,94.6,68.6,86.4,1,True
39089,"Licking, OH",39,OH,40.0918,-82.4835,1911118.9876333727,4570947.664439361,94.19650978419901,122.5,113.4,97.1,98.5,7,True
39091,"Logan, OH",39,OH,40.3885,-83.7658,1795325.603692918,4583911.697438318,85.07764177040751,126.3,126.1,83.0,125.3,5,True
39093,"Lorain, OH",39,OH,41.2955,-82.1512,1913092.2262263729,4710831.811888095,104.63051578603026,112.6,110.3,69.3,79.8,8,True
39097,"Madison, OH",39,OH,39.8941,-83.3999,1836482.2093256298,4534301.451402932,85.78466764462028,127.3,126.8,102.1,120.3,8,True
39099,"Mahoning, OH",39,OH,41.0146,-80.7753,2035680.8703934546,4703624.527444583,89.30145566344027,122.5,118.4,68.9,87.8,3,True
39101,"Marion, OH",39,OH,40.5873,-83.1609,1842855.3647386865,4615398.355521961,87.2805989713972,130.5,125.1,87.3,109.4,4,True
39103,"Medina, OH",39,OH,41.1176,-81.8997,1938275.735800595,4695245.910033947,97.76482739087152,104.3,108.7,72.0,96.6,10,True
39105,"Meigs, OH",39,OH,39.0821,-82.0229,1972612.2514501957,4465706.1091081025,86.03389553126287,81.6,71.8,46.0,96.3,1,True
39107,"Mercer, OH",39,OH,40.54,-84.6293,1718864.7645729678,4588191.849194144,84.79043790026645,137.1,133.0,81.8,126.1,7,True
39109,"Miami, OH",39,OH,40.0534,-84.2289,1762187.3371750417,4539666.164902291,81.11444436850684,132.9,129.4,77.0,115.7,9,True
39111,"Monroe, OH",39,OH,39.7274,-81.0829,2039799.2932777696,4554189.842541438,80.37837187268875,100.5,100.7,50.8,105.4,2,True
39113,"Montgomery, OH",39,OH,39.7545,-84.2906,1762514.9712355074,4505415.407545365,80.94499749990848,120.2,117.2,77.0,111.4,8,True
39115,"Morgan, OH",39,OH,39.6203,-81.8527,1975675.3462053323,4528787.186165581,88.43112546809739,117.1,91.7,69.0,105.2,2,True
39117,"Morrow, OH",39,OH,40.524,-82.7941,1875399.2753844885,4614164.795365384,88.9325389253232,123.6,115.1,90.4,96.3,5,True
39119,"Muskingum, OH",39,OH,39.9654,-81.9444,1960167.9198813927,4565810.495967149,94.25784206204747,125.4,119.8,89.1,104.6,3,True
39121,"Noble, OH",39,OH,39.766,-81.4556,2006733.3402905494,4551926.809033744,85.15157921834633,92.6,95.7,73.4,73.4,2,True
39125,"Paulding, OH",39,OH,41.1166,-84.5801,1712243.2510019622,4653166.059897866,84.93618518197064,141.3,113.2,81.2,110.2,6,True
39127,"Perry, OH",39,OH,39.7371,-82.2361,1940009.5511851583,4535396.531629903,91.15490253074424,124.4,118.3,97.4,99.3,2,True
39129,"Pickaway, OH",39,OH,39.642,-83.0243,1873950.803512127,4512000.272473923,93.15062769850562,111.7,117.0,86.7,116.6,6,True
39131,"Pike, OH",39,OH,39.0774,-83.0668,1881706.0118567594,4448231.989101285,88.30657680000787,106.4,85.7,65.3,83.8,1,True
39133,"Portage, OH",39,OH,41.1676,-81.1962,1996476.1842841778,4713105.61364692,93.82398547320423,108.8,115.5,71.4,95.9,8,True
39135,"Preble, OH",39,OH,39.7416,-84.6481,1731956.809582272,4498871.159076082,84.59243177428851,122.1,132.9,70.6,120.9,6,True
39137,"Putnam, OH",39,OH,41.0221,-84.1317,1751876.529335455,4649127.266206633,85.33924074184002,139.5,116.3,85.4,133.5,10,True
39139,"Richland, OH",39,OH,40.7747,-82.5365,1891955.2388392705,4646327.7800855525,95.44894600783238,129.2,124.5,82.0,115.3,5,True
39141,"Ross, OH",39,OH,39.3376,-83.057,1877306.781105856,4477470.670404923,90.78195222518977,108.7,111.2,79.6,115.6,3,True
39145,"Scioto, OH",39,OH,38.804,-82.9928,1893668.1517346085,4418823.772080509,86.15688147539393,107.4,92.3,77.5,112.6,1,True
39147,"Seneca, OH",39,OH,41.1239,-83.1277,1834543.7643679855,4675781.328390036,95.85831865972929,141.3,125.3,71.8,116.6,5,True
39149,"Shelby, OH",39,OH,40.3315,-84.2048,1758964.4217950485,4571043.822301687,85.78466764462028,128.3,132.1,89.6,127.1,8,True
39151,"Stark, OH",39,OH,40.8138,-81.3659,1990400.015327469,4670596.506422245,87.5971923720688,122.9,121.7,69.6,98.1,6,True
39153,"Summit, OH",39,OH,41.1259,-81.5321,1969109.1536639838,4702521.860923546,97.08365784896486,120.5,119.5,71.8,79.8,7,True
39155,"Trumbull, OH",39,OH,41.3174,-80.7604,2029606.191869408,4737702.506134216,100.71650688024643,114.4,121.4,82.0,102.2,6,True
39157,"Tuscarawas, OH",39,OH,40.441,-81.4738,1989809.7516092123,4627060.9865101855,85.46893342790696,125.7,117.3,82.1,105.2,4,True
39159,"Union, OH",39,OH,40.2995,-83.3715,1830769.0797110635,4579997.357852106,83.3098189170326,117.5,120.9,85.7,110.7,10,True
39161,"Van Wert, OH",39,OH,40.8554,-84.5861,1716645.7814808167,4623967.97315118,82.71462385090643,149.3,135.3,97.6,134.2,7,True
39163,"Vinton, OH",39,OH,39.251,-82.4854,1928746.1795574154,4476944.2198822,92.47046559019593,99.0,119.6,50.9,98.5,1,True
39165,"Warren, OH",39,OH,39.4277,-84.1668,1779338.9584298616,4470731.268200609,83.95622665234772,122.1,117.7,82.8,116.6,10,True
39167,"Washington, OH",39,OH,39.4553,-81.4953,2010297.0906426643,4516479.678292814,83.08495037633983,109.5,97.9,47.0,107.6,4,True
39169,"Wayne, OH",39,OH,40.8289,-81.8883,1945743.8940202377,4663218.220703993,94.95141544206857,123.6,117.5,70.1,93.6,7,True
39171,"Williams, OH",39,OH,41.5603,-84.5882,1703168.2356772895,4702487.716116624,88.9277000108856,120.0,93.5,67.7,112.9,7,True
39173,"Wood, OH",39,OH,41.3617,-83.623,1787972.8353147272,4694608.039629806,91.06954409568169,140.0,108.5,86.2,115.8,9,True
39025,"Clermont, OH",39,OH,39.0476,-84.1522,1787722.5728021981,4428495.517767005,73.21711049129141,114.4,118.5,70.5,123.0,10,True
39071,"Highland, OH",39,OH,39.1848,-83.6009,1833088.1875844556,4452005.103400628,85.4351970223991,126.0,113.5,93.7,128.3,2,True
45001,"Abbeville, SC",45,SC,34.2226,-82.4587,2031268.5118229252,3913254.5540214814,84.44312498820695,53.5,,,,5,False
45005,"Allendale, SC",45,SC,32.9881,-81.3581,2158793.9620690476,3791742.0610940414,102.45935389076854,46.2,83.7,76.6,100.8,1,True
45007,"Anderson, SC",45,SC,34.5191,-82.6379,2008988.232109283,3943824.773132965,84.63314463835738,28.0,59.6,29.0,94.0,8,True
45009,"Bamberg, SC",45,SC,33.2147,-81.0542,2183204.4366106475,3822409.635720539,103.2981144563008,37.2,75.5,56.5,95.1,1,True
45021,"Cherokee, SC",45,SC,35.0482,-81.6204,2093150.0428702761,4019710.0430649603,95.83545599547725,30.0,,,,7,False
45023,"Chester, SC",45,SC,34.6921,-81.1595,2143225.8844746305,3987362.4207709422,98.16034660620143,31.2,36.1,74.5,82.0,5,True
45025,"Chesterfield, SC",45,SC,34.6398,-80.1586,2237652.4194147494,3999061.9464237066,97.7831679296683,26.2,69.0,72.3,80.3,4,True
45031,"Darlington, SC",45,SC,34.3323,-79.9577,2263203.0980577474,3967972.010049392,104.64567660306436,24.3,64.9,73.8,82.4,5,True
45037,"Edgefield, SC",45,SC,33.7723,-81.9666,2085988.366342918,3870328.7095089816,91.95951858755123,26.0,44.2,46.9,50.8,5,True
45039,"Fairfield, SC",45,SC,34.3951,-81.1212,2152919.7793528684,3954527.5116177676,102.59457359999234,43.5,,,,4,False
45047,"Greenwood, SC",45,SC,34.1538,-82.1259,2063711.6420144497,3910761.8872126434,90.89650222812493,48.7,,,,6,False
45055,"Kershaw, SC",45,SC,34.3388,-80.5903,2203775.600311827,3957367.2092375522,105.59959143183724,27.0,79.3,56.4,73.8,9,True
45057,"Lancaster, SC",45,SC,34.6867,-80.7054,2185639.973274986,3994609.2980642035,97.91053073811203,31.2,,,,7,False
45059,"Laurens, SC",45,SC,34.4836,-82.006,2068537.504909149,3949822.843763561,95.81048159911002,19.3,61.6,42.8,67.8,7,True
45061,"Lee, SC",45,SC,34.1633,-80.2545,2239025.189751246,3943503.859924691,105.3616640481087,31.0,74.0,59.4,94.5,2,True
45063,"Lexington, SC",45,SC,33.9022,-81.2722,2148783.3388759447,3896370.7009852794,101.80926441639745,30.1,73.0,54.0,85.3,10,True
45065,"Mccormick, SC",45,SC,33.8996,-82.3099,2051290.3010684426,3879221.9308717935,81.7307947117794,26.0,,,,-1,False
45069,"Marlboro, SC",45,SC,34.602,-79.6786,2283331.0816790955,4003605.6877858145,102.216784068891,27.2,76.7,67.1,94.9,2,True
45071,"Newberry, SC",45,SC,34.2898,-81.6001,2110262.500750676,3934619.4565379974,100.38701207441838,32.3,68.8,60.6,87.4,5,True
45079,"Richland, SC",45,SC,34.0218,-80.9031,2181058.137247703,3916138.863684831,105.53118764376445,30.6,83.2,47.5,96.6,9,True
45081,"Saluda, SC",45,SC,34.0061,-81.7269,2103984.40912841,3900560.260697363,100.12741812511128,27.1,66.7,58.7,83.3,4,True
45083,"Spartanburg, SC",45,SC,34.9313,-81.9907,2061183.94174616,4000464.235823569,92.5694998750773,29.9,42.2,62.1,97.1,9,True
45091,"York, SC",45,SC,34.9747,-81.1845,2135050.2757368004,4018784.425104781,98.2957759081754,31.7,35.1,54.1,90.2,10,True
45087,"Union, SC",45,SC,34.6892,-81.6194,2100478.8818655903,3979300.3273198013,98.1277429562835,21.3,,,,4,False
45003,"Aiken, SC",45,SC,33.5444,-81.6348,2121686.2946676984,3850000.0127355233,91.68265473340138,43.2,67.7,52.8,83.3,10,True
37101,"Johnston, NC",37,NC,35.5176,-78.3657,2383785.5408085436,4132649.7511856714,98.13239792115867,47.0,44.0,76.0,92.0,6,True
37107,"Lenoir, NC",37,NC,35.2393,-77.6416,2457943.7139280136,4116066.515766489,114.90503519247086,84.0,65.0,81.0,85.0,3,True
37191,"Wayne, NC",37,NC,35.3638,-78.004,2421126.5903769257,4122631.8766510156,108.89561012181558,70.0,46.0,80.0,91.0,6,True
37085,"Harnett, NC",37,NC,35.3687,-78.8693,2340807.044408235,4105766.7396852835,98.03858694204129,43.0,50.0,74.0,87.0,4,True
37163,"Sampson, NC",37,NC,34.9915,-78.3712,2396219.913334337,4072996.8680002317,106.98234336697853,62.0,62.0,89.0,92.0,2,True
37047,"Columbus, NC",37,NC,34.2655,-78.655,2387110.0317151314,3985103.4293059125,129.24241217669632,79.0,92.0,94.0,81.0,1,False
45033,"Dillon, SC",45,SC,34.3915,-79.3789,2316165.4020525087,3985419.968841872,110.61877329571105,63.1,76.7,63.8,71.9,2,True
45067,"Marion, SC",45,SC,34.0801,-79.3625,2324782.287081056,3950483.295162112,116.54635505467024,85.0,84.8,74.2,77.1,1,True
45017,"Calhoun, SC",45,SC,33.6749,-80.7802,2199798.897791702,3879078.1110887923,108.86257539681911,37.7,85.7,52.7,103.8,6,True
45041,"Florence, SC",45,SC,34.0245,-79.7028,2293965.1263286965,3937841.93282551,114.97395963199953,45.7,78.2,39.0,84.4,7,True
45085,"Sumter, SC",45,SC,33.9162,-80.3823,2232288.0036978805,3913301.3509217612,110.61877329571105,34.4,82.2,60.8,107.9,4,True
45027,"Clarendon, SC",45,SC,33.6658,-80.2164,2253282.1396207307,3887939.2521423856,116.00342590764046,37.3,78.1,57.5,101.7,1,True
45035,"Dorchester, SC",45,SC,33.0795,-80.4052,2247706.2867057743,3818269.6926150317,125.53468885562108,49.6,88.8,37.0,87.4,10,False
13103,"Effingham, GA",13,GA,32.3675,-81.3407,2172509.9212458143,3721892.147597978,101.08480636256789,37.2,79.4,37.6,79.2,9,True
45075,"Orangeburg, SC",45,SC,33.439,-80.8003,2202746.0654028878,3852076.370969217,111.23513088556396,40.1,79.9,52.7,103.8,3,True
45089,"Williamsburg, SC",45,SC,33.6199,-79.7277,2300535.2771391673,3891586.19648152,125.79199645515612,53.4,67.5,46.6,83.4,2,False
37055,"Dare, NC",37,NC,35.7715,-75.8009,2614357.8288052706,4217101.750170333,139.162090234439,82.0,90.0,92.0,90.0,10,False
37137,"Pamlico, NC",37,NC,35.1407,-76.7488,2543679.397002365,4124059.59524452,122.56112267825618,97.0,109.0,109.0,112.0,3,False
37017,"Bladen, NC",37,NC,34.6143,-78.5632,2387417.064253207,4026439.1366244685,114.04856599808866,76.0,83.0,93.0,85.0,2,True
13087,"Decatur, GA",13,GA,30.8815,-84.572,1885999.928711846,3507239.4512013867,96.96224176076569,76.4,99.4,94.6,109.9,5,True
45049,"Hampton, SC",45,SC,32.7763,-81.1406,2183694.5827151174,3771413.3008769955,112.05840163970275,53.6,89.8,62.7,93.6,3,True
45019,"Charleston, SC",45,SC,32.8411,-79.9439,2296759.812827548,3799443.0351391668,153.61776984153693,74.5,68.4,76.6,95.6,8,False
13253,"Seminole, GA",13,GA,30.9481,-84.8681,1856313.0937967673,3510973.6819484932,92.78736104712145,105.4,119.5,125.6,123.0,2,True
39095,"Lucas, OH",39,OH,41.62,-83.6586,1779750.2039141457,4722852.14595157,97.02236484940977,147.4,108.5,97.1,125.9,6,True
39123,"Ottawa, OH",39,OH,41.5381,-83.1467,1824279.3198115267,4721661.998246139,107.87507223704448,130.2,115.3,70.3,106.8,9,True
39055,"Geauga, OH",39,OH,41.4995,-81.1786,1990095.298926664,4750456.8708769195,119.89910231183015,92.6,104.8,59.8,101.9,10,True
13049,"Charlton, GA",13,GA,30.7818,-82.138,2124506.984335238,3530012.2702951315,95.66707704321475,52.6,54.1,50.0,59.1,6,True
37103,"Jones, NC",37,NC,35.0222,-77.3555,2490181.5417874996,4097493.967878954,121.40910582095047,82.0,83.0,78.0,83.0,2,False
39085,,39,OH,41.6968,-81.237,1980515.3084680692,4771422.574691727,131.42687520940015,,,,,-1,False
39143,"Sandusky, OH",39,OH,41.3565,-83.145,1828228.1707974428,4701444.553312515,99.21123552940863,135.6,130.3,85.8,118.5,7,True
37061,"Duplin, NC",37,NC,34.9365,-77.9333,2438425.434653478,4075682.31244747,116.95382608145353,76.0,77.0,91.0,85.0,2,True
13239,"Quitman, GA",13,GA,31.8674,-85.0188,1828312.5291743581,3612364.279636794,84.47801153129811,32.7,77.5,66.4,101.0,1,True
13061,"Clay, GA",13,GA,31.6264,-84.9803,1835559.1724651481,3585782.4397836127,88.9713089542314,54.7,87.7,83.2,108.7,1,True
13121,"Fulton, GA",13,GA,33.7903,-84.4669,1850873.1357542921,3835434.6721236454,72.20015467054104,62.0,51.5,66.7,83.3,9,True
37111,"Mcdowell, NC",37,NC,35.6813,-82.0487,2040946.4628627244,4083871.388494482,85.68149085751517,61.0,85.0,83.0,99.0,-1,True
37149,"Polk, NC",37,NC,35.2793,-82.1696,2037795.7725417153,4036715.9492242048,92.17085160475342,72.0,60.0,54.0,88.0,8,True
37161,"Rutherford, NC",37,NC,35.4023,-81.9202,2058337.9723136104,4054602.2346374523,86.29156102159848,49.0,52.0,54.0,75.0,6,True
37099,"Jackson, NC",37,NC,35.2874,-83.1408,1948159.309005451,4022464.051195152,85.92567892378604,72.0,85.0,93.0,64.0,4,True
37027,"Caldwell, NC",37,NC,35.953,-81.5465,2081399.1638263834,4122752.2989813746,84.09158993577527,71.0,60.0,55.0,75.0,7,True
37023,"Burke, NC",37,NC,35.7495,-81.7045,2071128.3903804081,4097216.801418144,80.56251007603784,52.0,68.0,57.0,95.0,7,True
39007,"Ashtabula, OH",39,OH,41.7074,-80.7485,2021093.8183819805,4781436.921872749,128.62578847307168,100.4,112.6,61.8,82.4,3,False
45045,"Greenville, SC",45,SC,34.8944,-82.3708,2026677.7847030007,3990217.544962501,94.73456383357919,24.1,54.4,49.9,88.7,9,True
45073,"Oconee, SC",45,SC,34.7535,-83.0659,1964883.0557613685,3963628.500220881,84.80903192481043,53.1,66.8,56.0,99.3,8,True
45077,"Pickens, SC",45,SC,34.8875,-82.7254,1993957.3352332923,3983891.2863105414,88.47261465600343,53.3,68.8,76.5,94.0,8,True
13039,"Camden, GA",13,GA,30.9335,-81.682,2166312.1121868435,3554198.014078102,122.33548657612076,37.5,53.1,19.6,50.0,9,False
45015,"Berkeley, SC",45,SC,33.1978,-79.9508,2288493.253756095,3839730.6024776036,131.8352253378577,34.7,67.4,36.4,63.8,9,False
45051,"Horry, SC",45,SC,33.9215,-78.9966,2362929.378572521,3939477.8305235263,133.23804604345528,93.3,97.1,84.7,83.4,7,False
13029,"Bryan, GA",13,GA,31.7798,-81.1919,2198137.4626664454,3657840.604003108,117.86195901495616,21.7,85.4,28.1,61.8,9,True
45029,"Colleton, SC",45,SC,32.8655,-80.668,2227040.2965699155,3789497.439983562,125.72241838312395,38.7,84.7,57.4,81.2,3,False
13051,"Chatham, GA",13,GA,31.9297,-81.0394,2209981.9331195224,3677319.98896764,125.34998591927999,21.8,73.9,21.5,50.0,8,False
13183,"Long, GA",13,GA,31.7528,-81.746,2145090.1584471026,3645877.0234650387,94.10319910981626,59.1,72.4,23.8,78.3,3,True
39035,,39,OH,41.4243,-81.6587,1951565.281432499,4733613.153244392,113.20779008023986,,,,,-1,False
39043,"Erie, OH",39,OH,41.3635,-82.6178,1872369.2208561336,4710684.0923382705,101.19189334557348,131.2,135.3,88.9,124.5,8,True
13127,"Glynn, GA",13,GA,31.2365,-81.5512,2173509.166171359,3590555.307175966,124.77235472405603,,,,66.2,9,False
28027,,28,MS,34.2292,-90.6027,1274404.3958265036,3819628.22239657,108.01281028196364,,,,,-1,False
28025,"Clay, MS",28,MS,33.6557,-88.7815,1449389.1776500205,3771202.1843365417,98.1063219343541,70.0,80.0,57.0,70.0,7,True
28023,"Clarke, MS",28,MS,32.0414,-88.6894,1475759.539698727,3591914.911802119,112.52068175103422,70.0,65.0,53.0,60.0,8,True
28021,"Claiborne, MS",28,MS,31.9737,-90.9118,1265312.8000891658,3566242.263744815,97.43629513040929,85.0,78.0,52.0,75.8,1,True
28019,"Choctaw, MS",28,MS,33.3473,-89.2484,1409107.4300825512,3732567.6272775787,100.32404491645796,70.0,75.0,52.0,56.0,5,True
28017,"Chickasaw, MS",28,MS,33.9208,-88.9479,1430952.8871604702,3799229.40418695,95.05447042531712,72.0,89.7,54.0,68.2,7,True
28015,"Carroll, MS",28,MS,33.4485,-89.9202,1345271.3492849122,3738113.5483033047,97.78238430901982,69.0,90.0,65.0,60.0,5,True
28013,"Calhoun, MS",28,MS,33.9364,-89.3364,1394676.871996212,3797466.2795955823,97.85106621831244,70.0,80.0,56.0,57.1,6,True
28011,"Bolivar, MS",28,MS,33.7955,-90.8804,1252583.1430439488,3769263.044366475,106.52269844074226,80.0,,,,2,False
28109,"Pearl River, MS",28,MS,30.7686,-89.5898,1402457.1784127015,3442084.39985828,101.42828080755841,76.0,70.0,53.1,59.0,9,True
28003,"Alcorn, MS",28,MS,34.8808,-88.5803,1454009.2263404732,3909758.6088325097,86.28459903483842,71.0,90.0,76.0,66.7,7,True
28163,"Yazoo, MS",28,MS,32.7804,-90.3965,1306947.066484976,3659895.677914732,100.40541757262302,80.0,92.0,64.0,76.2,2,True
47133,"Overton, TN",47,TN,36.345,-85.2881,1733879.6243785527,4110695.9044960057,79.23395892472057,68.0,75.0,50.0,100.0,2,True
47135,"Perry, TN",47,TN,35.6426,-87.859,1510659.6654011502,4001993.4457169957,90.57201238049849,77.0,77.0,70.0,92.0,3,True
01041,"Crenshaw, AL",01,AL,31.7315,-86.3136,1706176.6328712439,3581624.2685394282,106.63340850616936,50.0,72.7,46.9,81.4,2,True
01043,"Cullman, AL",01,AL,34.132,-86.8676,1621759.74540415,3844033.9266665196,108.25409937577218,62.5,85.8,41.2,82.4,7,True
01045,"Dale, AL",01,AL,31.4318,-85.611,1777695.444033328,3556199.3580089207,99.78711418633883,33.8,57.0,25.5,82.9,9,True
01047,"Dallas, AL",01,AL,32.3258,-87.1065,1622864.9860251127,3639422.6417221203,113.89438179727304,44.1,60.7,45.5,71.5,2,True
01049,"De Kalb, AL",01,AL,34.4598,-85.8041,1715851.3699139548,3893206.6025214735,93.61927236603952,49.3,79.8,41.8,90.0,-1,True
01051,"Elmore, AL",01,AL,32.5966,-86.1492,1710148.9391053712,3680435.788577554,103.4680695515358,40.8,51.3,51.0,100.0,10,True
01053,"Escambia, AL",01,AL,31.1262,-87.1616,1632428.8356081517,3504605.139691554,139.3986077483409,62.6,91.1,38.1,88.3,3,False
01055,"Etowah, AL",01,AL,34.0453,-86.0348,1700477.5555918396,3844006.6872942206,100.8082662795107,53.1,56.7,43.3,88.9,8,True
01057,"Fayette, AL",01,AL,33.7212,-87.7388,1545913.2346562506,3788750.8829363002,108.73100950534871,60.0,78.1,50.0,78.6,5,True
01059,"Franklin, AL",01,AL,34.4417,-87.8438,1527222.3452657382,3868122.3048721226,96.55423668095095,57.1,76.3,61.3,72.2,3,True
01061,"Geneva, AL",01,AL,31.095,-85.839,1760348.468874665,3515718.965449936,108.2025980166959,52.5,67.8,32.3,55.6,5,True
01063,"Greene, AL",01,AL,32.8531,-87.9522,1536389.0957648042,3689618.807526586,114.90999273164493,30.0,45.5,38.3,64.0,1,True
01065,"Hale, AL",01,AL,32.7627,-87.6291,1567960.4680483441,3682792.233697263,112.8689896248851,64.5,82.7,58.9,81.7,1,True
01069,"Houston, AL",01,AL,31.1532,-85.3025,1811347.4553131964,3528646.724397821,90.04066268312566,45.0,72.2,60.9,74.5,9,True
01073,"Jefferson, AL",01,AL,33.5543,-86.8965,1626788.3506644033,3779118.1857862696,112.8689896248851,58.3,40.0,,,9,False
01075,"Lamar, AL",01,AL,33.7792,-88.0969,1511805.3678414538,3791592.098060685,106.9818451575442,54.2,62.5,54.2,87.1,5,True
01077,"Lauderdale, AL",01,AL,34.9015,-87.6543,1538890.8983146143,3921432.429109905,95.81345262691248,70.0,77.9,34.5,79.3,8,True
01079,"Lawrence, AL",01,AL,34.522,-87.311,1575466.9132739203,3882726.3364888406,101.50492254647396,75.0,65.7,31.1,83.3,7,True
01081,"Lee, AL",01,AL,32.6012,-85.3556,1785383.9371549233,3690504.11788972,89.52363153020497,40.0,75.0,30.0,48.6,6,True
01083,"Limestone, AL",01,AL,34.8101,-86.9813,1602057.5708295435,3918547.053835852,92.81794887586351,69.3,58.2,30.3,82.2,10,True
01085,"Lowndes, AL",01,AL,32.1548,-86.6501,1668468.8067716125,3625260.006896881,109.53426985028514,56.3,77.2,40.0,96.4,2,True
01087,"Macon, AL",01,AL,32.386,-85.6926,1756462.7652617013,3662247.403074131,96.95363305139011,42.2,57.3,30.0,40.0,2,True
01089,"Madison, AL",01,AL,34.7631,-86.5502,1642459.0863635738,3918212.3200767417,97.86516036379548,63.3,71.2,45.9,80.0,10,True
01091,"Marengo, AL",01,AL,32.2476,-87.7895,1558947.1952605639,3623594.809113425,119.65963118682953,54.5,50.0,53.8,62.7,4,True
01093,"Marion, AL",01,AL,34.1366,-87.8871,1526987.3070158472,3833614.6660676314,102.00468632156984,52.3,76.7,47.6,77.5,3,True
01095,"Marshall, AL",01,AL,34.3669,-86.3066,1670601.4326741819,3876756.7989664143,103.02314262890243,61.4,86.8,42.3,94.3,7,True
01099,"Monroe, AL",01,AL,31.5706,-87.3658,1607443.4352687914,3552213.2525595943,128.1031999503884,71.0,75.3,45.2,94.8,6,False
01101,"Montgomery, AL",01,AL,32.2202,-86.2076,1709743.3053348232,3637591.823293931,110.62782747536042,61.1,75.7,78.3,74.0,10,True
01103,"Morgan, AL",01,AL,34.4535,-86.8529,1618767.3102913136,3880138.230241186,101.33798138082294,53.3,55.2,37.1,88.5,10,True
31049,"Deuel, NE",31,NE,41.1116,-102.3339,220065.72464743984,4556504.223937579,134.1621727407467,138.4,146.1,153.5,133.6,5,False
31051,"Dixon, NE",31,NE,42.4932,-96.8678,675217.2160763287,4706740.866027627,93.67522190730777,95.7,97.5,59.5,60.2,4,True
31053,"Dodge, NE",31,NE,41.578,-96.654,695575.1484754994,4605581.748203702,88.31359962802534,123.5,122.6,110.2,111.8,9,True
31055,"Douglas, NE",31,NE,41.2953,-96.1544,738260.8220550938,4575445.3438860765,95.18477648874848,130.1,124.4,95.3,101.2,10,True
31057,"Dundy, NE",31,NE,40.1762,-101.6879,271138.2394288662,4450778.663859117,131.1788953385821,122.2,152.2,140.5,131.5,5,False
31059,"Fillmore, NE",31,NE,40.5247,-97.5964,618890.6858022177,4486942.778310158,97.74619025505442,146.3,150.7,150.1,154.4,8,True
31061,"Franklin, NE",31,NE,40.1764,-98.9527,504027.10528560955,4447337.264816933,107.72163170465176,139.5,147.7,141.3,145.9,5,True
31063,"Frontier, NE",31,NE,40.5301,-100.3942,381915.0378122766,4487529.573692137,121.67826296476507,129.1,131.2,134.6,121.5,4,False
31065,"Furnas, NE",31,NE,40.1765,-99.9123,422326.65846089856,4447746.25602316,108.4360716109107,113.0,120.9,105.2,121.7,2,True
31067,"Gage, NE",31,NE,40.2619,-96.6893,696493.9261080138,4459387.695518005,106.40161612492707,126.2,120.3,122.5,130.5,7,True
31069,"Garden, NE",31,NE,41.6194,-102.3354,222111.46752873046,4612895.474723518,139.05891977403306,130.6,121.4,127.1,95.4,2,False
31071,"Garfield, NE",31,NE,41.9143,-98.9914,500713.1864020032,4640261.159178137,121.06962201377581,117.0,119.7,122.6,120.6,1,False
31073,"Gosper, NE",31,NE,40.5148,-99.8307,429626.66649726615,4485228.96176035,119.06082481191832,136.3,153.6,156.2,141.2,9,True
31075,"Grant, NE",31,NE,41.915,-101.7405,272727.0488850961,4643971.2530539725,146.29749465018017,115.0,120.0,119.0,115.0,3,False
31077,"Greeley, NE",31,NE,41.5675,-98.5212,539920.50782923,4601868.7337073,108.66334989301714,114.1,114.5,122.0,115.6,2,True
31079,"Hall, NE",31,NE,40.8725,-98.5022,541946.3910614562,4524722.752142115,99.5254990646894,137.4,153.5,148.6,145.7,9,True
31081,"Hamilton, NE",31,NE,40.8735,-98.0233,582299.3927352731,4525173.57220609,88.65602513180832,153.4,157.1,150.0,160.2,9,True
31083,"Harlan, NE",31,NE,40.1765,-99.4046,465552.50157178304,4447425.759631964,108.67774106262333,132.5,148.1,135.3,142.1,2,True
31085,"Hayes, NE",31,NE,40.5248,-101.0618,325354.14307877154,4488049.828440111,125.58525119891665,87.5,107.2,110.0,103.6,4,False
31087,"Hitchcock, NE",31,NE,40.1763,-101.0422,326121.3134358757,4449324.71327988,125.03625023144491,104.8,123.9,116.5,116.7,4,False
31089,"Holt, NE",31,NE,42.4557,-98.7838,517776.85616477835,4700396.7304005,115.50243434059493,145.7,135.3,139.7,134.6,4,True
31091,"Hooker, NE",31,NE,41.9159,-101.1353,322922.3922804688,4642643.6139861895,150.10920978596502,115.0,123.0,116.0,121.0,3,False
31093,"Howard, NE",31,NE,41.22,-98.5171,540477.3535866692,4563292.019306509,108.72328725166162,126.5,135.8,126.5,133.9,6,True
31095,"Jefferson, NE",31,NE,40.1757,-97.1426,658144.7038616537,4448912.514975354,103.67427816398987,143.0,127.9,127.1,138.3,6,True
31097,"Johnson, NE",31,NE,40.3926,-96.2649,732139.0444077128,4474925.471883853,97.39362439814633,127.7,115.8,108.4,99.9,4,True
31099,"Kearney, NE",31,NE,40.5067,-98.948,504405.7222476039,4483999.729872017,106.3464468733682,144.9,154.3,151.1,150.9,10,True
31101,"Keith, NE",31,NE,41.1988,-101.6613,276843.67971267283,4564241.111964238,130.09477467203328,142.0,157.6,147.3,137.0,7,False
31103,"Keya Paha, NE",31,NE,42.8789,-99.7124,441819.4315841012,4747613.11620211,139.16968122769475,86.0,93.3,89.2,83.7,1,False
31105,"Kimball, NE",31,NE,41.1977,-103.715,104588.90340146836,4571433.167094262,158.83084309400982,97.7,95.5,85.5,74.6,8,False
31107,"Knox, NE",31,NE,42.6369,-97.8919,590849.8902102584,4721089.545288101,104.29127676948056,89.8,83.8,80.8,74.4,1,True
24025,"Harford, MD",24,MD,39.5818,-76.1813,2468484.309408976,4638616.062905416,98.80961375523022,71.0,100.0,71.0,114.0,8,True
24009,"Calvert, MD",24,MD,38.3838,-76.4805,2477638.2252772255,4496920.843316452,78.08235142924933,60.0,48.0,54.0,85.0,10,True
51510,,51,VA,38.8185,-77.0861,2411655.8710273323,4532217.44682543,70.40654287998905,,,,,-1,False
24510,,24,MD,39.2531,-76.5758,2443868.483468051,4592574.313784681,80.81493600344182,,,,,-1,False
24037,"St Marys, MD",24,MD,38.2729,-76.6202,2468439.668787687,4481246.090647925,76.30516914772528,63.0,48.0,47.9,89.0,-1,True
24003,"Anne Arundel, MD",24,MD,39.0074,-76.6088,2448170.107772097,4564195.060150155,78.9939112185229,71.0,65.0,58.1,108.1,9,True
24017,"Charles, MD",24,MD,38.393,-76.9809,2433004.1151208556,4486670.672525986,61.8602416749509,67.0,48.0,55.0,86.1,9,True
51099,"King George, VA",51,VA,38.3151,-77.0516,2428932.1841284875,4476327.082119125,66.97515404302557,79.0,68.0,77.0,122.0,9,True
51059,"Fairfax, VA",51,VA,38.6971,-77.1788,2406922.335516196,4516509.281659249,70.90750970903461,42.0,61.0,,,10,False
51153,"Prince William, VA",51,VA,38.5711,-77.2826,2401296.810733875,4500048.281419986,68.15997673014758,65.0,55.0,63.0,89.0,10,True
51179,"Stafford, VA",51,VA,38.3825,-77.3287,2402473.964802754,4477812.89001265,67.4494972424111,70.0,52.0,63.0,97.0,10,True
24033,"Prince Georges, MD",24,MD,38.8313,-76.8436,2432632.5658501396,4539074.292318419,68.28250602903071,67.0,50.0,57.0,87.9,-1,True
51125,"Nelson, VA",51,VA,37.7874,-78.8867,2279651.699779528,4378196.296323011,79.85706380745376,34.0,57.0,70.0,106.0,4,True
51127,"New Kent, VA",51,VA,37.5052,-76.9972,2456439.013343972,4386230.2796610175,54.34602107557961,43.0,72.0,71.0,127.0,9,True
51135,"Nottoway, VA",51,VA,37.1431,-78.0513,2371204.684883479,4322715.113057912,75.10905150489343,,40.0,74.0,85.0,3,True
51145,"Powhatan, VA",51,VA,37.5502,-77.9151,2372763.906438796,4371469.9163654465,76.60811520055005,39.0,55.0,70.0,107.0,9,True
51147,"Prince Edward, VA",51,VA,37.2243,-78.4411,2333941.279164646,4323813.556303549,80.99872703843693,32.0,44.0,75.0,99.0,3,True
51101,"King William, VA",51,VA,37.7067,-77.0884,2442657.269299398,4406947.496194424,61.70038083783392,42.0,79.0,79.0,121.0,8,True
51183,"Sussex, VA",51,VA,36.9218,-77.2618,2448539.119838294,4314557.582216261,72.10675333426586,33.0,63.0,88.0,99.0,2,True
51085,"Hanover, VA",51,VA,37.7601,-77.4909,2405143.637179114,4404182.282080052,70.98154669950671,41.0,72.0,79.0,122.0,9,True
47137,"Pickett, TN",47,TN,36.5585,-85.0748,1749662.9803681083,4137392.812547442,85.01122851370526,73.0,87.0,,80.0,1,False
47141,"Putnam, TN",47,TN,36.1408,-85.4951,1718395.0142750787,4085173.578796655,73.95627046659534,59.0,70.0,47.0,77.0,6,True
47143,"Rhea, TN",47,TN,35.6087,-84.9244,1778935.9072150744,4033109.108186373,84.31252132540841,43.0,48.0,43.0,75.0,4,True
47145,"Roane, TN",47,TN,35.8478,-84.5233,1811581.471769791,4065326.717312197,86.25307535639482,50.0,64.0,47.0,93.0,8,True
47147,"Robertson, TN",47,TN,36.5254,-86.8705,1588257.8155840358,4111382.8819947033,87.33646656940974,74.0,101.0,42.0,112.0,10,True
47149,"Rutherford, TN",47,TN,35.8427,-86.4167,1639208.0417258132,4040448.1736430693,86.25291750034333,64.0,64.0,41.0,77.0,10,True
47151,"Scott, TN",47,TN,36.4286,-84.5035,1803469.1186274583,4130632.768538561,81.29408083225819,75.0,84.0,74.0,76.0,1,True
47153,"Sequatchie, TN",47,TN,35.3712,-85.4106,1738224.8536254195,4000159.3928809077,77.74928044876249,66.0,64.0,78.0,90.0,3,True
47157,"Shelby, TN",47,TN,35.1837,-89.8956,1330105.711904285,3931606.4331977265,98.8424429680991,67.0,91.0,74.0,105.0,10,True
47159,"Smith, TN",47,TN,36.2505,-85.9567,1674855.3697465737,4091609.580541119,79.6483274406452,53.0,79.0,52.0,82.0,8,True
47161,"Stewart, TN",47,TN,36.5012,-87.8385,1501398.3609078997,4097988.7402991033,87.88610753923261,67.0,73.0,52.0,90.0,5,True
47163,"Sullivan, TN",47,TN,36.5129,-82.3042,2001010.6839410206,4173130.5794419516,78.78243625389946,72.0,59.0,50.0,94.0,9,True
47165,"Sumner, TN",47,TN,36.4694,-86.4603,1626053.0415925405,4109940.26634029,82.91840956263272,44.0,89.0,42.0,88.0,10,True
47169,"Trousdale, TN",47,TN,36.3921,-86.1567,1654614.6128460823,4104970.8576178765,82.79643736342311,53.0,83.0,54.0,92.0,4,True
47171,,47,TN,36.1108,-82.4322,1997367.7046188214,4125931.821174161,81.21085806836759,,,,,-1,False
47173,"Union, TN",47,TN,36.2879,-83.8375,1866274.3729811655,4124346.545395873,80.46523193245523,63.0,,,,4,False
47175,"Van Buren, TN",47,TN,35.696,-85.4525,1729293.7577091302,4035966.1215892504,83.05499557224552,56.0,67.0,,90.0,5,False
47177,"Warren, TN",47,TN,35.6787,-85.7785,1699812.3797036652,4029900.715872521,79.18854959581165,61.0,53.0,48.0,96.0,6,True
47179,"Washington, TN",47,TN,36.2933,-82.4974,1987841.6438806064,4145379.5095883426,74.60457046923051,41.0,67.0,55.0,94.0,8,True
47181,"Wayne, TN",47,TN,35.2399,-87.788,1522292.3888829295,3957799.1894850982,91.99708311248669,54.0,67.0,47.0,98.0,2,True
47183,"Weakley, TN",47,TN,36.2983,-88.7178,1424688.7609448093,4066461.1818254082,84.69432822519956,92.0,109.0,91.0,127.0,6,True
47187,"Williamson, TN",47,TN,35.8938,-86.8986,1594659.2549768866,4040538.0817294978,88.01265560080193,49.0,76.0,60.0,90.0,10,True
45011,"Barnwell, SC",45,SC,33.2661,-81.435,2146041.0788167566,3821869.2650766885,103.42158207495274,34.7,66.3,46.9,98.7,6,True
37049,"Craven, NC",37,NC,35.1262,-77.0969,2511597.3900602637,4114833.349165717,122.72837199259085,80.0,83.0,78.0,92.0,7,False
13297,"Walton, GA",13,GA,33.7816,-83.7338,1919752.342054506,3844630.1068944167,65.18515091168948,31.1,25.5,32.1,85.0,9,True
37013,"Beaufort, NC",37,NC,35.4947,-76.8631,2523565.951405111,4161725.2510565585,106.3471751197161,99.0,101.0,99.0,105.0,4,True
45053,"Jasper, SC",45,SC,32.4045,-80.8545,2218455.753736885,3734155.1587602077,118.5770525672851,47.1,57.2,40.2,62.7,2,True
37117,"Martin, NC",37,NC,35.8416,-77.1072,2491708.0795186255,4195721.887506417,89.34714188744466,80.0,62.0,75.0,92.0,3,True
45043,"Georgetown, SC",45,SC,33.4408,-79.3367,2341601.0071342774,3878542.0366568775,145.09685248731245,52.9,67.5,46.6,73.0,6,False
37129,"New Hanover, NC",37,NC,34.2422,-77.8846,2460246.080841491,3997925.3490463546,151.23149906543847,81.0,74.0,86.0,93.0,9,False
37019,"Brunswick, NC",37,NC,34.0747,-78.2441,2430406.4340354507,3971623.7769225575,150.5124642453619,88.0,72.0,89.0,76.0,6,False
37031,"Carteret, NC",37,NC,34.8306,-76.6707,2559266.5713592037,4090549.2191072917,153.90265528112585,102.0,110.0,104.0,100.0,7,False
37133,"Onslow, NC",37,NC,34.7374,-77.4342,2490143.451126015,4063508.4441131293,132.22270106119092,77.0,90.0,91.0,77.0,5,False
37141,"Pender, NC",37,NC,34.386,-77.6199,2481606.47270852,4019720.830097346,148.07381073117162,84.0,86.0,99.0,90.0,5,False
37095,"Hyde, NC",37,NC,35.5318,-76.2485,2579593.4403673005,4179626.077121309,133.9212082550156,90.0,121.0,113.0,114.0,1,False
37187,"Washington, NC",37,NC,35.8221,-76.5767,2541206.146918239,4205190.026950921,103.95518584459559,85.0,94.0,91.0,98.0,4,True
37177,"Tyrrell, NC",37,NC,35.8161,-76.2118,2575090.174792813,4212728.139108713,122.1531660421374,82.0,111.0,117.0,105.0,1,False
01015,"Calhoun, AL",01,AL,33.7714,-85.8261,1723931.2092454224,3815865.284809697,100.32413862498584,59.4,90.0,54.5,106.3,9,True
01013,"Butler, AL",01,AL,31.7524,-86.6803,1670800.9385998894,3579869.576269512,118.1645144233058,73.3,74.1,45.0,73.5,2,True
01011,"Bullock, AL",01,AL,32.1005,-85.7161,1758260.0638994544,3629952.61097104,97.11362305983793,39.0,50.0,24.0,60.0,1,True
01009,"Blount, AL",01,AL,33.9809,-86.5674,1651760.364274415,3830544.621641673,104.64725849759894,66.7,86.9,54.3,85.0,8,True
01007,"Bibb, AL",01,AL,32.9986,-87.1264,1612434.9914376747,3714459.6897047926,111.65117343156173,45.0,,,,4,False
01005,"Barbour, AL",01,AL,31.8696,-85.3932,1792413.0494824834,3607961.0454945406,87.89570163041381,38.2,77.0,29.4,65.4,4,True
01071,"Jackson, AL",01,AL,34.7794,-85.9993,1693064.565104604,3926583.8916420788,91.36117210776405,53.5,65.5,50.5,79.5,7,True
01019,"Cherokee, AL",01,AL,34.176,-85.6038,1738692.4424451222,3863911.8619248644,93.07736840772033,47.7,71.0,32.7,73.3,6,True
01021,"Chilton, AL",01,AL,32.8479,-86.7188,1652850.5332245834,3702074.629966624,117.12563309479192,35.0,39.2,32.0,,7,False
01023,"Choctaw, AL",01,AL,32.0192,-88.2628,1516582.9230794823,3593434.629665131,115.80489694711844,44.6,50.0,36.0,85.7,2,True
01027,"Clay, AL",01,AL,33.2691,-85.8605,1727967.3909519527,3759190.512644999,103.12279258405897,36.0,,,,4,False
01029,"Cleburne, AL",01,AL,33.6745,-85.5188,1754122.4320978003,3808794.776079372,91.94975373762323,62.0,90.0,,,6,False
17201,"Winnebago, IL",17,IL,42.3363,-89.1609,1310907.7332652216,4734252.505007645,102.55470502083091,130.0,113.0,53.0,126.0,9,True
17203,"Woodford, IL",17,IL,40.7882,-89.2111,1326473.320731899,4561610.643909635,102.01995789693417,131.0,129.0,53.0,118.0,10,True
17063,"Grundy, IL",17,IL,41.285,-88.4185,1386715.177945994,4624751.882082342,96.17270065460934,137.0,120.0,52.0,149.0,10,True
17001,"Adams, IL",17,IL,39.9878,-91.1886,1167257.005329846,4455732.521627835,96.96502047400875,135.0,132.0,76.0,78.0,4,True
17003,"Alexander, IL",17,IL,37.1915,-89.3376,1358654.8927218602,4160120.8767455714,73.74380323282854,96.0,110.0,80.0,102.0,1,True
17005,"Bond, IL",17,IL,38.8868,-89.4356,1330329.0267592273,4347948.879464438,98.3511406120649,119.0,115.0,55.0,114.0,5,True
17007,"Boone, IL",17,IL,42.3231,-88.8234,1338925.6656542823,4736093.816245013,96.72970654693998,135.0,119.0,66.0,138.0,10,True
17009,"Brown, IL",17,IL,39.9618,-90.7504,1205000.8932243183,4456239.3963263165,96.76657080667461,130.0,116.0,78.0,110.0,2,True
17011,"Bureau, IL",17,IL,41.4041,-89.5287,1292111.8101890967,4627129.38361436,100.32053204575715,135.0,132.0,67.0,113.0,6,True
17013,"Calhoun, IL",17,IL,39.1692,-90.6675,1220316.825474111,4368765.507713489,101.36533273475202,123.0,120.0,99.0,114.0,2,True
17015,"Carroll, IL",17,IL,42.0688,-89.9345,1250289.0380136892,4697361.602660453,99.7472652054338,133.0,137.0,56.0,128.0,6,True
17017,"Cass, IL",17,IL,39.9736,-90.2474,1247912.6288075834,4461683.999606882,99.68012537189311,152.0,139.0,86.0,133.0,4,True
17019,"Champaign, IL",17,IL,40.1401,-88.1991,1420982.691820826,4499633.153234476,97.29380322530243,144.0,154.0,85.0,136.0,7,True
17021,"Christian, IL",17,IL,39.5458,-89.2773,1336153.4229824957,4422758.060144142,96.44514772489153,161.0,152.0,90.0,147.0,5,True
17023,"Clark, IL",17,IL,39.3335,-87.7878,1467508.2340523708,4414215.847189951,88.83062468836752,147.0,147.0,98.0,131.0,4,True
17025,"Clay, IL",17,IL,38.7542,-88.4902,1414302.7466449453,4342323.430744087,89.43904870182351,105.0,124.0,62.0,102.0,2,True
17027,"Clinton, IL",17,IL,38.6065,-89.4224,1334772.0258950272,4316873.784540051,91.99270504480091,110.0,120.0,71.0,99.0,9,True
17029,"Coles, IL",17,IL,39.5202,-88.2218,1427458.9546623775,4430381.808170181,91.4043734004273,150.0,154.0,87.0,140.0,5,True
17033,"Crawford, IL",17,IL,39.0028,-87.7595,1474580.6948693404,4377685.668572599,82.21234222349487,128.0,140.0,81.0,131.0,5,True
17035,"Cumberland, IL",17,IL,39.2732,-88.2403,1429181.0650262383,4402685.379547668,93.7810389747927,143.0,141.0,90.0,125.0,4,True
17037,"De Kalb, IL",17,IL,41.8934,-88.7704,1349081.137156549,4688841.313500975,96.95144789874772,139.0,142.0,96.0,141.0,-1,True
17039,"De Witt, IL",17,IL,40.1746,-88.9041,1360322.4860955128,4496312.62853778,100.73619822746616,153.0,152.0,85.0,136.0,8,True
17041,"Douglas, IL",17,IL,39.7695,-88.2174,1424465.4011315159,4458184.543374911,94.82410827878488,155.0,163.0,89.0,132.0,7,True
17043,"Du Page, IL",17,IL,41.852,-88.0857,1406572.7831594748,4691328.004397523,105.47091314702845,112.0,130.0,101.0,131.0,-1,True
17045,"Edgar, IL",17,IL,39.6786,-87.7456,1466292.4405261949,4453111.548283547,84.25604452441439,144.0,151.0,100.0,143.0,3,True
17047,"Edwards, IL",17,IL,38.4165,-88.0532,1456953.6976252238,4309223.018259297,81.6548523965648,112.0,121.0,85.0,114.0,3,True
17049,"Effingham, IL",17,IL,39.0597,-88.5899,1401683.7531915754,4375335.598276547,88.85360383894648,132.0,136.0,73.0,118.0,8,True
17061,"Greene, IL",17,IL,39.3562,-90.3905,1242304.8210283094,4391820.123635708,94.12807775315466,147.0,137.0,96.0,121.0,2,True
17053,"Ford, IL",17,IL,40.5972,-88.2233,1412642.5299148618,4550255.629210298,105.83755918786333,120.0,132.0,43.0,133.0,6,True
01031,"Coffee, AL",01,AL,31.4026,-85.9882,1741809.684245626,3548486.4678059784,106.17467029946737,42.7,58.9,42.9,79.4,9,True
01033,"Colbert, AL",01,AL,34.7004,-87.8049,1527576.565633238,3897405.067556514,102.5413445001334,59.7,78.0,55.0,109.1,8,True
01035,"Conecuh, AL",01,AL,31.4293,-86.9936,1644860.3386038733,3540303.9984759963,119.65963118682953,62.1,66.9,35.3,80.3,2,True
01037,,01,AL,32.9362,-86.2476,1696159.6501868109,3717324.7841608133,106.96191654563101,,,,,-1,False
01039,"Covington, AL",01,AL,31.2485,-86.4512,1699293.7460096409,3525957.0956591684,117.42881575880739,45.0,71.0,22.1,87.9,3,True
01105,"Perry, AL",01,AL,32.6385,-87.2942,1601146.8377621004,3672399.76636224,115.81679430081486,43.8,67.4,33.3,50.0,1,True
01107,"Pickens, AL",01,AL,33.2809,-88.0887,1518494.7989125652,3736038.1717974665,109.44241014715476,55.0,70.0,35.0,55.0,3,True
01109,"Pike, AL",01,AL,31.8024,-85.9409,1740909.2231392402,3593865.5864637108,106.38141728212021,36.2,84.7,69.5,85.0,3,True
01111,"Randolph, AL",01,AL,33.2938,-85.4591,1765385.2425371795,3766874.9900116734,92.69699179293713,47.5,57.3,56.3,76.3,4,True
01113,"Russell, AL",01,AL,32.2884,-85.1849,1806224.7003318935,3657538.8709677043,87.74683363714395,35.0,65.8,21.4,55.6,6,True
01115,"Saint Clair, AL",01,AL,33.7157,-86.3147,1679032.0144740744,3803801.78215975,108.0736428193893,70.0,70.0,,,-1,False
01117,"Shelby, AL",01,AL,33.2643,-86.6607,1652778.2303341615,3749318.6290005017,113.89438179727304,40.0,60.0,,,10,False
01119,"Sumter, AL",01,AL,32.591,-88.1988,1516161.117621575,3657914.7894123136,109.16766660289191,40.0,59.1,61.5,70.0,1,True
01121,"Talladega, AL",01,AL,33.38,-86.1659,1697681.4885486874,3767971.4827102474,105.37893588897796,72.2,76.7,65.5,49.1,6,True
01123,"Tallapoosa, AL",01,AL,32.8624,-85.7975,1739729.5991848386,3714383.017448239,96.66283920295601,,42.0,,,7,False
01125,"Tuscaloosa, AL",01,AL,33.2896,-87.525,1571275.1963319397,3742754.127932188,115.49416627244531,60.0,75.2,58.9,75.0,8,True
01127,"Walker, AL",01,AL,33.8034,-87.2973,1586073.869825009,3802585.6384018483,112.99796253151119,42.9,40.0,,,5,False
01129,"Washington, AL",01,AL,31.4077,-88.2071,1528730.4200422354,3525653.2307585115,112.84046187173153,73.3,87.1,22.7,63.3,5,True
01131,"Wilcox, AL",01,AL,31.9892,-87.3082,1607856.1804511214,3599636.796902098,114.91415152899846,50.0,65.8,40.7,78.1,1,True
01133,"Winston, AL",01,AL,34.1492,-87.3737,1574503.5997288583,3840403.2108105267,107.44947203318505,56.7,50.0,30.0,70.0,3,True
01001,"Autauga, AL",01,AL,32.5349,-86.6428,1664175.7742145301,3667892.5851585073,111.37630775574729,38.5,47.7,20.0,62.5,10,True
18171,"Warren, IN",18,IN,40.3469,-87.3533,1490190.7750910425,4531908.847565419,96.11420929647348,125.8,142.2,76.1,144.1,4,True
18169,"Wabash, IN",18,IN,40.8457,-85.794,1614608.2993064588,4606450.724910095,80.35062228662747,127.8,140.2,75.1,139.0,5,True
18167,"Vigo, IN",18,IN,39.4306,-87.39,1500511.6751894956,4429436.639334509,83.34704521594404,131.8,137.2,91.1,133.0,2,True
18165,"Vermillion, IN",18,IN,39.8538,-87.464,1487979.5692450278,4475744.391126148,88.93198315258175,132.8,149.2,89.1,136.0,1,True
18099,"Marshall, IN",18,IN,41.325,-86.2618,1567106.631266788,4653863.213497252,86.45575937138449,117.8,126.2,87.1,125.9,7,True
18097,"Marion, IN",18,IN,39.7816,-86.1384,1602991.520999587,4483469.57022689,79.09843210657077,115.8,136.2,79.1,137.0,8,True
18095,"Madison, IN",18,IN,40.1617,-85.7194,1632606.1655460086,4531199.114757384,77.07447618691099,133.8,150.2,87.1,142.1,6,True
18093,"Lawrence, IN",18,IN,38.8412,-86.4834,1588069.2600030226,4374359.147722266,80.36352274397855,115.8,111.1,70.1,121.9,4,True
18087,"Lagrange, IN",18,IN,41.6427,-85.4265,1631569.2593173827,4700068.519259003,90.21730988586283,117.8,120.2,80.1,121.9,6,True
18085,"Kosciusko, IN",18,IN,41.2441,-85.8607,1602162.8420383222,4649962.161209457,81.91384750757503,118.8,124.2,82.1,128.0,10,True
18083,"Knox, IN",18,IN,38.6891,-87.418,1508763.5782294122,4346499.096312977,83.40463992010932,127.8,145.2,93.1,140.1,1,True
18081,"Johnson, IN",18,IN,39.4899,-86.1017,1610898.982047856,4451411.724442176,82.3406396487582,122.8,141.2,85.1,135.0,10,True
18079,"Jennings, IN",18,IN,38.9969,-85.6281,1660091.7194100667,4402489.864229979,71.71634904488884,119.8,122.2,90.1,131.0,3,True
18077,"Jefferson, IN",18,IN,38.7858,-85.4385,1680169.1159766018,4381419.302600534,67.00663815681374,111.8,115.1,88.1,114.9,4,True
18075,"Jay, IN",18,IN,40.438,-85.0057,1688689.515112102,4571561.0534405615,84.59243177428851,115.8,129.2,70.1,106.8,2,True
18071,"Jackson, IN",18,IN,38.9064,-86.0376,1625904.4022669091,4387146.565465288,77.35692402141377,113.8,120.2,74.1,114.9,4,True
18069,"Huntington, IN",18,IN,40.8291,-85.4881,1640780.0399560528,4608621.339303235,77.85250847917014,127.8,132.2,80.1,128.0,8,True
18067,"Howard, IN",18,IN,40.4836,-86.117,1593297.4164597804,4561971.712228807,80.18053526821816,134.8,148.2,97.1,142.1,9,True
18065,"Henry, IN",18,IN,39.931,-85.3964,1664237.954679596,4509735.4884440955,71.23737447699514,112.8,136.2,76.1,113.9,4,True
18063,"Hendricks, IN",18,IN,39.7695,-86.51,1571227.1240704495,4477521.6687382525,81.53928466448062,126.8,143.2,80.1,139.0,10,True
18061,"Harrison, IN",18,IN,38.1952,-86.1113,1630797.785131944,4306873.182005627,80.42239295075481,99.9,104.1,71.1,124.9,6,True
18059,"Hancock, IN",18,IN,39.8235,-85.7732,1633701.0434508254,4492798.4373323135,77.45169007671453,119.8,144.2,85.1,136.0,10,True
18057,"Hamilton, IN",18,IN,40.0725,-86.052,1605637.305307455,4516983.913448331,78.52385890415027,119.8,145.2,85.1,137.0,10,True
18055,"Greene, IN",18,IN,39.0364,-86.962,1543420.145165041,4390421.32326181,82.54923808414554,115.8,136.2,80.1,131.0,2,True
18053,"Grant, IN",18,IN,40.5158,-85.6548,1632069.9146721086,4571508.792264988,78.72725420539135,133.8,147.2,93.1,134.0,5,True
18051,"Gibson, IN",18,IN,38.3118,-87.5846,1499498.1084915888,4302600.145830062,82.15162509958122,121.8,138.2,87.1,134.0,5,True
18049,"Fulton, IN",18,IN,41.047,-86.2636,1571563.550565721,4622884.725898997,82.56068821946812,107.9,125.2,72.1,133.0,5,True
18047,"Franklin, IN",18,IN,39.4148,-85.0603,1702220.5079879921,4456689.611883687,77.10257393782797,116.8,132.2,86.1,123.9,6,True
18045,"Fountain, IN",18,IN,40.1209,-87.2419,1503066.2851983695,4508013.097087623,93.06440641400752,120.8,140.2,80.1,138.0,3,True
18043,"Floyd, IN",18,IN,38.3194,-85.9068,1646813.1335273276,4323305.035919091,71.49667602618804,107.9,103.1,70.1,121.9,7,True
18001,"Adams, IN",18,IN,40.7456,-84.9366,1688986.109131485,4606805.461314332,75.80461808342525,131.8,133.2,85.1,117.9,8,True
18003,"Allen, IN",18,IN,41.0908,-85.0665,1671722.6678088983,4643481.64967663,82.17318927316752,129.8,124.2,100.1,115.9,10,True
18005,"Bartholomew, IN",18,IN,39.2059,-85.8977,1633198.3967357134,4422327.495154412,81.49451924803749,135.8,135.2,79.1,132.0,9,True
18007,"Benton, IN",18,IN,40.6063,-87.3109,1489923.7907633912,4561275.211519357,93.9996119790084,111.8,143.2,74.1,143.1,6,True
18009,"Blackford, IN",18,IN,40.4735,-85.3248,1660884.207243575,4571175.851796089,76.78776750619912,119.8,132.2,78.1,118.9,4,True
18011,"Boone, IN",18,IN,40.0508,-86.4687,1570308.2449203513,4509373.051358136,83.59693333690466,129.8,144.2,89.1,139.0,10,True
18013,"Brown, IN",18,IN,39.1962,-86.2274,1604746.8496151608,4417091.474218581,80.7697926447609,105.9,109.1,82.1,124.9,8,True
18015,"Carroll, IN",18,IN,40.5829,-86.5635,1553731.7023813957,4567492.921379163,78.8668322895796,128.8,146.2,90.1,145.1,7,True
18017,"Cass, IN",18,IN,40.7615,-86.346,1569291.5340305457,4590060.897027028,83.49742557166655,119.8,137.2,84.1,142.1,5,True
18019,"Clark, IN",18,IN,38.4773,-85.7073,1661769.220171513,4343479.685793348,73.02314727190581,107.9,109.1,80.1,124.9,6,True
18183,"Whitley, IN",18,IN,41.1394,-85.5052,1633891.0560048923,4642963.844371972,84.90693559440537,121.8,118.2,80.1,120.9,9,True
18023,"Clinton, IN",18,IN,40.3017,-86.4752,1565744.8316303948,4537247.913732841,81.20223320367644,128.8,147.2,95.1,143.1,5,True
18025,"Crawford, IN",18,IN,38.2923,-86.4517,1599330.3204480316,4313521.93736151,76.49774580576873,103.9,101.1,73.1,115.9,1,True
18027,"Daviess, IN",18,IN,38.7024,-87.0721,1538785.2785156998,4351912.724010521,79.9095283586771,132.8,138.2,92.1,140.1,1,True
18029,"Dearborn, IN",18,IN,39.1453,-84.9733,1714508.7334181322,4427803.425765774,68.80711381528835,113.8,116.2,87.1,132.0,9,True
18031,"Decatur, IN",18,IN,39.3069,-85.5013,1665889.388369274,4438736.715816036,76.1853810313127,134.8,146.2,90.1,133.0,6,True
18033,"De Kalb, IN",18,IN,41.3976,-84.9991,1671784.8468355269,4678590.945622559,79.59393458574799,109.9,104.1,65.1,117.9,8,True
18035,"Delaware, IN",18,IN,40.2275,-85.3969,1659043.8393908206,4542787.251253061,77.63733058695945,122.8,141.2,80.1,131.0,3,True
18037,"Dubois, IN",18,IN,38.3643,-86.8798,1560628.5438705757,4316451.343196641,77.68216466448574,125.8,125.2,89.1,137.0,9,True
18039,"Elkhart, IN",18,IN,41.5974,-85.8587,1596253.7482384203,4689328.840272809,88.30358263795212,127.8,128.2,89.1,135.0,9,True
18041,"Fayette, IN",18,IN,39.6401,-85.1787,1688036.9082842828,4480216.607252391,79.73964916122289,113.8,135.2,76.1,124.9,4,True
18177,"Wayne, IN",18,IN,39.8644,-85.0099,1698609.1734637038,4507538.081691,81.3044363012164,116.8,130.2,68.1,118.9,2,True
18179,"Wells, IN",18,IN,40.7291,-85.2212,1665155.9370412633,4601063.1774441,81.80335954493506,134.8,134.2,90.1,118.9,9,True
18181,"White, IN",18,IN,40.7499,-86.8654,1525490.403772416,4582457.731483871,85.53593676187337,109.9,144.2,83.1,144.1,5,True
18021,"Clay, IN",18,IN,39.3928,-87.1158,1524766.1562444533,4428354.1600358505,83.20303059511937,135.8,142.2,92.1,140.1,2,True
18173,"Warrick, IN",18,IN,38.0922,-87.2721,1530087.9063030086,4281601.279468338,78.69756287019872,113.8,119.2,95.1,125.9,10,True
18137,"Ripley, IN",18,IN,39.1034,-85.2624,1690105.6713493546,4419207.203000593,67.11241988771013,120.8,128.2,95.1,123.9,5,True
21111,"Jefferson, KY",21,KY,38.1872,-85.6595,1670726.6538333134,4311714.094831805,71.41921811021528,110.0,110.0,73.0,124.0,10,True
21113,"Jessamine, KY",21,KY,37.872,-84.5809,1771394.7715453778,4291014.2536873305,68.2402938286583,90.0,83.0,68.0,99.0,9,True
21115,"Johnson, KY",21,KY,37.8467,-82.8314,1927061.3871907003,4314235.8875802215,79.88798170671485,83.0,,,,3,False
21117,"Kenton, KY",21,KY,38.9334,-84.5331,1756621.1971763226,4410276.2608808465,67.11241988771013,90.0,94.0,55.0,86.0,10,True
21119,"Knott, KY",21,KY,37.354,-82.954,1925860.9966222707,4257122.39694197,75.44290215930053,80.0,,68.0,84.0,2,False
21121,"Knox, KY",21,KY,36.8907,-83.8539,1853890.1722113616,4191628.760393662,79.13781439298381,85.0,90.0,70.0,70.0,1,True
21123,"Larue, KY",21,KY,37.5457,-85.698,1677731.3484751985,4239584.952728481,75.25989455795201,66.0,89.0,81.0,109.0,8,True
21109,"Jackson, KY",21,KY,37.4198,-84.0058,1830646.8167919097,4248640.8799956655,72.84440722464943,75.0,84.0,61.0,99.0,1,True
21127,"Lawrence, KY",21,KY,38.0679,-82.7347,1931203.0065230122,4340539.063781003,78.08988253269577,80.0,85.0,86.0,81.0,3,True
21131,,21,KY,37.0941,-83.3811,1892594.3623680405,4221441.643913386,75.2761040371226,,,,,-1,False
21133,,21,KY,37.1212,-82.8553,1939260.2291840378,4232579.54618762,82.4551058796038,,,,,-1,False
21135,"Lewis, KY",21,KY,38.5317,-83.3781,1865275.1823160965,4382390.607949793,75.45895277532809,95.0,94.0,76.0,89.0,3,True
21137,"Lincoln, KY",21,KY,37.4552,-84.6607,1771603.1844798026,4243305.23925835,68.8795880359099,75.0,92.0,78.0,104.0,4,True
21139,"Livingston, KY",21,KY,37.2097,-88.3536,1446122.5445710756,4171645.091971217,69.33134558457148,75.0,90.0,55.0,91.0,7,True
21141,"Logan, KY",21,KY,36.8597,-86.8789,1582711.6405216376,4148602.455470212,86.34918826779929,110.0,119.0,58.0,136.0,7,True
21143,"Lyon, KY",21,KY,37.0191,-88.0832,1472701.1417471706,4153174.094917346,82.45156029298712,90.0,90.0,62.0,99.0,6,True
21145,"Mccracken, KY",21,KY,37.0539,-88.7127,1416020.022958091,4150710.7053566156,76.60041437167904,91.0,100.0,71.0,118.0,-1,True
21147,"Mccreary, KY",21,KY,36.7371,-84.4841,1799894.8890388801,4165432.116430156,82.4838425160765,50.0,,,,-1,False
21149,"Mclean, KY",21,KY,37.5291,-87.2636,1538835.4149349015,4218903.423999302,82.82753389358328,112.0,120.0,93.0,132.0,-1,True
28089,"Madison, MS",28,MS,32.6347,-90.0338,1342462.4749284568,3646517.640998248,105.42440897387931,75.0,82.0,56.0,68.8,10,True
28087,"Lowndes, MS",28,MS,33.4729,-88.4433,1483047.3976522293,3754007.8024184043,101.02584229038126,68.0,68.5,54.5,65.6,10,True
28085,"Lincoln, MS",28,MS,31.5324,-90.454,1312655.4885430532,3520449.914037048,95.47913312889351,83.0,84.0,57.0,78.7,6,True
28083,"Leflore, MS",28,MS,33.5505,-90.301,1308752.871737411,3746407.4235597993,98.23029386845525,,78.0,70.0,88.5,3,True
28081,"Lee, MS",28,MS,34.2899,-88.6804,1451622.0509208888,3842895.181785177,94.27894053221826,85.0,90.0,68.0,72.3,10,True
28079,"Leake, MS",28,MS,32.7535,-89.5241,1389337.2216659142,3663971.0480262665,98.8452319695908,68.0,75.0,55.0,70.0,4,True
28077,"Lawrence, MS",28,MS,31.5502,-90.107,1345607.8829813625,3525089.9153671535,91.23665679054683,65.0,70.0,56.0,56.8,5,True
28075,,28,MS,32.4043,-88.6626,1474367.415132864,3632670.1120192893,114.47414070736852,,,,,-1,False
28073,"Lamar, MS",28,MS,31.2059,-89.5087,1406069.6934510416,3491527.046312014,92.06285766847923,60.0,67.5,51.0,72.5,10,True
28071,"Lafayette, MS",28,MS,34.3568,-89.4849,1376472.270579298,3843016.711201222,94.28920039258469,68.0,75.0,54.0,60.0,6,True
28069,"Kemper, MS",28,MS,32.7546,-88.6412,1472545.0468499553,3671966.857971337,99.02114097848522,75.0,69.0,54.0,68.3,2,True
28067,"Jones, MS",28,MS,31.6226,-89.1688,1434462.6352616544,3540897.343387377,99.0631433500738,62.0,65.0,52.0,64.0,8,True
28065,"Jefferson Davis, MS",28,MS,31.5696,-89.823,1372532.6598691093,3529508.231247446,97.81170400505054,62.0,75.0,49.0,63.5,3,True
28063,"Jefferson, MS",28,MS,31.7342,-91.0371,1255391.2059148708,3538694.27942419,102.83228577858928,85.0,92.0,53.0,80.0,1,True
28057,"Itawamba, MS",28,MS,34.28,-88.3613,1481285.54923055,3844869.7654859642,97.5411990460414,70.0,75.0,65.0,65.6,9,True
28055,,28,MS,32.7414,-90.9892,1251531.1260578565,3651147.387791666,103.2333307661917,,,,,-1,False
28053,"Humphreys, MS",28,MS,33.1287,-90.5265,1291573.5409248136,3697686.54758706,98.74162644587452,75.0,88.0,65.0,85.0,1,True
28051,"Holmes, MS",28,MS,33.1235,-90.0922,1332322.75832079,3700507.5093531297,99.7233075458293,75.0,78.0,58.0,75.0,1,True
28049,"Hinds, MS",28,MS,32.2667,-90.4427,1307229.444965316,3602327.3191543994,97.81170400505054,74.0,78.5,52.0,75.0,10,True
28043,"Grenada, MS",28,MS,33.77,-89.802,1353100.6507293438,3774915.5806787536,96.3601044465407,80.0,88.0,53.0,64.0,8,True
28041,"Greene, MS",28,MS,31.2142,-88.6392,1489388.6986205806,3500017.298716261,113.92000451045352,68.0,65.0,55.0,60.0,6,True
28039,"George, MS",28,MS,30.8626,-88.644,1492628.166987956,3460708.3336080196,132.28649495707134,78.0,68.0,50.0,78.0,7,False
28037,"Franklin, MS",28,MS,31.4772,-90.8978,1270779.763331335,3511064.441799942,103.41095359298671,82.0,90.0,56.0,72.8,3,True
28033,"De Soto, MS",28,MS,34.8754,-89.9918,1324434.7170720934,3896465.1885116566,99.4116687378628,81.0,92.0,72.0,86.0,-1,True
28031,"Covington, MS",28,MS,31.6332,-89.5526,1397727.1615584365,3538816.87509411,96.44176079055151,63.9,70.0,48.0,70.0,5,True
28029,"Copiah, MS",28,MS,31.8692,-90.4488,1310187.0375578008,3558005.782703093,94.21280654098348,84.0,72.0,51.0,70.0,4,True
47189,"Wilson, TN",47,TN,36.1549,-86.2976,1645422.0487577773,4076758.0863562394,81.38661023138242,53.0,62.0,41.0,81.0,10,True
47185,"White, TN",47,TN,35.9264,-85.4553,1725404.4642621372,4061705.0622400395,79.48025635501797,63.0,65.0,65.0,92.0,4,True
47043,"Dickson, TN",47,TN,36.1491,-87.3567,1549588.862712534,4063902.6757973605,90.94597894586002,48.0,63.0,44.0,85.0,9,True
47105,"Loudon, TN",47,TN,35.735,-84.3116,1832826.041738926,4055631.1952479123,83.12232330694987,47.0,56.0,50.0,100.0,8,True
47001,"Anderson, TN",47,TN,36.1184,-84.1985,1836497.573276354,4100174.7743722606,86.51255535820913,,85.0,65.0,75.0,9,True
47003,"Bedford, TN",47,TN,35.5138,-86.4589,1640137.7369967785,4003193.805564422,92.81794887586351,47.0,56.0,46.0,95.0,8,True
47005,"Benton, TN",47,TN,36.0698,-88.0683,1486207.9070633953,4047476.7450835537,90.34935014371952,60.0,86.0,74.0,86.0,5,True
47007,"Bledsoe, TN",47,TN,35.5964,-85.2051,1753471.7186227012,4028024.5283317366,82.46400645802669,77.0,66.0,67.0,88.0,2,True
47011,"Bradley, TN",47,TN,35.1541,-84.8596,1792289.308616697,3983063.338040177,82.26265216602239,55.0,56.0,55.0,81.0,9,True
47013,"Campbell, TN",47,TN,36.4036,-84.1493,1835958.4072654222,4132817.2319879374,83.82129199329442,77.0,90.0,65.0,80.0,1,True
47015,"Cannon, TN",47,TN,35.8087,-86.0617,1672024.155654261,4040932.155829128,77.74928044876249,65.0,63.0,61.0,83.0,7,True
47017,"Carroll, TN",47,TN,35.9731,-88.4503,1452806.57329009,4032833.0181278093,90.1519047757478,70.0,96.0,70.0,107.0,5,True
47021,"Cheatham, TN",47,TN,36.2612,-87.0868,1572462.8543289516,4079422.4630926102,90.51317864940584,68.0,76.0,60.0,70.0,10,True
47023,"Chester, TN",47,TN,35.4211,-88.6128,1444663.4760784109,3969693.907939056,90.4331023838622,67.0,86.0,90.0,94.0,4,True
47025,"Claiborne, TN",47,TN,36.4859,-83.6603,1878739.3027285717,4149129.6400140957,80.61910900267229,59.0,82.0,66.0,82.0,2,True
47027,"Clay, TN",47,TN,36.5511,-85.5438,1707470.8255131275,4130425.3616335816,71.02179206073335,55.0,65.0,45.0,93.0,2,True
47031,"Coffee, TN",47,TN,35.4906,-86.0748,1675588.7727293347,4005208.5542715555,88.30493957896867,69.0,60.0,49.0,90.0,9,True
47033,"Crockett, TN",47,TN,35.8135,-89.1395,1392178.2564303488,4008446.3770706747,95.87554642917844,69.0,96.0,71.0,108.0,5,True
47035,"Cumberland, TN",47,TN,35.9504,-84.9983,1766601.8374067177,4070374.0627017124,78.09560463831403,59.0,75.0,60.0,70.0,5,True
47037,"Davidson, TN",47,TN,36.1694,-86.7848,1601080.8292723743,4072623.6814999743,83.07749469824174,55.0,73.0,50.0,83.0,10,True
47039,"Decatur, TN",47,TN,35.603,-88.1088,1488406.6571229429,3994995.3496990744,92.14923695192775,74.0,82.0,72.0,94.0,2,True
47041,"De Kalb, TN",47,TN,35.9798,-85.8328,1690246.2805471127,4062891.3355719014,78.97619963265227,69.0,82.0,44.0,80.0,-1,True
47045,"Dyer, TN",47,TN,36.059,-89.4138,1364575.350383425,4033297.5848018415,97.30702268991813,85.0,110.0,98.0,123.0,7,True
47047,"Fayette, TN",47,TN,35.1971,-89.4144,1373967.7449895956,3937272.6429097545,94.28920039258469,71.0,87.0,76.0,97.0,7,True
47049,"Fentress, TN",47,TN,36.3805,-84.9324,1765480.55157399,4119386.480124028,83.66113067829826,53.0,73.0,76.0,85.0,1,True
47051,"Franklin, TN",47,TN,35.1549,-86.0922,1678972.4273414412,3967458.0099426843,87.50256276918485,83.0,73.0,49.0,114.0,8,True
47053,"Gibson, TN",47,TN,35.9966,-88.9326,1408833.347659417,4030782.4909862424,88.65326084568423,80.0,104.0,87.0,113.0,6,True
47055,"Giles, TN",47,TN,35.2022,-87.0348,1591801.3412140266,3961752.696805833,91.87150443992003,59.0,89.0,61.0,101.0,7,True
47057,"Grainger, TN",47,TN,36.2762,-83.5096,1896241.1291126749,4127861.7720389725,88.17016403077001,72.0,58.0,50.0,89.0,3,True
47061,"Grundy, TN",47,TN,35.3884,-85.7226,1709367.4573294986,3998129.3434361275,83.51521172134751,79.0,72.0,47.0,100.0,1,True
47063,"Hamblen, TN",47,TN,36.2172,-83.2666,1919403.5337000876,4124893.673231747,83.82047428319703,68.0,59.0,55.0,82.0,8,True
47065,"Hamilton, TN",47,TN,35.1809,-85.1648,1763791.1416633038,3982037.059279201,86.06255270888926,53.0,62.0,49.0,66.0,10,True
47067,"Hancock, TN",47,TN,36.5236,-83.2219,1917707.7400934852,4159926.8945051567,81.91706817937708,55.0,84.0,70.0,90.0,1,True
47069,"Hardeman, TN",47,TN,35.2069,-88.9931,1412396.0433853576,3942200.845834793,88.65326084568423,74.0,86.0,79.0,91.0,3,True
47071,"Hardin, TN",47,TN,35.1987,-88.1845,1486502.204527976,3949126.38956476,94.2239651365222,62.0,82.0,70.0,86.0,2,True
47073,"Hawkins, TN",47,TN,36.4412,-82.9447,1944376.5994780962,4154944.139937952,77.19425205316233,46.0,63.0,44.0,84.0,6,True
47075,"Haywood, TN",47,TN,35.5832,-89.2838,1381646.4722196206,3981465.268334418,94.08491681084196,78.0,90.0,58.0,97.0,2,True
47077,"Henderson, TN",47,TN,35.6543,-88.388,1462350.6068765982,3997904.4354885137,88.53962607848953,73.0,98.0,87.0,101.0,6,True
47079,"Henry, TN",47,TN,36.3317,-88.3013,1461854.3046478198,4074305.0796686625,85.40803827576408,72.0,95.0,57.0,122.0,3,True
47081,"Hickman, TN",47,TN,35.8033,-87.4733,1543659.3196505571,4024034.465210264,91.27779606608719,64.0,80.0,65.0,109.0,6,True
47083,"Houston, TN",47,TN,36.286,-87.7171,1515172.4483737308,4075273.368445925,86.99607555812845,56.0,73.0,50.0,94.0,4,True
47085,"Humphreys, TN",47,TN,36.0408,-87.7757,1513083.5401091757,4047296.3516330444,90.44848091493438,77.0,92.0,72.0,116.0,7,True
47087,"Jackson, TN",47,TN,36.3592,-85.6732,1698819.8767946598,4107318.5923603512,72.81404726966824,52.0,61.0,35.0,73.0,2,True
47089,"Jefferson, TN",47,TN,36.051,-83.4463,1906134.9472551069,4103556.6370742796,87.30606327998667,58.0,57.0,53.0,90.0,7,True
47091,"Johnson, TN",47,TN,36.4549,-81.8518,2043210.1645190085,4174040.6792601026,81.08403807098912,79.0,84.0,78.0,108.0,1,True
47093,"Knox, TN",47,TN,35.9932,-83.9371,1862482.0906176746,4089880.6876930334,88.8318566139103,58.0,81.0,64.0,81.0,9,True
47095,"Lake, TN",47,TN,36.3352,-89.4935,1354324.5647791026,4063346.5037137414,87.66003565215792,111.0,133.0,123.0,128.0,1,True
47097,"Lauderdale, TN",47,TN,35.7609,-89.6314,1348109.1749263082,3998163.210825873,96.38895775314094,84.0,120.0,91.0,113.0,3,True
47099,"Lawrence, TN",47,TN,35.2173,-87.3956,1558528.323358224,3959460.4478175202,96.0456765706966,68.0,88.0,49.0,107.0,5,True
38023,"Divide, ND",38,ND,48.8149,-103.4873,170617.65943644644,5416595.831360327,215.58728553561497,40.0,,,,6,False
38027,"Eddy, ND",38,ND,47.7176,-98.9016,507380.16650492646,5284918.101912797,141.64387753544287,92.6,79.4,50.0,48.8,3,False
38029,"Emmons, ND",38,ND,46.2851,-100.2388,404571.0301327013,5126470.56575811,143.63193871598395,82.2,101.0,66.0,106.6,1,False
38031,"Foster, ND",38,ND,47.4571,-98.8831,508811.30886894243,5255968.634589962,136.86735613630685,80.1,84.4,53.6,59.3,6,False
38033,"Golden Valley, ND",38,ND,46.9402,-103.8467,131145.5453934766,5209930.642631392,167.2618490040971,46.0,55.0,,,5,False
38035,"Grand Forks, ND",38,ND,47.9219,-97.457,615273.0770535554,5308772.001643263,135.7071721317595,101.1,95.4,68.9,44.6,10,False
38037,"Grant, ND",38,ND,46.3583,-101.6397,296928.5877601696,5137244.762139128,153.1571310290459,49.0,55.5,40.4,57.7,2,False
38039,"Griggs, ND",38,ND,47.4572,-98.2371,557503.1517707662,5256255.192473373,145.77468685967796,77.7,65.5,64.4,58.9,4,False
38041,"Hettinger, ND",38,ND,46.4326,-102.4603,234164.6674957286,5147933.965963487,161.88924261023257,64.0,73.0,29.6,21.6,4,False
38043,"Kidder, ND",38,ND,46.9802,-99.7801,440670.66603718844,5203259.114888971,137.51142600433855,100.4,109.3,61.7,68.4,2,False
38045,"La Moure, ND",38,ND,46.4569,-98.5355,535670.0957795801,5144919.061639729,139.75960541266787,80.1,78.3,40.8,61.1,-1,False
38047,"Logan, ND",38,ND,46.4574,-99.4775,463331.93904718774,5144980.568127983,141.15056746594092,88.7,78.8,82.8,52.7,4,False
38049,"Mchenry, ND",38,ND,48.2346,-100.6363,378495.64357901656,5343669.849064998,157.07856518428082,79.3,63.8,37.6,61.0,-1,False
38051,"Mcintosh, ND",38,ND,46.1119,-99.4412,465905.8093596578,5106575.078080087,143.36465989784568,64.0,70.4,,47.7,-1,False
38055,"Mclean, ND",38,ND,47.607,-101.3219,325489.6373360957,5275233.563731126,156.66983662513545,80.0,80.6,59.7,66.3,-1,False
38057,"Mercer, ND",38,ND,47.3092,-101.8315,285985.5337034294,5243413.787749765,158.41888456508073,55.6,85.0,101.0,66.0,10,False
38061,"Mountrail, ND",38,ND,48.2013,-102.3556,250678.44102197886,5344120.000088964,179.70780949143628,42.0,57.5,14.5,25.0,4,False
38063,"Nelson, ND",38,ND,47.9216,-98.1921,560356.7592175154,5307902.301161383,141.21915116972886,75.5,67.5,49.5,36.9,3,False
38065,"Oliver, ND",38,ND,47.1153,-101.3403,322464.0476787259,5220634.547711396,156.7407533258468,111.0,67.5,43.0,17.3,8,False
38067,"Pembina, ND",38,ND,48.7672,-97.5517,606423.6676980098,5402588.678093829,176.14088041465723,84.0,98.4,55.4,46.0,9,False
38069,"Pierce, ND",38,ND,48.2496,-99.9718,427858.8449758676,5344499.287147778,160.4050974542403,60.5,69.0,20.0,35.9,5,False
38071,"Ramsey, ND",38,ND,48.2689,-98.7201,520770.5386931427,5346225.907313789,153.80457067398663,70.6,81.1,33.5,24.0,6,False
38073,"Ransom, ND",38,ND,46.4561,-97.6575,603094.9717831344,5145600.9178487845,139.63096384876457,107.7,98.1,64.3,84.7,8,False
38075,"Renville, ND",38,ND,48.7192,-101.6581,304498.29230945784,5399650.413689181,209.59306284997814,40.0,69.0,13.5,30.0,8,False
38079,"Rolette, ND",38,ND,48.7724,-99.8411,438200.28659147787,5402496.241041601,196.3981366346213,,57.6,22.5,22.0,1,False
38081,"Sargent, ND",38,ND,46.1078,-97.6306,605829.3255003743,5106936.403059311,139.05964970367373,89.6,90.5,50.2,89.9,9,False
38083,"Sheridan, ND",38,ND,47.5754,-100.3456,398804.2545651373,5269986.690701844,143.83390634199026,64.0,78.5,21.6,27.7,1,False
38087,"Slope, ND",38,ND,46.4472,-103.4599,157469.60093559598,5153407.70614573,169.7243455224363,54.0,59.0,17.5,16.5,2,False
38089,"Stark, ND",38,ND,46.8107,-102.655,221158.4055503414,5190617.034004241,156.31568408529637,50.7,85.0,16.0,,7,False
38091,"Steele, ND",38,ND,47.4562,-97.7247,596126.4019037636,5256650.239002547,142.58095695567178,117.7,96.3,55.3,39.1,9,False
38093,"Stutsman, ND",38,ND,46.9792,-98.9588,503133.4690780349,5202853.509746608,136.26532687130137,81.4,71.8,46.1,43.9,7,False
38095,"Towner, ND",38,ND,48.6856,-99.2459,481901.32844998833,5392535.554222836,177.54565175499008,65.5,61.0,24.7,28.5,3,False
38097,"Traill, ND",38,ND,47.4542,-97.1615,638582.1093823361,5257278.0534995515,133.22377455074061,111.0,98.5,69.0,48.2,7,False
34009,"Cape May, NJ",34,NJ,39.1519,-74.8072,2601834.1593095413,4623375.831836262,131.66908004069234,74.0,68.0,69.0,99.0,1,False
34025,"Monmouth, NJ",34,NJ,40.259,-74.2257,2616118.489862493,4762572.692069799,84.86401359779565,104.0,105.0,66.0,96.0,8,True
34001,"Atlantic, NJ",34,NJ,39.4825,-74.6766,2602625.264793091,4663853.34156214,120.95422686003347,87.0,70.0,,,3,False
34029,"Ocean, NJ",34,NJ,39.9092,-74.2988,2621473.868663886,4721404.226231681,101.77746240829768,97.0,91.0,61.0,94.0,2,True
34033,"Salem, NJ",34,NJ,39.5873,-75.3459,2540979.495889671,4659120.136722737,96.81756284193982,105.0,99.0,73.0,103.0,3,True
34011,"Cumberland, NJ",34,NJ,39.3736,-75.1099,2568288.564191728,4640849.2907578,100.46209233239995,107.0,70.0,68.0,107.0,1,True
24041,"Talbot, MD",24,MD,38.7175,-76.1393,2498026.546311025,4542377.522456914,92.44827150347385,80.0,55.0,55.0,109.0,5,True
51830,,51,VA,37.2691,-76.7074,2489142.521661159,4366029.381398173,57.81284989907808,,,,,-1,False
51710,,51,VA,36.8889,-76.3096,2535914.506944992,4332048.401334875,77.1927991957238,,,,,-1,False
51740,,51,VA,36.8698,-76.3466,2533093.0160288187,4329044.128806396,73.28980120323901,,,,,-1,False
24035,"Queen Annes, MD",24,MD,39.0738,-76.0131,2498474.9197017215,4585434.205361784,97.05783933464443,84.0,53.0,56.0,109.8,-1,True
08031,,08,CO,39.7611,-104.8772,-3581.415810586652,4417793.265212704,145.54774754135576,,,,,-1,False
06083,"Santa Barbara, CA",06,CA,34.6731,-120.0165,-1440290.3688402222,4044789.238533954,368.13572124682474,80.0,133.3,,,8,False
06071,"San Bernardino, CA",06,CA,34.8415,-116.1784,-1078645.7151258495,3993116.2959713037,370.60170465665726,80.0,185.0,133.3,,7,False
22101,,22,LA,29.7196,-91.4494,1231358.4792174199,3311694.0616026744,129.43962939037914,,,,,-1,False
47101,"Lewis, TN",47,TN,35.5273,-87.4931,1545516.1051436611,3993013.5039647263,94.05645054964663,49.0,61.0,41.0,90.0,2,True
47103,"Lincoln, TN",47,TN,35.1405,-86.5889,1633569.3340761939,3959949.2519007055,94.05645054964663,79.0,72.0,54.0,73.0,7,True
47107,"Mcminn, TN",47,TN,35.4248,-84.6175,1810072.2277493933,4016653.662723015,80.47481937618183,58.0,55.0,44.0,83.0,-1,True
47109,"Mcnairy, TN",47,TN,35.1746,-88.5637,1452070.6093746095,3942684.1174589125,89.38342592063286,78.0,96.0,87.0,99.0,-1,True
47111,"Macon, TN",47,TN,36.532,-86.0072,1665976.752134711,4122442.0875657843,81.73395904422262,56.0,85.0,53.0,100.0,3,True
47113,"Madison, TN",47,TN,35.6082,-88.8385,1421894.7623507236,3988385.7519276976,89.80187828667586,78.0,91.0,74.0,104.0,8,True
47115,"Marion, TN",47,TN,35.1294,-85.622,1722563.423628463,3970413.459641002,86.55499945129296,80.0,59.0,56.0,95.0,4,True
47117,"Marshall, TN",47,TN,35.4689,-86.765,1612804.4994006483,3994609.023131637,93.89289010005542,50.0,69.0,55.0,74.0,8,True
47167,"Tipton, TN",47,TN,35.4966,-89.7594,1339279.7759682492,3967615.5596898454,95.28661477479221,67.0,90.0,67.0,104.0,8,True
47127,"Moore, TN",47,TN,35.2847,-86.3588,1652612.4979093843,3978772.1045809793,92.94740762111257,41.0,62.0,44.0,90.0,10,True
47125,"Montgomery, TN",47,TN,36.4969,-87.3828,1542499.604033161,4102427.4673546874,85.00641366717083,77.0,92.0,58.0,120.0,9,True
47121,"Meigs, TN",47,TN,35.5127,-84.8135,1790657.4894149913,4023845.342769648,84.54485342849864,50.0,63.0,53.0,90.0,5,True
47119,"Maury, TN",47,TN,35.617,-87.077,1582263.6986703353,4007607.4885271084,93.65245520483748,61.0,75.0,51.0,109.0,9,True
47131,"Obion, TN",47,TN,36.3582,-89.1488,1385126.5653121672,4069048.420512018,86.49611011951959,107.0,121.0,110.0,128.0,7,True
47129,"Morgan, TN",47,TN,36.135,-84.6491,1795275.5406005608,4095756.4730589865,80.4671124074479,56.0,74.0,63.0,70.0,4,True
28045,,28,MS,30.4164,-89.4887,1415545.7431953524,3403624.1375424666,109.38868435565011,,,,,-1,False
26089,"Leelanau, MI",26,MI,44.9366,-85.8123,1540500.185010356,5061245.249459251,135.23955557731608,84.8,79.0,50.0,78.0,8,False
18089,"Lake, IN",18,IN,41.4156,-87.3817,1471761.1484959046,4650552.147661469,103.56643126944076,110.9,127.2,55.1,123.9,8,True
18091,"La Porte, IN",18,IN,41.546,-86.74,1523435.744146731,4672587.864978888,105.46170454915325,127.8,137.2,86.1,136.0,7,True
26021,"Berrien, MI",26,MI,41.9546,-86.4123,1544075.9487575623,4722070.419411595,117.14291249960243,91.6,103.2,59.7,110.1,7,True
26159,"Van Buren, MI",26,MI,42.2513,-86.0189,1571654.1084097584,4760048.415805403,110.89672989874695,85.6,103.7,52.5,103.6,6,True
26005,"Allegan, MI",26,MI,42.5913,-85.8884,1576498.3450447496,4799560.6158620035,114.77885852296487,95.7,91.3,47.2,112.5,9,True
26007,"Alpena, MI",26,MI,45.0348,-83.6277,1710686.6022558582,5103131.253856489,153.00925090029648,75.0,91.0,74.2,49.3,5,False
26151,"Sanilac, MI",26,MI,43.4235,-82.8201,1810491.6065303385,4936809.655622861,156.27791901328024,116.0,105.0,83.0,118.1,5,False
26099,"Macomb, MI",26,MI,42.6956,-82.9322,1817333.8794279033,4854011.1878058305,141.88248980118993,101.1,111.6,77.3,107.1,10,False
26147,"St Clair, MI",26,MI,42.9425,-82.6823,1832385.6366041268,4885534.242350416,164.07262038412702,98.5,110.0,76.9,112.0,-1,False
26053,"Gogebic, MI",26,MI,46.4089,-89.6944,1215065.1836590294,5181720.30666209,158.99646273430477,80.0,74.0,,,1,False
01017,"Chambers, AL",01,AL,32.9144,-85.392,1777326.5965825745,3725176.1538333585,90.41450883243589,,40.0,,,6,False
26115,"Monroe, MI",26,MI,41.9292,-83.5373,1783543.4927769226,4759158.717762919,105.63065947439382,116.5,106.4,75.3,125.5,10,True
01025,"Clarke, AL",01,AL,31.6709,-87.8309,1561752.544788958,3558723.0498350617,120.30921078310776,56.0,79.3,22.2,65.0,4,False
28059,"Jackson, MS",28,MS,30.5459,-88.6362,1496683.1548617152,3425406.3598324554,137.91489950149727,65.0,75.0,55.0,77.5,10,False
01067,"Henry, AL",01,AL,31.5147,-85.2414,1812078.6496559347,3569987.525514558,88.86703117842167,34.0,65.8,40.8,86.8,8,True
47123,"Monroe, TN",47,TN,35.4428,-84.2528,1843214.9963916028,4023709.8854089277,84.1451378942962,70.0,63.0,58.0,103.0,4,True
47029,"Cocke, TN",47,TN,35.9254,-83.1211,1938110.5656285977,4094371.450152996,80.76760622432889,50.0,89.0,50.0,107.0,1,True
47155,"Sevier, TN",47,TN,35.7847,-83.5242,1903892.9361502507,4072535.022304543,85.26976620207414,72.0,69.0,67.0,100.0,7,True
47019,"Carter, TN",47,TN,36.2927,-82.1274,2021483.8856528339,4151280.948868096,77.19425205316233,56.0,65.0,50.0,76.0,3,True
47059,"Greene, TN",47,TN,36.1754,-82.8458,1958455.8263113415,4126661.2134901793,80.80482145764748,49.0,61.0,50.0,82.0,6,True
47009,"Blount, TN",47,TN,35.6873,-83.9255,1868947.0899376955,4055760.3970738743,84.54485342849864,52.0,64.0,52.0,115.0,9,True
47139,"Polk, TN",47,TN,35.1199,-84.5233,1823805.6632205169,3983776.030257713,77.19295684149155,61.0,68.0,47.0,100.0,6,True
01003,"Baldwin, AL",01,AL,30.7273,-87.7169,1583558.7715246594,3454339.983840895,152.8688139918574,76.5,91.1,60.9,103.3,9,False
26163,"Wayne, MI",26,MI,42.284,-83.2865,1796951.679343071,4802568.389429428,118.9067573130898,115.0,97.5,76.0,120.0,8,True
28047,,28,MS,30.515,-89.1185,1450377.844943937,3417727.5600077994,128.1458479300455,,,,,-1,False
26083,,26,MI,47.6104,-88.4287,1294062.1600645222,5327398.95667428,237.42587264261442,,,,,-1,False
26105,"Mason, MI",26,MI,43.9392,-86.4421,1508102.1162322704,4942413.091156177,129.82791672928556,86.8,80.6,48.1,80.0,4,False
26127,"Oceana, MI",26,MI,43.7692,-86.4212,1512701.8438781104,4923778.189593456,130.54691877865756,94.5,83.3,53.3,70.6,5,False
26121,"Muskegon, MI",26,MI,43.2922,-86.3219,1528917.1657022052,4871989.816153376,139.0111145885183,94.5,81.0,65.0,90.0,6,False
26139,"Ottawa, MI",26,MI,42.9601,-85.9939,1561389.9789404145,4839222.84811218,120.69775209178867,94.0,97.6,48.0,109.5,10,False
26013,"Baraga, MI",26,MI,46.6626,-88.3652,1313303.2015591622,5222878.742378928,182.7554492194662,80.0,70.0,76.7,70.0,2,False
26103,"Marquette, MI",26,MI,46.4314,-87.6415,1372342.8126193415,5205036.022191397,168.8696133410373,80.0,76.0,75.0,81.3,6,False
26031,"Cheboygan, MI",26,MI,45.4468,-84.4999,1633624.9132743864,5135905.959691012,141.44275958695883,82.2,84.3,70.0,58.3,3,False
26029,"Charlevoix, MI",26,MI,45.302,-85.1283,1587353.8836339961,5110987.382676607,131.42262146690538,86.0,89.4,63.5,65.8,6,False
26055,"Grand Traverse, MI",26,MI,44.6709,-85.559,1565451.2255690515,5035075.055780123,121.70083590092483,81.6,56.1,49.8,73.5,8,False
26041,"Delta, MI",26,MI,45.9197,-86.9244,1436134.1279374594,5156514.833149125,166.81926452225184,78.1,95.8,78.6,79.2,5,False
26095,"Luce, MI",26,MI,46.4707,-85.5443,1532481.095422247,5235045.842355171,209.45285999047675,80.0,73.0,77.5,75.0,3,False
26097,"Mackinac, MI",26,MI,46.0812,-85.0921,1574865.9290436823,5197958.949623592,178.14132946072058,86.3,76.0,76.3,75.0,2,False
26153,"Schoolcraft, MI",26,MI,46.1967,-86.1995,1487260.0700489702,5196152.71550188,179.05269968085867,85.0,120.0,76.3,72.7,3,False
26141,"Presque Isle, MI",26,MI,45.3402,-83.9173,1681407.4950362574,5132640.340687669,151.5415495758239,80.0,91.8,66.7,63.3,3,False
26109,"Menominee, MI",26,MI,45.5792,-87.5573,1392580.5563234482,5111377.729479644,154.9855493203047,81.0,88.7,78.0,66.0,4,False
26003,"Alger, MI",26,MI,46.4099,-86.6018,1452498.729429882,5214809.456901529,194.36702902329586,82.5,100.0,77.8,72.2,4,False
26131,"Ontonagon, MI",26,MI,46.6644,-89.315,1240690.0159443999,5213616.681913354,166.67287552945177,80.0,75.0,75.0,70.0,4,False
26061,"Houghton, MI",26,MI,46.8934,-88.6918,1284949.0843161242,5245141.736257195,184.96696844206429,75.8,125.0,76.2,84.6,1,False
26009,"Antrim, MI",26,MI,45.0003,-85.1377,1592478.6803589063,5077360.608652545,116.54884245910392,85.5,94.8,67.6,48.3,5,True
26011,"Arenac, MI",26,MI,44.0656,-83.8948,1710048.5646354023,4991422.217145705,114.32994595115605,97.6,96.5,81.0,112.0,2,True
26017,"Bay, MI",26,MI,43.7072,-83.9921,1709656.5370194502,4950125.470218489,109.43687000203913,103.3,103.4,95.2,102.7,7,True
26157,"Tuscola, MI",26,MI,43.4641,-83.4168,1761253.9333306286,4931863.525996792,119.23992179511205,104.6,100.5,86.0,119.6,7,True
26063,"Huron, MI",26,MI,43.8333,-83.0193,1785337.9950041936,4979175.429252589,144.0493564571862,108.5,100.5,84.0,125.2,4,False
26047,"Emmet, MI",26,MI,45.5205,-84.8905,1601642.030556593,5138540.548866282,135.53388836709837,84.4,96.7,69.2,59.0,7,False
26019,"Benzie, MI",26,MI,44.6395,-86.0158,1529808.3523308416,5025610.035954839,125.67178313608376,81.8,61.4,45.0,50.0,4,False
01097,"Mobile, AL",01,AL,30.7943,-88.2018,1535992.2808375978,3457158.0620641303,134.39161354581844,77.8,83.0,35.4,91.0,8,False
28113,"Pike, MS",28,MS,31.1749,-90.4042,1320539.8966538962,3480996.987849856,94.69488897355718,68.0,70.0,57.0,64.0,3,True
05003,"Ashley, AR",05,AR,33.1912,-91.7679,1174852.991120238,3695874.9928285666,106.86285160350268,70.0,76.0,,100.0,8,False
05005,,05,AR,36.2872,-92.337,1098741.3633827497,4036462.109651624,110.13306521835827,,,,,-1,False
05007,"Benton, AR",05,AR,36.3392,-94.2573,925756.0608673034,4032027.2547203223,104.73481022811474,,70.0,50.0,,10,False
05001,"Arkansas, AR",05,AR,34.2908,-91.3749,1202513.069205653,3820829.798069524,106.10537042178476,122.0,132.0,135.0,131.0,7,True
05011,,05,AR,33.4659,-92.1623,1135965.6841187691,3723924.942287649,108.96530475341973,,,,,-1,False
05013,"Calhoun, AR",05,AR,33.558,-92.5031,1103569.8690182301,3732114.8887757,108.9478450780838,,45.0,,,9,False
05015,,05,AR,36.341,-93.5382,990353.5362670149,4035645.66986392,105.1418058016324,,,,,-1,False
05017,"Chicot, AR",05,AR,33.2672,-91.294,1218550.952272091,3707512.6378134424,108.93780177296505,90.0,82.0,,105.0,1,False
05019,"Clark, AR",05,AR,34.051,-93.1764,1037822.6147969415,3783146.6681781122,105.7051662547831,,80.0,69.0,91.0,4,True
05021,"Clay, AR",05,AR,36.3685,-90.4173,1270780.0911918841,4059203.2988041216,98.8166451743117,120.0,135.0,125.0,134.0,2,True
05023,"Cleburne, AR",05,AR,35.5381,-92.0267,1132640.1139976766,3955160.909946255,100.85069348511942,,58.0,,,6,False
05025,,05,AR,33.8983,-92.1852,1130645.6822254767,3771856.310021031,108.93780177296505,,,,,-1,False
05027,,05,AR,33.2143,-93.2274,1038311.1920695666,3689929.487121387,108.30808620516056,,,,,-1,False
05029,"Conway, AR",05,AR,35.2622,-92.7014,1073305.2300292049,3920356.4637469808,111.87769843176014,50.0,85.0,50.0,93.0,8,True
05031,"Craighead, AR",05,AR,35.8308,-90.6328,1256571.2072269777,3997655.696280406,98.8424429680991,88.0,130.0,130.0,129.0,9,True
05033,"Crawford, AR",05,AR,35.5889,-94.243,931112.094769966,3948782.2659668825,111.04337391480314,68.0,,,,9,False
05035,"Crittenden, AR",05,AR,35.2079,-90.3089,1292086.186676615,3930892.0684468104,101.37084826943394,100.0,96.0,105.0,129.0,8,True
05037,"Cross, AR",05,AR,35.2958,-90.7713,1249028.1297355746,3937051.212689921,97.12416225988325,116.0,120.0,,,6,False
05039,,05,AR,33.9698,-92.6545,1086653.3114302498,3777003.765218087,111.79529667559076,,,,,-1,False
05041,"Desha, AR",05,AR,33.8333,-91.254,1217554.44486517,3770778.2199360877,114.16929277418377,110.0,126.0,100.0,122.0,2,True
05043,"Drew, AR",05,AR,33.5895,-91.72,1176217.7083863593,3740486.637545879,105.86451951068537,90.0,100.0,55.0,110.0,6,True
05045,"Faulkner, AR",05,AR,35.147,-92.332,1107840.7375464877,3909760.9241396897,108.23151791903024,70.0,,,,10,False
05047,,05,AR,35.5123,-93.8906,963517.7358203104,3941881.461347906,111.87769843176014,,,,,-1,False
05049,,05,AR,36.3817,-91.8183,1144638.0712025398,4050323.07663307,105.12735335775255,,,,,-1,False
05051,,05,AR,34.5767,-93.1504,1036853.7791343549,3841687.109833443,105.13756342701178,,,,,-1,False
05053,,05,AR,34.29,-92.4236,1105732.885441764,3813947.6669599866,107.56743870238608,,,,,-1,False
19185,"Wayne, IA",19,IA,40.7395,-93.3274,979064.3813910037,4525344.066796562,87.69523751164417,117.5,109.9,44.9,76.0,1,True
19183,"Washington, IA",19,IA,41.3356,-91.7179,1109528.0262081516,4601669.838353938,88.40351517958433,140.2,116.1,41.8,93.1,8,True
19181,"Warren, IA",19,IA,41.3343,-93.5614,955163.5979159801,4590158.938491007,91.1267149610921,136.9,125.7,83.0,107.3,10,True
19179,"Wapello, IA",19,IA,41.0306,-92.4095,1054183.98026329,4563127.021347001,89.90329994489123,130.5,110.2,62.7,105.6,2,True
19177,"Van Buren, IA",19,IA,40.7532,-91.95,1095344.067885157,4535336.3128201505,87.19911743781218,109.8,99.9,40.4,65.0,1,True
19175,"Union, IA",19,IA,41.0277,-94.2424,900017.9934480488,4552747.363133571,91.79292886151393,108.5,115.9,67.3,103.0,2,True
19173,"Taylor, IA",19,IA,40.7374,-94.6965,863414.741509635,4518522.353733363,87.42546350588427,115.3,109.5,60.0,95.5,1,True
19171,"Tama, IA",19,IA,42.0798,-92.5326,1035060.873115059,4678919.706475267,97.10750863514984,131.7,137.0,89.9,100.9,6,True
19169,"Story, IA",19,IA,42.0362,-93.4651,958201.484666755,4668639.276475644,95.39729542124773,135.6,145.1,85.3,126.9,9,True
19167,"Sioux, IA",19,IA,43.0826,-96.1779,729722.7122146864,4773853.437257082,94.54930209562391,130.6,117.0,89.7,134.5,8,True
19165,"Shelby, IA",19,IA,41.6851,-95.3103,807098.9241930197,4621395.048131657,92.40270819504869,128.1,126.8,94.5,119.9,4,True
19095,"Iowa, IA",19,IA,41.6863,-92.0656,1077265.22716872,4638240.026695441,91.72188059416011,130.6,123.9,32.0,104.8,9,True
19093,"Ida, IA",19,IA,42.3869,-95.5136,786996.1033771547,4698624.924102026,94.54930209562391,127.9,125.2,119.7,130.4,4,True
19091,"Humboldt, IA",19,IA,42.7764,-94.2073,892094.497903659,4747135.707421552,98.37687463815124,140.2,143.4,107.0,149.1,6,True
19089,"Howard, IA",19,IA,43.3568,-92.3172,1041611.9060968603,4822174.099681636,98.82894819841856,132.9,128.8,62.9,125.1,3,True
19087,"Henry, IA",19,IA,40.9879,-91.5446,1127372.1572927353,4564267.518601722,94.12796956491368,131.4,103.9,60.9,72.1,7,True
19085,"Harrison, IA",19,IA,41.6829,-95.8167,764954.1181793718,4619467.290125586,90.08393848535228,128.6,136.3,91.1,97.3,3,True
19083,"Hardin, IA",19,IA,42.3838,-93.2404,974192.6260050018,4708485.319938967,97.45937639982708,142.1,143.4,83.7,116.9,5,True
19081,"Hancock, IA",19,IA,43.0819,-93.7343,928668.8287722056,4783384.131549425,93.47685633032368,149.4,137.1,115.0,126.0,7,True
19079,"Hamilton, IA",19,IA,42.3838,-93.7068,935783.1983395912,4705980.144099071,100.06222138606674,146.8,143.4,80.4,154.4,8,True
19077,"Guthrie, IA",19,IA,41.6838,-94.501,874480.2890953282,4624458.055854788,94.37349804743599,126.0,130.6,93.5,135.9,5,True
19075,"Grundy, IA",19,IA,42.402,-92.7911,1011048.1339700671,4713122.116989993,99.96014645127516,125.2,140.2,89.9,95.5,8,True
19073,"Greene, IA",19,IA,42.0362,-94.3969,881044.4527742823,4664056.3440398155,94.82106509995758,138.4,147.1,99.6,127.7,3,True
19071,"Fremont, IA",19,IA,40.7456,-95.6047,786670.1475394558,4516064.378872014,91.57877147200519,143.2,118.3,112.0,122.1,4,True
19069,"Franklin, IA",19,IA,42.7325,-93.2624,969748.4149049788,4747098.361222529,93.34551179591064,148.1,141.4,110.5,128.0,6,True
19067,"Floyd, IA",19,IA,43.06,-92.789,1005822.7569859466,4786234.747762709,88.94242416749394,140.9,131.7,83.8,83.3,5,True
19065,"Fayette, IA",19,IA,42.8625,-91.8443,1084661.0194132524,4770448.575431689,94.65975513265664,143.6,141.6,79.0,123.1,2,True
19063,"Emmet, IA",19,IA,43.3779,-94.6784,850099.227190204,4811858.380846012,96.20468619991067,147.9,142.9,111.6,139.8,4,True
19061,"Dubuque, IA",19,IA,42.4689,-90.8824,1167517.3742030447,4733879.868598656,106.58915495110243,147.5,131.2,64.2,108.6,10,True
19059,"Dickinson, IA",19,IA,43.3779,-95.151,811809.7164916664,4809980.103896207,101.95618811349824,138.5,133.3,106.4,136.2,7,True
19057,"Des Moines, IA",19,IA,40.9232,-91.1815,1158599.715257835,4559765.515310716,95.8904937083795,147.1,110.4,64.8,83.0,9,True
19055,"Delaware, IA",19,IA,42.4711,-91.3673,1127600.8419781013,4730398.358985682,102.03132905028663,150.4,139.0,64.9,122.5,8,True
19001,"Adair, IA",19,IA,41.3307,-94.471,879036.6154604766,4585373.294688614,89.76791647856432,128.3,128.4,86.1,131.4,2,True
19003,"Adams, IA",19,IA,41.029,-94.6992,861592.6817862266,4550894.013007226,90.60983623862207,119.6,125.8,73.5,110.1,1,True
19005,"Allamakee, IA",19,IA,43.2843,-91.3781,1118484.5010579354,4820677.859730993,106.44296382978504,138.7,136.2,66.1,122.2,2,True
19007,"Appanoose, IA",19,IA,40.7432,-92.8687,1017794.8599900086,4528370.076509163,88.0685869532479,124.2,110.0,50.4,83.0,1,True
19009,"Audubon, IA",19,IA,41.6846,-94.9058,840775.0058132279,4622863.05470882,93.98612271996095,126.1,133.5,91.7,132.0,2,True
19011,"Benton, IA",19,IA,42.0801,-92.0657,1073703.9445113325,4681995.973492815,95.91750979750196,134.3,138.0,57.4,107.3,8,True
19013,"Black Hawk, IA",19,IA,42.4701,-92.3085,1050186.9354005815,4723717.866387619,99.09530555262377,144.9,143.0,74.1,92.9,8,True
19015,"Boone, IA",19,IA,42.0366,-93.9318,919552.6761683768,4666282.362259889,95.13589162688606,144.9,142.9,86.8,130.5,8,True
19017,"Bremer, IA",19,IA,42.7747,-92.3182,1046704.3150147613,4757496.558750937,97.71734656364292,142.5,137.6,70.5,99.3,9,True
19019,"Buchanan, IA",19,IA,42.4707,-91.8379,1088891.6144493795,4726960.028425553,102.04865228301038,145.6,141.4,75.3,113.6,5,True
19021,"Buena Vista, IA",19,IA,42.7355,-95.1513,815062.4350115466,4738629.799720904,93.10758863718783,131.6,131.4,113.0,132.4,7,True
19023,"Butler, IA",19,IA,42.7316,-92.7902,1008427.0724485989,4749744.358348835,94.07929462370511,134.2,131.6,94.2,94.3,5,True
19025,"Calhoun, IA",19,IA,42.3852,-94.6405,858889.7629067902,4701759.34511889,95.60706671019636,134.6,143.2,123.4,134.6,4,True
19027,"Carroll, IA",19,IA,42.0362,-94.8607,842643.791026916,4662090.795445815,98.37687463815124,138.5,135.8,115.9,129.4,6,True
19029,"Cass, IA",19,IA,41.3315,-94.9278,840793.6568703735,4583563.049599358,89.99609447512887,129.8,132.9,91.5,131.4,3,True
19031,"Cedar, IA",19,IA,41.7723,-91.1324,1154123.6497937012,4654514.027140192,97.48662235097382,144.0,120.6,61.3,131.8,9,True
19033,"Cerro Gordo, IA",19,IA,43.0815,-93.2608,967226.6296345969,4785876.62320935,86.37314217271975,144.7,133.0,100.2,97.0,7,True
19035,"Cherokee, IA",19,IA,42.7357,-95.6239,776369.7230066318,4736994.342350874,99.25790881253029,134.8,129.3,120.0,132.7,4,True
19037,"Chickasaw, IA",19,IA,43.0601,-92.3176,1044223.6744708931,4789208.562575219,102.03132905028663,136.3,133.0,69.0,98.8,7,True
19039,"Clarke, IA",19,IA,41.029,-93.7851,938473.0756429941,4555094.662025087,89.36649102498666,100.5,100.0,39.3,68.2,3,True
19041,"Clay, IA",19,IA,43.0826,-95.151,813321.1327804513,4777181.588284591,94.94205740080038,136.9,136.5,100.3,130.5,7,True
19043,"Clayton, IA",19,IA,42.8447,-91.3414,1125948.6505742753,4772106.072614824,100.49120798430617,146.6,139.0,66.9,134.0,2,True
17129,"Menard, IL",17,IL,40.0274,-89.8022,1285386.6043627514,4471534.198844054,96.92367730531161,159.0,133.0,67.0,130.0,8,True
17131,"Mercer, IL",17,IL,41.2053,-90.7414,1192716.4746384867,4594558.341053452,93.53129161822253,135.0,121.0,65.0,72.0,7,True
17133,"Monroe, IL",17,IL,38.2785,-90.1774,1272370.769228404,4273718.86545336,94.17672003257574,98.0,123.0,74.0,123.0,10,True
17135,"Montgomery, IL",17,IL,39.231,-89.4789,1322514.3986867801,4385854.963284974,97.91645242952518,149.0,128.0,80.0,127.0,5,True
17137,"Morgan, IL",17,IL,39.7156,-90.2015,1254685.8089068101,4433379.25914579,93.59533378797198,158.0,149.0,93.0,142.0,6,True
17139,"Moultrie, IL",17,IL,39.6413,-88.6194,1391601.9291327612,4439787.20766843,97.78819782709813,166.0,163.0,87.0,142.0,7,True
17141,"Ogle, IL",17,IL,42.0427,-89.3207,1301465.8692347705,4700083.012409673,102.34989254546622,134.0,133.0,66.0,140.0,9,True
17143,"Peoria, IL",17,IL,40.7881,-89.76,1280072.581318215,4556518.695268109,100.13931319239049,147.0,120.0,62.0,97.0,8,True
17145,"Perry, IL",17,IL,38.0838,-89.3671,1345728.9184588324,4259199.382179193,91.74340542934193,89.0,113.0,75.0,91.0,4,True
17147,"Piatt, IL",17,IL,40.0104,-88.5911,1389203.6615009985,4481155.835748252,102.01995789693417,161.0,162.0,95.0,135.0,9,True
17149,"Pike, IL",17,IL,39.6225,-90.8862,1196824.461382647,4417441.2217843495,94.79377856012125,135.0,125.0,89.0,118.0,2,True
17151,"Pope, IL",17,IL,37.4127,-88.5615,1425066.409975864,4192177.995943392,73.74380323282854,69.0,98.0,69.0,100.0,1,True
17153,"Pulaski, IL",17,IL,37.2228,-89.1267,1377078.4650820093,4165562.479253409,81.10655473897009,104.0,116.0,90.0,106.0,1,True
17155,"Putnam, IL",17,IL,41.2045,-89.2858,1314957.6680721263,4607204.499799342,110.95194865320734,129.0,130.0,71.0,120.0,9,True
17051,"Fayette, IL",17,IL,39.0002,-89.0242,1364722.0694441963,4364441.272217124,96.43637174519681,123.0,125.0,67.0,113.0,3,True
17157,"Randolph, IL",17,IL,38.0521,-89.8253,1305769.2345405887,4251553.173006124,87.21283931322105,77.0,109.0,73.0,100.0,6,True
17159,"Richland, IL",17,IL,38.7124,-88.085,1450203.1612033527,4341852.374954181,87.15011233209677,111.0,128.0,72.0,109.0,4,True
17161,"Rock Island, IL",17,IL,41.4673,-90.5674,1204472.7330356871,4625095.61520707,97.79194432947617,125.0,123.0,69.0,109.0,7,True
17163,"St Clair, IL",17,IL,38.4703,-89.9284,1292094.9637120496,4297191.563072144,90.94298075099935,113.0,122.0,93.0,119.0,-1,True
17165,"Saline, IL",17,IL,37.7533,-88.5408,1422633.2601845246,4230330.796304364,79.89426630954674,85.0,118.0,99.0,118.0,1,True
17167,"Sangamon, IL",17,IL,39.7582,-89.6589,1300800.4495213595,4442873.459377422,96.51194661046402,164.0,151.0,87.0,141.0,9,True
17169,"Schuyler, IL",17,IL,40.158,-90.6151,1214507.8987287304,4479142.445759657,95.08897610145911,140.0,111.0,79.0,116.0,2,True
17171,"Scott, IL",17,IL,39.6442,-90.4747,1231980.6440117299,4423154.707531031,97.88183382733129,155.0,132.0,85.0,124.0,4,True
17173,"Shelby, IL",17,IL,39.3911,-88.8055,1378773.7859859657,4410083.340822614,97.52405615966293,143.0,145.0,81.0,118.0,6,True
17175,"Stark, IL",17,IL,41.0934,-89.7975,1273298.34583956,4590133.542775111,103.2777027514313,143.0,118.0,75.0,112.0,5,True
17177,"Stephenson, IL",17,IL,42.3517,-89.6625,1269345.1309072203,4731257.182610719,103.66354304163397,128.0,119.0,68.0,125.0,8,True
17179,"Tazewell, IL",17,IL,40.5075,-89.5134,1304315.5014830814,4527553.889296005,100.32053204575715,154.0,138.0,68.0,125.0,9,True
17181,"Union, IL",17,IL,37.4712,-89.2551,1362760.8434164007,4192028.0731610917,82.40922881458478,94.0,104.0,89.0,98.0,2,True
17183,"Vermilion, IL",17,IL,40.1836,-87.7329,1460193.851469955,4509484.265169878,97.78819782709813,130.0,149.0,82.0,131.0,5,True
17185,"Wabash, IL",17,IL,38.4461,-87.8443,1474861.765195291,4314743.890859888,83.98129596230456,110.0,124.0,77.0,120.0,6,True
17187,"Warren, IL",17,IL,40.8488,-90.615,1207163.1731564887,4555948.376139283,99.73242256080849,145.0,124.0,67.0,73.0,3,True
17189,"Washington, IL",17,IL,38.3522,-89.4105,1338787.1550626042,4288677.814485153,92.63075469751807,99.0,122.0,75.0,84.0,5,True
17191,"Wayne, IL",17,IL,38.4295,-88.4256,1424147.5065434715,4306816.369511282,87.09483998710895,107.0,123.0,72.0,113.0,2,True
17193,"White, IL",17,IL,38.0875,-88.1795,1450221.2260178593,4271246.325203779,80.53515814593868,110.0,126.0,99.0,123.0,2,True
17195,"Whiteside, IL",17,IL,41.7564,-89.9141,1255689.0907744314,4662812.311940716,97.98200536671972,131.0,125.0,54.0,116.0,7,True
17197,"Will, IL",17,IL,41.445,-87.9787,1421332.5629532007,4647200.567563184,109.94509240419899,108.0,123.0,51.0,142.0,10,True
17199,"Williamson, IL",17,IL,37.7303,-88.9299,1388499.717069975,4223953.415733122,78.24232779942264,95.0,105.0,84.0,104.0,3,True
17055,"Franklin, IL",17,IL,37.9923,-88.9242,1385821.5247408247,4253186.443522853,88.05907225544898,89.0,103.0,91.0,108.0,1,True
17057,"Fulton, IL",17,IL,40.4728,-90.2075,1245781.3515421653,4517537.426030516,95.38635688448083,149.0,112.0,62.0,93.0,3,True
17059,"Gallatin, IL",17,IL,37.7628,-88.2305,1449960.2147062905,4234539.334538243,76.7480663417184,124.0,138.0,105.0,128.0,1,True
17071,"Henderson, IL",17,IL,40.8181,-90.9251,1181302.0600707778,4550059.087931245,94.92849053304482,149.0,142.0,79.0,78.0,3,True
17069,"Hardin, IL",17,IL,37.5182,-88.2669,1449895.7083194403,4206908.463032159,71.42914454288328,94.0,100.0,60.0,113.0,1,True
17067,"Hancock, IL",17,IL,40.4037,-91.1647,1165194.373089688,4502146.694969629,92.08441532110409,139.0,114.0,65.0,77.0,5,True
17065,"Hamilton, IL",17,IL,38.0816,-88.5391,1418633.8046181141,4266919.240131959,81.8317242316402,105.0,116.0,86.0,113.0,1,True
17103,"Lee, IL",17,IL,41.7461,-89.3005,1306904.3947720518,4667295.01162017,102.83894960054904,134.0,123.0,67.0,133.0,8,True
17095,"Knox, IL",17,IL,40.9318,-90.2133,1240143.8687402548,4568526.490725442,94.04402920764318,140.0,123.0,63.0,89.0,5,True
27077,"Lake Of The Woods, MN",27,MN,48.7718,-94.9048,800865.7628416985,5410181.433970135,222.9695672943963,,,59.0,,-1,False
27073,"Lac Qui Parle, MN",27,MN,44.9955,-96.1735,722789.0052403978,4986337.540862701,105.0912891047486,113.0,105.0,38.0,118.0,-1,True
27003,"Anoka, MN",27,MN,45.2732,-93.2464,951304.3596150381,5029426.452011895,102.18838257707914,93.0,103.0,36.0,89.0,10,True
27009,"Benton, MN",27,MN,45.6991,-93.9989,889328.639128083,5072792.119516028,110.83984615576256,107.0,113.0,83.0,99.0,8,True
27015,"Brown, MN",27,MN,44.2421,-94.7277,841140.6268282934,4907645.045504402,101.97422772694792,135.0,137.0,71.0,140.0,7,True
27137,"St. Louis, MN",27,MN,47.604,-92.4708,990667.4262113615,5292977.458501064,217.50944706633217,,,50.0,,6,False
27019,"Carver, MN",27,MN,44.8208,-93.8025,910921.1765725722,4976199.87850414,97.33345208546673,123.0,133.0,40.0,145.0,10,True
27023,"Chippewa, MN",27,MN,45.0223,-95.5666,770499.5080805895,4991164.240504389,109.3874928470936,104.0,123.0,47.0,109.0,4,True
27025,"Chisago, MN",27,MN,45.5025,-92.9083,975888.1442368808,5056852.976035192,100.95320322271705,103.0,108.0,46.0,95.0,9,True
27033,"Cottonwood, MN",27,MN,44.0071,-95.1812,806140.4942093338,4879754.771949944,99.01221458057788,138.0,130.0,84.0,134.0,3,True
27035,"Crow Wing, MN",27,MN,46.4824,-94.0709,878317.2005670692,5159462.656021544,141.59391044645645,90.0,97.0,37.0,48.0,4,False
27037,"Dakota, MN",27,MN,44.6718,-93.0656,970393.6714856871,4963650.131367905,93.30739185837943,141.0,134.0,67.0,138.0,10,True
27039,"Dodge, MN",27,MN,44.0225,-92.862,991954.8765873164,4892720.275304616,95.71443450879522,127.0,140.0,102.0,145.0,9,True
27041,"Douglas, MN",27,MN,45.9337,-95.4535,774935.96113737,5092799.038703447,120.9180422363729,89.0,102.0,36.0,67.0,4,False
27043,"Faribault, MN",27,MN,43.6739,-93.9478,907292.3664726075,4848071.508754853,96.6040030294151,143.0,142.0,108.0,148.0,4,True
27045,"Fillmore, MN",27,MN,43.674,-92.0901,1057081.510569614,4858921.0256825425,100.50439722804438,135.0,135.0,71.0,133.0,4,True
27047,"Freeborn, MN",27,MN,43.6738,-93.3489,955581.3003683896,4851184.174278433,97.10929281288172,134.0,143.0,104.0,147.0,7,True
27049,"Goodhue, MN",27,MN,44.4099,-92.7225,999835.6177041531,4936601.607669008,89.3056101248548,134.0,144.0,79.0,148.0,9,True
27051,"Grant, MN",27,MN,45.934,-96.0121,731631.6368551063,5091056.149103187,117.25525135374417,99.0,107.0,63.0,101.0,2,True
27053,"Hennepin, MN",27,MN,45.0045,-93.4768,935278.6471602682,4998309.707250575,89.3543754340002,118.0,127.0,35.0,115.0,10,True
27055,"Houston, MN",27,MN,43.6714,-91.4929,1105266.0238395762,4862838.526369903,101.92746122755246,148.0,137.0,74.0,135.0,8,True
27057,"Hubbard, MN",27,MN,47.1087,-94.9166,809793.543359384,5225338.201376999,145.1307404838532,95.0,101.0,64.0,108.0,2,False
27059,"Isanti, MN",27,MN,45.5615,-93.2952,945197.9474544467,5061179.981095516,103.43149325956274,107.0,105.0,66.0,93.0,9,True
27063,"Jackson, MN",27,MN,43.6741,-95.1541,810035.4237157283,4842867.913709754,97.39604876897342,134.0,140.0,99.0,139.0,5,True
27065,"Kanabec, MN",27,MN,45.9453,-93.2935,942278.6214234339,5103824.6439697165,116.96093510364689,104.0,90.0,59.0,65.0,4,True
27067,"Kandiyohi, MN",27,MN,45.1524,-95.0048,814045.8951480412,5007649.410765957,103.60983329873335,109.0,124.0,63.0,108.0,7,True
27069,"Kittson, MN",27,MN,48.7766,-96.7826,662905.0452165765,5404993.48354039,181.4319307238956,74.0,85.0,35.0,75.0,6,False
27079,"Le Sueur, MN",27,MN,44.3714,-93.73,919886.271862219,4926648.002476583,91.21678502172685,136.0,136.0,70.0,142.0,8,True
27081,"Lincoln, MN",27,MN,44.4126,-96.267,717593.4808766191,4921334.255797988,97.82344835065712,92.0,112.0,51.0,113.0,1,True
27083,"Lyon, MN",27,MN,44.4135,-95.839,751666.4192690962,4922661.921754686,109.28862502944223,118.0,125.0,56.0,114.0,7,True
27085,"Mcleod, MN",27,MN,44.8235,-94.2724,873752.2770107002,4974225.886941129,97.21834051255256,121.0,142.0,74.0,134.0,-1,True
27087,"Mahnomen, MN",27,MN,47.3252,-95.809,741111.7220526885,5246242.245704116,146.5268628411163,81.0,96.0,73.0,64.0,1,False
27091,"Martin, MN",27,MN,43.6742,-94.5511,858649.6297256672,4845313.40115824,98.80026077677553,146.0,142.0,106.0,147.0,6,True
27093,"Meeker, MN",27,MN,45.1231,-94.5274,851752.383462965,5006364.15425264,102.18838257707914,109.0,119.0,56.0,101.0,7,True
27095,"Mille Lacs, MN",27,MN,45.938,-93.6301,916248.1379446771,5101195.926934464,114.68551545920006,96.0,100.0,45.0,78.0,5,True
27097,"Morrison, MN",27,MN,46.0126,-94.2684,866281.0633920631,5106341.3569068555,119.58814791955157,96.0,89.0,52.0,64.0,4,True
27099,"Mower, MN",27,MN,43.6714,-92.7525,1003690.2846268865,4854378.233485501,96.6040030294151,130.0,140.0,96.0,145.0,6,True
27101,"Murray, MN",27,MN,44.0221,-95.7632,759416.1080776518,4879422.410403703,104.89490214544232,122.0,125.0,81.0,120.0,5,True
27103,"Nicollet, MN",27,MN,44.35,-94.2474,878798.5733541191,4921742.779506931,95.14459081444608,138.0,143.0,64.0,149.0,9,True
27105,"Nobles, MN",27,MN,43.6742,-95.7534,761720.0471128331,4840811.3131809775,97.03408051634864,111.0,126.0,90.0,135.0,5,True
27107,"Norman, MN",27,MN,47.3265,-96.4551,692290.6445081624,5244588.680269529,134.86223969669066,83.0,97.0,72.0,63.0,3,False
27109,"Olmsted, MN",27,MN,44.0036,-92.4018,1029013.300881533,4893481.811875055,95.31931662648336,129.0,137.0,75.0,139.0,10,True
27113,"Pennington, MN",27,MN,48.0662,-96.0367,720755.4842386931,5327906.699073252,155.5707160248909,69.0,94.0,51.0,67.0,3,False
27115,"Pine, MN",27,MN,46.1208,-92.7414,983524.2755147403,5126542.017249002,126.10885568811192,92.0,99.0,42.0,70.0,3,False
27117,"Pipestone, MN",27,MN,44.023,-96.2586,719707.3642061113,4878081.55011272,103.55318668612408,101.0,117.0,53.0,108.0,2,True
27121,"Pope, MN",27,MN,45.5861,-95.4445,777352.6885148683,5054212.961378872,116.82261237158235,102.0,113.0,63.0,104.0,2,True
27123,"Ramsey, MN",27,MN,45.0171,-93.0994,964918.7543446939,5001813.199147667,99.6323465638661,103.0,,77.0,,9,False
27125,"Red Lake, MN",27,MN,47.8717,-96.0953,717205.032879923,5306125.372436863,146.89343147274366,71.0,97.0,56.0,66.0,2,False
27127,"Redwood, MN",27,MN,44.4037,-95.2539,798300.9559383907,4923540.820275041,98.80026077677553,132.0,130.0,65.0,133.0,5,True
27129,"Renville, MN",27,MN,44.7268,-94.9472,820939.7501590259,4960596.668823567,103.26588097998334,129.0,145.0,60.0,136.0,6,True
27131,"Rice, MN",27,MN,44.3541,-93.2966,954553.8393783702,4927045.917167531,87.72104937454873,139.0,139.0,74.0,142.0,9,True
27133,"Rock, MN",27,MN,43.6747,-96.2532,721425.9474118415,4839410.237810412,95.05450276174805,127.0,129.0,81.0,129.0,6,True
27135,"Roseau, MN",27,MN,48.7751,-95.8107,734306.1276690261,5407362.352825973,204.46950351015295,60.0,88.0,62.0,54.0,8,False
27139,"Scott, MN",27,MN,44.6484,-93.5358,933296.5768491718,4958435.486471138,90.54486703931386,137.0,123.0,73.0,140.0,10,True
27141,"Sherburne, MN",27,MN,45.4439,-93.7745,908648.2506807961,5045560.8729223,102.7662676872224,127.0,108.0,80.0,115.0,10,True
27143,"Sibley, MN",27,MN,44.5795,-94.2321,878528.6083036984,4947307.56296565,101.56685746301314,133.0,138.0,70.0,140.0,7,True
27145,"Stearns, MN",27,MN,45.5522,-94.613,842419.2135997515,5053663.360381912,111.5500011210529,105.0,112.0,66.0,78.0,8,True
27147,"Steele, MN",27,MN,44.0223,-93.226,962778.8508594087,4890582.584656126,100.09764926459002,130.0,140.0,86.0,136.0,9,True
27149,"Stevens, MN",27,MN,45.5861,-96.0003,733997.4448595826,5052439.437121729,115.17368158290573,110.0,118.0,59.0,126.0,3,True
27151,"Swift, MN",27,MN,45.2827,-95.6813,760273.617585735,5019714.841302834,106.82305945160087,106.0,117.0,72.0,120.0,1,True
27153,"Todd, MN",27,MN,46.0706,-94.8976,817244.1482912514,5110078.133970444,123.61445525112974,96.0,104.0,75.0,80.0,1,False
27155,"Traverse, MN",27,MN,45.7721,-96.4716,696580.4532005981,5071835.831610669,119.08326155917764,98.0,90.0,36.0,109.0,2,True
27157,"Wabasha, MN",27,MN,44.2842,-92.2303,1040188.1964167599,4925773.968968304,99.0433747477111,142.0,138.0,94.0,138.0,8,True
27159,"Wadena, MN",27,MN,46.5858,-94.9693,808782.4622963379,5167033.278029268,136.83766735427056,93.0,85.0,57.0,71.0,1,False
27161,"Waseca, MN",27,MN,44.0221,-93.5873,933819.6262589219,4888589.324370293,94.61774380846006,134.0,141.0,95.0,134.0,8,True
27163,"Washington, MN",27,MN,45.0383,-92.8839,981719.7112075228,5005432.317697283,98.81303701885905,132.0,136.0,30.0,125.0,10,True
27165,"Watonwan, MN",27,MN,43.9783,-94.6141,851776.339568659,4878821.216714265,97.9029771128196,141.0,140.0,91.0,138.0,5,True
27169,"Winona, MN",27,MN,43.9869,-91.7791,1079109.9629529617,4895830.33465777,96.54900480746736,145.0,139.0,75.0,142.0,8,True
27171,"Wright, MN",27,MN,45.1739,-93.963,895787.0853658463,5014623.743905189,92.30952512843614,111.0,105.0,47.0,107.0,10,True
27173,"Yellow Medicine, MN",27,MN,44.7162,-95.8683,748042.6735290426,4956196.552828181,104.74264698770007,119.0,117.0,50.0,114.0,3,True
27011,"Big Stone, MN",27,MN,45.4261,-96.411,702533.7883173244,5033547.216780259,113.21900437819286,87.0,93.0,38.0,116.0,2,True
27013,"Blue Earth, MN",27,MN,44.0346,-94.0671,895277.7583186135,4887558.316541012,96.24701405119212,137.0,142.0,90.0,138.0,7,True
29011,"Barton, MO",29,MO,37.5023,-94.3471,911375.4099720318,4160778.2791573405,97.11690703939782,116.5,125.8,93.6,115.6,6,True
29013,"Bates, MO",29,MO,38.2573,-94.34,907807.5637505997,4244645.07270399,101.43242615133023,92.3,94.9,85.2,99.3,6,True
29015,"Benton, MO",29,MO,38.2948,-93.2879,999685.9504742965,4253989.071427524,101.19525532742477,102.6,103.6,93.9,94.8,3,True
29017,"Bollinger, MO",29,MO,37.3222,-90.0259,1295959.6691430565,4168586.6616152474,93.94955573040754,82.7,102.0,83.2,102.1,5,True
29019,"Boone, MO",29,MO,38.9907,-92.3096,1079684.598510724,4337093.466493693,96.16018192346007,102.5,111.4,55.8,107.9,9,True
29021,"Buchanan, MO",29,MO,39.6598,-94.8062,859811.7688707989,4398412.118081067,86.26715900958554,134.5,112.7,75.6,73.4,8,True
29023,"Butler, MO",29,MO,36.7164,-90.4065,1268268.2267797291,4098006.9614754883,99.27696998267292,109.2,122.1,111.3,114.0,2,True
29025,"Caldwell, MO",29,MO,39.6557,-93.9828,930512.6476546945,4401590.470961178,90.40119442361554,105.3,102.7,57.7,83.0,5,True
29027,"Callaway, MO",29,MO,38.8355,-91.926,1114300.055482926,4322370.170854919,95.62159049524524,114.3,111.4,80.2,106.0,9,True
29029,"Camden, MO",29,MO,38.0271,-92.766,1047388.6252056011,4227207.687203841,98.58298655754977,82.0,96.3,71.7,89.5,8,True
29031,"Cape Girardeau, MO",29,MO,37.3839,-89.6845,1325625.1707238914,4178417.6047348366,87.30616298028495,81.3,107.2,89.4,101.3,9,True
29033,"Carroll, MO",29,MO,39.4268,-93.5052,973073.7343776647,4378571.930739229,93.12907508066813,129.8,118.4,78.4,106.9,5,True
29035,,29,MO,36.9413,-90.9623,1216365.7979057853,4118673.389999317,101.30344904190376,,,,,-1,False
29037,"Cass, MO",29,MO,38.647,-94.3548,904325.1676403083,4287853.518832902,95.10277945461905,101.8,100.3,97.4,107.9,10,True
29039,"Cedar, MO",29,MO,37.7238,-93.8566,953419.2174518758,4187642.0029246067,102.39409129235037,78.2,90.0,77.1,85.7,3,True
29041,"Chariton, MO",29,MO,39.5145,-92.9626,1019165.5921962534,4391313.2670653965,97.82412162520647,126.0,124.4,63.1,97.2,7,True
29043,"Christian, MO",29,MO,36.9696,-93.1889,1017501.444986983,4107313.5851567974,105.8776615852798,67.0,98.9,75.4,93.2,9,True
29045,"Clark, MO",29,MO,40.4104,-91.7384,1116384.6999538594,4498704.105676323,95.76581099995164,119.2,93.6,39.1,68.2,5,True
29047,"Clay, MO",29,MO,39.3105,-94.4208,894865.6862341862,4361242.332587458,83.57325371704985,117.0,106.7,61.5,100.3,10,True
29049,"Clinton, MO",29,MO,39.6018,-94.4046,894610.862923339,4393661.89374093,88.44554551909191,124.7,112.6,54.0,90.0,9,True
29051,"Cole, MO",29,MO,38.5055,-92.2816,1086088.6437060763,4283352.173859406,102.20949989288947,104.0,103.8,81.0,98.7,10,True
29053,"Cooper, MO",29,MO,38.8439,-92.8103,1037376.6307496203,4317699.306559611,99.8288285552864,107.1,107.0,80.7,103.3,8,True
29055,"Crawford, MO",29,MO,37.9764,-91.304,1176399.2966781333,4231244.937424995,104.26494199428177,64.9,71.3,69.0,74.2,5,True
29061,"Daviess, MO",29,MO,39.9607,-93.9855,928377.925869013,4435451.846434676,88.91406048075747,117.3,104.1,55.2,85.5,4,True
29063,"De Kalb, MO",29,MO,39.8932,-94.4047,892939.1751403192,4426021.6624688925,92.51142424726751,108.5,103.9,63.6,83.4,-1,True
29065,"Dent, MO",29,MO,37.6066,-91.5079,1161767.2407608442,4188656.8486995376,104.36762880529514,78.1,78.3,75.1,81.5,2,True
29067,,29,MO,36.9326,-92.4988,1079308.4273190452,4107192.85783772,107.17318471006959,,,,,-1,False
29069,"Dunklin, MO",29,MO,36.2718,-90.0909,1301160.755186588,4051119.1899227127,95.58491347262478,92.1,139.1,99.2,139.5,1,True
29071,"Franklin, MO",29,MO,38.4112,-91.075,1192394.4944056505,4281298.102538154,97.5726938165302,92.2,100.4,65.8,94.4,10,True
29073,"Gasconade, MO",29,MO,38.4409,-91.5079,1154252.645261084,4281414.901007425,95.99238059707045,82.7,90.8,54.9,91.8,8,True
29075,"Gentry, MO",29,MO,40.2121,-94.4099,890664.7323993518,4461413.475784535,89.88600613603748,116.3,108.4,58.5,94.9,4,True
29077,"Greene, MO",29,MO,37.2581,-93.342,1001938.962788394,4138536.8401437006,99.64030776849775,69.0,81.5,76.0,76.8,9,True
29079,"Grundy, MO",29,MO,40.114,-93.5653,963250.6676574737,4454589.262744244,91.75335087626044,120.6,112.1,47.8,110.9,4,True
29081,"Harrison, MO",29,MO,40.3547,-93.9921,925340.9377973145,4479179.633853059,90.87145523015398,114.6,115.6,50.5,99.5,4,True
29083,"Henry, MO",29,MO,38.3852,-93.7927,954929.5586252549,4261411.871826445,103.60583488019317,96.5,105.8,93.4,102.0,4,True
29085,"Hickory, MO",29,MO,37.9408,-93.3207,999228.5216677343,4214487.705277568,100.6253594122153,76.1,89.0,76.6,87.1,2,True
29087,"Holt, MO",29,MO,40.0946,-95.215,822680.5712151946,4445126.9076528195,88.44554551909191,125.6,112.8,82.1,70.3,4,True
29089,"Howard, MO",29,MO,39.1428,-92.6958,1045017.0301534157,4351593.41064989,105.2191234042657,118.0,116.5,66.9,106.1,7,True
29091,"Howell, MO",29,MO,36.774,-91.8865,1135263.450015841,4093480.305255352,105.03616643109923,80.0,86.9,53.0,87.5,2,True
29093,,29,MO,37.5552,-90.7735,1227248.005285652,4188413.0353727513,100.75842606982096,,,,,-1,False
29095,"Jackson, MO",29,MO,39.0085,-94.3461,903033.8758340599,4328035.30635403,95.48936858591436,126.7,108.6,80.7,112.3,10,True
29099,"Jefferson, MO",29,MO,38.261,-90.5378,1240945.2708125543,4268796.205101426,96.39071528334237,83.8,90.5,67.3,95.4,10,True
29101,"Johnson, MO",29,MO,38.7441,-93.8063,951481.9085779293,4301205.822721345,102.55138958542483,102.6,103.7,83.2,101.8,8,True
29103,"Knox, MO",29,MO,40.1282,-92.1481,1084017.0621962985,4464551.546746015,89.46033184511182,123.7,93.6,25.2,76.3,3,True
29105,"Laclede, MO",29,MO,37.6583,-92.5903,1065656.1119575822,4187280.2608255697,108.53760583662167,75.0,96.9,79.5,81.8,6,True
29107,"Lafayette, MO",29,MO,39.0656,-93.7855,951244.4554908368,4337016.893092086,96.12594658360865,123.1,119.8,100.1,115.2,9,True
29009,"Barry, MO",29,MO,36.7099,-93.8291,962008.4598101594,4075173.101495863,104.14368624470711,74.0,90.0,60.2,84.2,5,True
29111,"Lewis, MO",29,MO,40.0969,-91.7222,1120636.3822298187,4463974.988285894,96.48902824082134,112.6,111.7,39.6,79.3,6,True
29113,"Lincoln, MO",29,MO,39.0581,-90.9602,1196081.01935565,4354109.562402883,96.39071528334237,111.7,111.3,73.6,92.6,10,True
29115,"Linn, MO",29,MO,39.8702,-93.1072,1004117.9053060239,4430001.627086361,95.35571056819622,115.8,109.4,57.2,106.7,3,True
29117,"Livingston, MO",29,MO,39.7821,-93.5483,966959.7208710511,4417811.627595737,93.03357720421926,118.2,108.6,59.9,101.4,7,True
29119,,29,MO,36.6287,-94.3484,916017.4040782619,4063772.374576141,105.27296872390357,,,,,-1,False
29121,"Macon, MO",29,MO,39.8308,-92.5646,1050885.9215588972,4428839.947589031,94.88536044327752,115.2,109.8,52.5,103.1,6,True
29123,"Madison, MO",29,MO,37.4781,-90.345,1265995.616880149,4183267.270425444,97.1610041692912,92.2,,,,3,False
29125,"Maries, MO",29,MO,38.1616,-91.9249,1120183.118736728,4247472.591096471,98.34648670623916,79.3,78.1,64.4,79.1,5,True
29127,"Marion, MO",29,MO,39.806,-91.6224,1131843.4246666967,4432347.174407048,97.3247865852142,128.2,112.4,49.2,89.4,7,True
29129,"Mercer, MO",29,MO,40.4223,-93.5685,960873.0761370659,4488817.750815398,89.90365050846127,112.5,100.3,59.5,90.3,2,True
29131,"Miller, MO",29,MO,38.2145,-92.4284,1075581.666936714,4250084.519374882,105.26978546901172,89.1,104.5,95.9,103.8,4,True
29133,"Mississippi, MO",29,MO,36.8281,-89.2911,1366966.0767023775,4120077.0402461286,82.24560164320268,133.4,128.6,109.9,141.2,2,True
29135,"Moniteau, MO",29,MO,38.6327,-92.583,1058779.2750143073,4295599.792741109,103.00635123410957,82.3,95.0,70.2,91.4,8,True
29137,"Monroe, MO",29,MO,39.4955,-92.0007,1102118.4215034675,4395220.735162558,102.56265558577773,113.2,109.8,41.9,92.2,5,True
29139,"Montgomery, MO",29,MO,38.9415,-91.4702,1152950.2598279065,4337338.671664741,98.31894620771104,118.5,115.1,76.2,93.5,8,True
29141,"Morgan, MO",29,MO,38.4239,-92.8861,1033911.2383684408,4270590.573987289,89.8493395915951,80.5,97.6,86.4,100.6,5,True
29143,"New Madrid, MO",29,MO,36.5942,-89.6516,1337256.9929003972,4090785.6930381684,90.75238789757313,119.7,139.4,127.3,142.5,4,True
29145,"Newton, MO",29,MO,36.9055,-94.3392,915340.9265859157,4094546.4663432557,103.49197013884582,77.0,92.2,60.2,92.2,8,True
29147,"Nodaway, MO",29,MO,40.3607,-94.8834,849584.8254210029,4475933.133696157,88.58378687184636,117.8,105.8,62.1,63.6,6,True
29149,,29,MO,36.6867,-91.4033,1179258.653595976,4087112.1383548486,103.04017528108054,,,,,-1,False
29151,"Osage, MO",29,MO,38.4604,-91.8618,1123142.3132899054,4281112.8880581455,102.97890265637321,97.5,110.0,85.1,101.0,9,True
29153,,29,MO,36.6493,-92.4446,1086310.8259395245,4076040.826598007,104.99696662616773,,,,,-1,False
29155,"Pemiscot, MO",29,MO,36.2111,-89.7858,1329314.7080115261,4046955.8160676593,89.97661677499744,95.3,124.4,111.0,129.4,1,True
29157,"Perry, MO",29,MO,37.7071,-89.8244,1309656.8918039696,4213163.6709117275,87.412882138279,93.5,118.6,76.3,105.0,9,True
29159,"Pettis, MO",29,MO,38.7283,-93.2851,996930.2041808364,4302160.081291517,94.32876943209061,104.7,102.4,75.3,109.1,8,True
29161,"Phelps, MO",29,MO,37.8771,-91.7924,1134275.529015383,4216746.720649732,109.1672631627391,72.4,91.8,79.5,90.9,7,True
29163,"Pike, MO",29,MO,39.3438,-91.1714,1175011.4748451107,4384266.256807238,96.48902824082134,115.4,112.2,74.4,89.4,7,True
29165,"Platte, MO",29,MO,39.3804,-94.7736,864068.6071562187,4367519.327437886,89.25935089779134,126.3,114.5,72.2,88.6,10,True
29167,"Polk, MO",29,MO,37.6165,-93.4005,994372.0354355036,4178038.065353783,100.64450021201993,75.9,103.6,76.4,84.7,4,True
29169,"Pulaski, MO",29,MO,37.8246,-92.2076,1098120.7407852702,4208153.93545328,103.32248727553574,80.0,97.9,76.6,84.0,7,True
29171,"Putnam, MO",29,MO,40.4789,-93.0161,1007343.4426117884,4498145.1908097835,89.91288205979478,106.1,111.8,59.9,86.2,1,True
29173,"Ralls, MO",29,MO,39.5276,-91.5219,1143052.3024367802,4402120.000883735,95.9614366089883,104.9,105.5,57.5,91.8,8,True
29175,"Randolph, MO",29,MO,39.4402,-92.4971,1059824.443112413,4385857.995717733,98.99674978055137,110.5,111.3,47.1,97.6,7,True
29177,"Ray, MO",29,MO,39.3524,-93.9899,931781.6889457796,4367871.2533497615,92.25134023144948,128.1,107.0,86.5,113.1,10,True
29179,"Reynolds, MO",29,MO,37.3623,-90.9691,1211768.2899935949,4165449.782942215,107.76643293280235,66.0,77.8,58.0,68.3,3,True
29181,,29,MO,36.6528,-90.8639,1227900.4062051382,4087329.637399403,105.99418501062705,,,,,-1,False
29183,"St Charles, MO",29,MO,38.7819,-90.6752,1223614.7720329436,4325631.040765287,97.88183382733129,131.5,126.9,96.6,120.6,-1,True
29185,"St Clair, MO",29,MO,38.0371,-93.776,958576.0045169995,4222832.961035938,103.65726427580799,74.2,108.6,97.3,105.6,-1,True
29186,"Ste Genevieve, MO",29,MO,37.894,-90.1952,1274897.4670573703,4230787.737074188,96.03272594207037,,119.2,76.7,111.5,-1,True
29187,"St Francois, MO",29,MO,37.8104,-90.4729,1251268.6960591576,4219194.9581529675,96.83054256678217,85.2,91.4,65.3,85.9,-1,True
29189,"St Louis, MO",29,MO,38.6407,-90.443,1245307.7766220814,4311804.0468579475,92.80073206231815,114.8,115.6,93.5,110.9,-1,True
29195,"Saline, MO",29,MO,39.1366,-93.2022,1001249.757263058,4347972.878763414,100.21909078840437,126.7,122.6,92.4,94.9,7,True
29197,"Schuyler, MO",29,MO,40.4703,-92.5209,1049426.1981693127,4500167.714047329,90.62027243805181,98.6,103.5,40.2,86.0,2,True
29199,"Scotland, MO",29,MO,40.4526,-92.1471,1081300.7156220004,4500607.140904057,88.75047749720841,105.9,85.3,33.2,78.0,2,True
29201,"Scott, MO",29,MO,37.053,-89.5686,1339623.107043256,4142608.004193395,83.61855686358756,110.7,134.9,107.1,129.5,6,True
29203,,29,MO,37.1574,-91.4005,1175313.9849648376,4139475.413120334,103.32248727553574,,,,,-1,False
29205,"Shelby, MO",29,MO,39.7978,-92.0766,1092980.0440026803,4428308.834299612,99.88057383827488,131.6,117.9,34.5,80.9,4,True
29207,"Stoddard, MO",29,MO,36.8555,-89.9444,1308197.357867871,4117334.9314308735,89.4256504712934,122.2,133.2,127.0,125.3,4,True
29209,,29,MO,36.7469,-93.4559,995143.2728667187,4081153.8372096363,96.8872977756235,,,,,-1,False
29211,"Sullivan, MO",29,MO,40.2107,-93.1115,1001239.911522842,4467804.114053587,93.49255784548686,105.0,101.0,44.5,95.1,1,True
29213,,29,MO,36.6547,-93.041,1032873.7118639785,4073145.659433764,112.6476972164621,,,,,-1,False
29215,"Texas, MO",29,MO,37.3173,-91.9651,1123743.93625218,4153353.1477224464,108.05814382718725,76.3,114.5,86.0,88.0,2,True
29217,"Vernon, MO",29,MO,37.8506,-94.3424,909865.3527071491,4199473.842705433,94.28156510315738,82.0,99.8,92.1,105.4,5,True
29219,"Warren, MO",29,MO,38.7646,-91.1607,1181521.7837706087,4319948.589609831,94.94841856843698,120.7,115.9,72.3,110.0,10,True
29221,"Washington, MO",29,MO,37.9617,-90.8774,1214095.556829312,4232820.42610007,97.5620662279821,66.0,67.0,66.0,75.8,3,True
29223,"Wayne, MO",29,MO,37.1127,-90.4614,1259372.9295693003,4141661.677193349,100.04659977220989,90.8,104.0,82.0,93.8,1,True
29225,"Webster, MO",29,MO,37.2809,-92.8759,1043164.0560747712,4143655.6823164197,106.1889574339477,86.0,101.2,80.5,90.2,6,True
29227,"Worth, MO",29,MO,40.4791,-94.4222,888080.4695710524,4491010.816977841,94.79487589996388,106.2,105.8,42.8,65.3,1,True
29229,"Wright, MO",29,MO,37.2701,-92.4687,1079403.3707884871,4144884.128157163,106.172804330919,68.0,,,,1,False
29510,,29,MO,38.6358,-90.245,1262634.6654047652,4312901.165321646,93.64277791465715,,,,,-1,False
29057,"Dade, MO",29,MO,37.432,-93.8502,955764.9632174976,4155265.964902908,100.07408185153452,89.3,94.3,69.6,95.0,4,True
29059,"Dallas, MO",29,MO,37.6804,-93.0236,1027223.8713571887,4187197.982507536,103.60583488019317,68.0,60.0,72.0,78.0,2,True
29001,"Adair, MO",29,MO,40.1906,-92.6007,1044910.5885290632,4468594.584567308,93.03357720421926,109.1,99.1,38.7,95.8,3,True
29003,"Andrew, MO",29,MO,39.9834,-94.8021,858474.6330260551,4434361.369543506,89.06340966806522,117.3,115.0,55.8,64.8,9,True
29005,"Atchison, MO",29,MO,40.4307,-95.427,803096.9278149669,4481695.825238154,89.88600613603748,137.3,118.8,83.7,51.5,6,True
29007,"Audrain, MO",29,MO,39.2158,-91.8416,1118294.4057446988,4365215.077342584,94.31086788780718,121.3,123.6,70.1,107.9,8,True
29109,"Lawrence, MO",29,MO,37.1063,-93.8329,959277.9315331851,4119178.073376896,96.14238803310269,64.5,96.8,77.7,94.5,6,True
55079,"Milwaukee, WI",55,WI,43.0071,-87.9667,1399569.972643638,4821064.443037297,125.13361667287263,106.7,96.0,50.0,130.0,7,False
55101,"Racine, WI",55,WI,42.7477,-88.0551,1396152.3875962151,4791268.43637686,117.81606154946977,131.8,123.8,71.8,122.5,10,True
55001,"Adams, WI",55,WI,43.9696,-89.7706,1240445.2869691746,4910085.010187412,108.7698859861724,100.2,99.9,67.2,110.5,2,True
55005,"Barron, WI",55,WI,45.4238,-91.8484,1059462.2133018167,5054966.705357426,114.43306884391414,105.1,113.8,52.8,102.4,4,True
55011,"Buffalo, WI",55,WI,44.3799,-91.7545,1077214.429127029,4939664.4973371355,109.48052293868663,121.8,132.2,70.3,117.3,4,True
55013,"Burnett, WI",55,WI,45.8627,-92.3675,1014803.43734602,5100224.299254968,116.66463390701537,88.8,95.0,45.7,89.5,2,True
55015,"Calumet, WI",55,WI,44.0817,-88.218,1363395.8412224236,4937805.81938987,113.77604508650518,114.3,125.2,72.6,106.1,10,True
55017,"Chippewa, WI",55,WI,45.0694,-91.2799,1107720.5415980965,5019734.045951552,122.06921446480897,120.2,121.0,57.3,102.2,6,False
55019,"Clark, WI",55,WI,44.7347,-90.6121,1164156.8724905127,4987820.122476447,124.37698844733823,102.7,121.2,52.6,84.8,3,False
55021,"Columbia, WI",55,WI,43.4665,-89.3338,1282079.3671963448,4858228.061897638,111.3742336164157,127.2,116.7,72.7,118.9,7,True
55023,"Crawford, WI",55,WI,43.2395,-90.931,1155261.5595199275,4819128.677673948,113.57829683941048,117.3,116.5,56.7,116.8,2,True
55025,"Dane, WI",55,WI,43.0674,-89.4183,1280371.8653718084,4813074.284960947,104.9057313587122,131.8,119.2,68.7,114.9,10,True
55027,"Dodge, WI",55,WI,43.4164,-88.7075,1333472.3901694184,4858796.890216063,106.22858927814248,120.8,120.0,77.9,119.4,8,True
55033,"Dunn, WI",55,WI,44.9466,-91.8964,1060393.9032259597,5001623.220118594,107.43568078544428,121.0,125.4,60.0,111.7,5,True
55035,"Eau Claire, WI",55,WI,44.7268,-91.2861,1110871.292968775,4981629.165351627,119.8182045113854,107.1,114.9,59.4,108.4,6,True
55037,"Florence, WI",55,WI,45.8484,-88.3982,1323004.4958952293,5132146.959870369,132.61369948769433,70.0,88.0,67.5,76.7,4,False
55039,"Fond Du Lac, WI",55,WI,43.7536,-88.4883,1346437.8430029186,4898514.148117049,108.00316484477544,117.9,123.4,78.4,108.9,-1,True
55041,"Forest, WI",55,WI,45.6673,-88.7704,1296723.0302912476,5108227.628542277,132.67708944572198,92.0,100.0,82.5,93.3,1,False
55043,"Grant, WI",55,WI,42.8675,-90.7062,1177638.2060873609,4779589.05714533,108.05306673961975,127.4,130.5,60.4,115.5,5,True
55045,"Green, WI",55,WI,42.6799,-89.6022,1270236.4096242604,4768293.05553832,106.47916113316323,124.3,116.6,56.1,117.8,8,True
55047,"Green Lake, WI",55,WI,43.8003,-89.045,1300963.5859727138,4898104.708673765,106.2076338092119,111.2,113.7,75.9,112.2,6,True
55049,"Iowa, WI",55,WI,43.0005,-90.1354,1222729.760338908,4799159.717006499,109.49110045504993,109.7,121.4,61.3,114.5,6,True
55053,"Jackson, WI",55,WI,44.3191,-90.8052,1153529.353808886,4940081.533623436,111.63149793831978,118.8,118.4,59.4,112.7,2,True
55055,"Jefferson, WI",55,WI,43.0209,-88.7759,1333360.51752797,4814146.89176315,102.84132481120487,119.9,112.6,61.4,114.0,9,True
55057,"Juneau, WI",55,WI,43.9245,-90.114,1213432.3031312162,4902023.826096345,111.32351890395816,110.2,114.5,62.2,111.3,3,True
55063,"La Crosse, WI",55,WI,43.9065,-91.1152,1133223.0328765064,4891801.784959563,105.84539502562457,129.4,131.7,77.8,115.4,7,True
55065,"Lafayette, WI",55,WI,42.6605,-90.1317,1227040.0448227492,4761404.031273524,102.66983468838794,129.5,128.3,58.3,121.5,5,True
55067,"Langlade, WI",55,WI,45.2624,-89.0719,1278859.215055035,5060275.046702179,124.67568987954772,100.0,104.9,99.7,95.4,2,False
55069,"Lincoln, WI",55,WI,45.3375,-89.7346,1225910.6790431659,5062372.975418049,125.64627688607933,97.5,109.6,64.6,80.0,6,False
55073,"Marathon, WI",55,WI,44.8983,-89.759,1229623.5767590245,5013366.696533696,122.06921446480897,107.2,121.7,55.6,85.3,8,False
55077,"Marquette, WI",55,WI,43.8196,-89.3988,1272236.711652278,4896852.504899106,107.65891803916843,97.1,98.0,65.3,102.6,3,True
55137,"Waushara, WI",55,WI,44.1131,-89.2429,1280886.5969670613,4930946.568526824,112.46960711153709,117.2,113.3,78.2,106.2,3,True
55078,,55,WI,45.0044,-88.71,1310932.6444291435,5035214.219087475,111.6568933472459,,,,,-1,False
55081,"Monroe, WI",55,WI,43.9457,-90.6179,1172725.0458063935,4900116.528398051,112.46960711153709,126.8,127.5,64.1,114.4,6,True
55085,"Oneida, WI",55,WI,45.7056,-89.5217,1237717.6780485138,5105212.550607992,128.99596482610332,,,,95.0,5,False
55087,"Outagamie, WI",55,WI,44.4161,-88.4649,1338797.59606235,4972371.265263407,113.69914900823498,107.2,122.0,81.5,103.9,10,True
55091,"Pepin, WI",55,WI,44.5829,-92.0017,1055579.5892316275,4960494.710556886,103.66881097106717,114.8,122.0,58.5,114.7,4,True
55135,"Waupaca, WI",55,WI,44.4704,-88.9648,1298243.1462602569,4973348.183976343,110.81535606247358,103.8,108.5,74.1,106.0,6,True
55133,"Waukesha, WI",55,WI,43.0181,-88.3045,1371850.9550118004,4818678.9785173135,113.42070828892534,123.7,120.3,53.3,121.3,10,True
55129,"Washburn, WI",55,WI,45.8993,-91.7912,1059158.224143716,5108185.699835962,126.98256777569293,94.0,103.4,43.9,87.6,1,False
55127,"Walworth, WI",55,WI,42.6685,-88.5419,1357364.4367701383,4777345.766202365,99.09852017203653,131.1,107.2,64.5,124.5,9,True
55125,"Vilas, WI",55,WI,46.0529,-89.5148,1233628.5776959492,5143844.172927632,138.22967065155385,,94.0,60.0,90.0,2,False
55123,"Vernon, WI",55,WI,43.5939,-90.8344,1159225.4882429931,4859274.727171922,115.51377488169948,128.2,125.9,74.3,116.2,3,True
55121,"Trempealeau, WI",55,WI,44.304,-91.3585,1109555.9354457504,4934115.564799235,109.74847850638942,128.4,126.6,68.0,113.2,5,True
55119,"Taylor, WI",55,WI,45.2115,-90.5012,1167344.3247215557,5041702.051067947,123.99789859532044,94.9,111.7,52.3,91.6,5,False
55115,"Shawano, WI",55,WI,44.7892,-88.7656,1309597.7886933319,5010748.768229853,116.75953539383131,106.9,109.9,79.3,88.5,5,True
55113,"Sawyer, WI",55,WI,45.88,-91.1447,1109506.4432054572,5110802.686364584,129.18073132538413,80.0,92.6,57.5,87.7,1,False
55111,"Sauk, WI",55,WI,43.4268,-89.9484,1232815.8853989453,4848175.756467631,110.99305694740698,115.3,108.8,68.2,117.7,7,True
55109,"St Croix, WI",55,WI,45.034,-92.4528,1015712.5604793078,5007620.555397777,98.64449668143199,110.3,120.6,54.5,108.2,-1,True
55107,"Rusk, WI",55,WI,45.4751,-91.1331,1114852.0996215804,5065918.676031509,126.23075106110028,95.6,109.3,59.2,96.1,1,False
55105,"Rock, WI",55,WI,42.6712,-89.0716,1313870.4088132184,4772349.488429336,97.89776478048394,135.8,114.3,75.1,120.3,9,True
55103,"Richland, WI",55,WI,43.3756,-90.4295,1194440.401611114,4838334.268392342,109.66412273064812,120.6,117.4,59.7,115.4,3,True
55099,"Price, WI",55,WI,45.6804,-90.3614,1172682.1793455742,5094957.0957172355,136.76682066600347,104.2,115.3,58.1,90.0,4,False
55097,"Portage, WI",55,WI,44.476,-89.5015,1255474.150754531,4968821.4359883135,113.74854695632733,113.6,113.8,88.9,111.3,8,True
55095,"Polk, WI",55,WI,45.4614,-92.4414,1012733.9811240814,5055171.111308781,104.5284457157823,105.0,105.0,41.2,96.6,5,True
55093,"Pierce, WI",55,WI,44.7196,-92.4225,1020940.7587776931,4972889.104534587,95.28730132779019,113.8,121.2,56.4,114.9,9,True
55139,"Winnebago, WI",55,WI,44.0689,-88.6446,1329406.552364179,4931947.952473222,104.90570573061356,101.4,114.8,62.1,104.0,8,True
55141,"Wood, WI",55,WI,44.4553,-90.0416,1212766.2093671365,4961631.081976725,115.51377488169948,96.9,113.1,66.9,99.6,8,True
55059,"Kenosha, WI",55,WI,42.5767,-88.0418,1399737.3924452607,4772397.519076091,122.01098372080006,127.3,122.3,56.2,119.6,9,False
55131,"Washington, WI",55,WI,43.3684,-88.2308,1372793.116893989,4858396.660112791,117.09098007943814,115.6,118.9,59.7,116.0,10,True
17097,"Lake, IL",17,IL,42.3231,-88.0036,1406575.7690960055,4744607.818967375,118.69780098645077,110.0,102.0,50.0,121.0,10,True
17031,"Cook, IL",17,IL,41.8399,-87.8167,1429122.6805075384,4692896.89951091,110.81902647897289,115.0,115.0,58.0,106.0,10,True
55071,"Manitowoc, WI",55,WI,44.1198,-87.8096,1395525.9497166604,4946457.79381328,122.6121132960395,104.5,118.4,69.6,100.7,7,False
55009,"Brown, WI",55,WI,44.4537,-88.0032,1374994.5960592555,4981441.5562749,124.32510081948267,108.8,121.7,71.2,97.5,9,False
55029,"Door, WI",55,WI,44.9436,-87.3173,1421661.4567239198,5043528.692160722,141.97669909785472,105.2,105.3,64.2,82.2,7,False
55061,"Kewaunee, WI",55,WI,44.5161,-87.6154,1404876.641220887,4992650.143420348,129.90387157135365,109.4,113.0,71.5,100.0,7,False
27027,"Clay, MN",27,MN,46.8924,-96.4906,691157.2829953879,5196264.118112478,124.54641406660792,96.0,105.0,65.0,58.0,8,False
27071,"Koochiching, MN",27,MN,48.2453,-93.7834,887226.1177061605,5356732.563957799,205.27841132435177,90.0,,82.0,,6,False
27075,,27,MN,47.642,-91.4452,1067288.2965289243,5304225.119866363,231.06522299924086,,,,,-1,False
27031,,27,MN,47.9027,-90.5344,1132444.529987507,5340275.149334115,248.59608978468856,,,,,-1,False
27021,"Cass, MN",27,MN,46.9496,-94.3253,855704.1475368328,5210178.588629488,152.7516323597615,83.0,100.0,73.0,85.0,1,False
27001,"Aitkin, MN",27,MN,46.6083,-93.4154,927627.3229099594,5176805.014468572,148.35426626832623,83.0,101.0,88.0,75.0,1,False
27061,"Itasca, MN",27,MN,47.5095,-93.632,904157.831813424,5275765.902058619,177.7736626087708,,84.0,83.0,,4,False
27111,"Otter Tail, MN",27,MN,46.4088,-95.7079,753024.3864233794,5144737.323424704,126.15516119498535,99.0,93.0,56.0,87.0,3,False
27005,"Becker, MN",27,MN,46.9346,-95.6738,753175.2071986392,5203268.271971375,128.7857754071842,83.0,90.0,81.0,78.0,2,False
27029,"Clearwater, MN",27,MN,47.5776,-95.379,772291.687931208,5275709.561461576,157.33643047330457,72.0,85.0,64.0,85.0,1,False
27119,"Polk, MN",27,MN,47.7738,-96.4018,694653.3780656927,5294428.779326426,139.58168036293358,84.0,104.0,69.0,55.0,5,False
27089,"Marshall, MN",27,MN,48.3581,-96.3685,694927.7875679214,5359449.146959964,166.6890146525509,77.0,80.0,40.0,54.0,3,False
55031,"Douglas, WI",55,WI,46.4309,-91.9147,1044286.3178606264,5166369.912573373,146.91932363644392,90.0,90.0,40.0,85.0,3,False
55051,"Iron, WI",55,WI,46.2623,-90.242,1174819.3084491342,5160598.351898259,151.84411641329504,90.0,93.2,45.0,85.0,1,False
55007,"Bayfield, WI",55,WI,46.5241,-91.2006,1098097.4144721075,5181911.202606587,159.30003521514567,95.0,92.5,53.3,85.7,2,False
55003,"Ashland, WI",55,WI,46.3148,-90.6781,1140612.5470227434,5162784.217042614,161.21483210688825,100.0,97.1,61.3,82.9,1,False
55075,"Marinette, WI",55,WI,45.383,-88.0344,1358388.935409647,5084326.990605321,138.22967065155385,86.2,90.1,83.5,82.0,4,False
55083,"Oconto, WI",55,WI,45.0255,-88.2676,1345479.5566790395,5042132.169700463,121.26997449987184,97.8,95.5,83.8,86.4,4,False
55089,"Ozaukee, WI",55,WI,43.3838,-87.9515,1395212.8661562335,4863106.223066182,122.9696391233507,109.7,112.5,61.8,117.1,10,False
27167,"Wilkin, MN",27,MN,46.3571,-96.4683,694767.5242370623,5136839.9146237355,125.36632858724883,89.0,97.0,67.0,85.0,5,False
55117,"Sheboygan, WI",55,WI,43.7212,-87.9454,1390658.8705092473,4900674.015744343,118.48380333820124,100.0,118.3,81.5,104.3,9,True
12027,,12,FL,27.1863,-81.8093,2217770.8257574607,3127169.3349013054,156.25007190599428,,,,,-1,False
12111,,12,FL,27.3764,-80.4836,2349502.881284299,3168752.9017681303,188.80392695972517,,,,,-1,False
12051,,12,FL,26.5473,-81.1719,2293228.0780082373,3063702.324343266,179.54168170758012,,,,,-1,False
12049,,12,FL,27.4927,-81.8099,2212759.689463135,3161989.3332350585,140.48439315883888,,,,,-1,False
12055,,12,FL,27.3434,-81.341,2262809.186697986,3151888.752060585,140.83755755732668,,,,,-1,False
12097,,12,FL,28.0627,-81.1496,2270007.4210467567,3236639.6020509605,153.92672580234554,,,,,-1,False
12105,,12,FL,27.9489,-81.6978,2216607.4632517425,3215467.925599298,122.96929573437322,,,,,-1,False
12061,,12,FL,27.6929,-80.6158,2330487.3330050968,3202785.0721193734,180.69624571091364,,,,,-1,False
12093,,12,FL,27.4283,-80.9015,2306060.7712188093,3168192.0037574116,157.3977195109305,,,,,-1,False
12043,,12,FL,26.9605,-81.2397,2279485.078000214,3109789.861380887,158.4566001837776,,,,,-1,False
12085,,12,FL,27.0844,-80.3893,2364252.3257548516,3136894.421841069,194.59644421653593,,,,,-1,False
12087,,12,FL,25.1496,-80.4175,2394126.0263010208,2915193.673077783,348.8229736620497,,,,,-1,False
12103,,12,FL,28.1264,-82.7303,2109819.7889743457,3220863.146772768,174.8274801803359,,,,,-1,False
12115,,12,FL,27.0267,-82.277,2172732.932770284,3102425.621273859,193.33000108376203,,,,,-1,False
12011,,12,FL,26.1519,-80.4886,2370090.244096727,3028803.489548035,245.09160717594702,,,,,-1,False
12021,,12,FL,26.1196,-81.3393,2282954.8963471595,3012499.4841758427,220.2655476056407,,,,,-1,False
12086,,12,FL,25.6171,-80.5682,2370777.9886020063,2966447.1801490476,296.5178239469932,,,,,-1,False
12099,,12,FL,26.623,-80.4329,2367795.646912972,3083504.268682585,200.6795296626279,,,,,-1,False
05055,"Greene, AR",05,AR,36.1177,-90.5591,1260466.8882099725,4030161.480970519,99.55154034681534,105.0,115.0,110.0,122.0,7,True
05057,"Hempstead, AR",05,AR,33.7354,-93.6684,994158.0295621874,3745609.1195763624,110.5444472453245,90.0,85.0,65.0,,3,False
05059,,05,AR,34.3177,-92.946,1057363.778215772,3814020.9740259433,108.23151791903024,,,,,-1,False
05061,,05,AR,34.0887,-93.9935,962078.3305693101,3783323.1785780876,116.96733914048312,,,,,-1,False
05063,,05,AR,35.7415,-91.5698,1172445.6139897811,3980830.529934791,104.24895682614502,,,,,-1,False
05065,,05,AR,36.0949,-91.9134,1138432.1558444528,4017803.393994644,112.289848899354,,,,,-1,False
05067,"Jackson, AR",05,AR,35.5994,-91.2146,1205913.390240205,3967536.839714326,102.99624141848132,105.0,115.0,105.0,119.0,3,True
05069,"Jefferson, AR",05,AR,34.2688,-91.9315,1151304.6248650122,3814651.127941756,111.4062029121712,110.0,126.0,118.0,135.0,9,True
05071,,05,AR,35.5701,-93.4599,1002266.4635552804,3950419.10111002,113.13273038038655,,,,,-1,False
05073,"Lafayette, AR",05,AR,33.2408,-93.6073,1002688.6986311823,3690973.3962347433,105.1696467278054,105.0,113.0,75.0,120.0,1,True
05075,,05,AR,36.0413,-91.1071,1211691.5710537175,4017477.8348048273,100.66047877152204,,,,,-1,False
05077,"Lee, AR",05,AR,34.7807,-90.782,1252805.2658744357,3879646.386565903,103.15792710526075,90.0,,80.0,105.0,1,False
05079,"Lincoln, AR",05,AR,33.9575,-91.7333,1172078.4311441053,3781326.593205951,109.25940621676051,100.0,125.0,85.0,105.0,5,True
05081,"Little River, AR",05,AR,33.7005,-94.2343,941837.7002143685,3739158.6137304334,108.30808620516056,80.0,72.0,85.0,,9,False
05083,"Logan, AR",05,AR,35.2153,-93.7163,981109.913842456,3909732.9589537177,114.38508901884705,,,,70.0,6,False
05085,"Lonoke, AR",05,AR,34.7542,-91.8887,1151440.469662534,3868901.409553535,108.91412248770773,110.0,127.0,130.0,130.0,10,True
05089,,05,AR,36.2684,-92.6842,1067639.6618431075,4032269.947005027,104.75311941946035,,,,,-1,False
05091,"Miller, AR",05,AR,33.3124,-93.8918,975749.6695282541,3697586.562763136,100.80685970000216,110.0,110.0,50.0,119.0,7,True
05093,"Mississippi, AR",05,AR,35.7639,-90.054,1309721.6385241048,3994883.494360533,100.60019059803695,90.0,120.0,125.0,131.0,5,True
05095,"Monroe, AR",05,AR,34.6778,-91.2038,1214974.0951569113,3865091.0485434574,102.94390155571723,125.0,,,,1,False
05097,,05,AR,34.5388,-93.6595,990303.0965620107,3834877.399816736,112.39538018448002,,,,,-1,False
05087,,05,AR,36.011,-93.7246,975601.9525109913,3998062.735290764,106.69176480556027,,,,,-1,False
05099,"Nevada, AR",05,AR,33.664,-93.3072,1028115.5177090833,3739474.194533616,106.66393516112907,,,,96.0,6,False
05101,,05,AR,35.92,-93.2179,1021930.4569991201,3990555.9875320676,103.68559071865165,,,,,-1,False
05103,,05,AR,33.5933,-92.882,1068083.263364667,3733883.1881992794,112.23620719267124,,,,,-1,False
05105,,05,AR,34.9474,-92.9315,1054473.1248491546,3884067.4096095855,109.33523332017786,,,,,-1,False
05107,"Phillips, AR",05,AR,34.4283,-90.848,1249935.7110692088,3839931.2909909873,100.25230984520158,112.0,117.0,,102.0,1,False
05109,,05,AR,34.1636,-93.6564,992787.3217052682,3793222.602048917,106.92762080530196,,,,,-1,False
05111,"Poinsett, AR",05,AR,35.574,-90.6629,1256287.6150590354,3968843.7237860626,99.4116687378628,97.0,105.0,100.0,120.0,3,True
05113,,05,AR,34.4858,-94.2281,938333.2380652425,3826371.993655132,118.22307750115023,,,,,-1,False
05115,"Pope, AR",05,AR,35.4476,-93.0342,1041730.2274523614,3939073.527004342,109.38803944511129,80.0,115.0,50.0,,9,False
05117,"Prairie, AR",05,AR,34.8297,-91.5528,1181644.0401504633,3879543.547046285,110.28911680637331,120.0,130.0,120.0,130.0,3,True
05119,"Pulaski, AR",05,AR,34.7699,-92.3117,1112510.6369321607,3867969.013288299,104.14349599301653,75.0,,,,10,False
05121,"Randolph, AR",05,AR,36.3415,-91.0278,1216094.2585412208,4051460.3536996,109.39390885754062,90.0,110.0,95.0,121.0,3,True
05123,"Saint Francis, AR",05,AR,35.022,-90.7478,1253717.063898664,3906760.3624814427,104.04202495283666,100.0,,,,-1,False
05125,"Saline, AR",05,AR,34.6466,-92.6766,1079909.0191177283,3852090.2197174947,109.12397450041045,50.0,,,,10,False
05127,,05,AR,34.8608,-94.0633,951438.4749614452,3868739.1789790164,114.45313923186424,,,,,-1,False
05129,,05,AR,35.9109,-92.6995,1068846.646107718,3992453.7331555355,109.33523332017786,,,,,-1,False
05131,,05,AR,35.1993,-94.274,930371.8972381267,3905389.9128912697,124.0823850898528,,,,,-1,False
05133,,05,AR,33.9973,-94.2412,939669.4534223627,3772080.1496299966,114.59005817611275,,,,,-1,False
05135,,05,AR,36.1611,-91.4799,1176979.6999530578,4028119.284151105,103.76014428553816,,,,,-1,False
05137,,05,AR,35.8599,-92.1567,1118322.5642106165,3990100.940621582,104.75822948077958,,,,,-1,False
05139,,05,AR,33.1713,-92.5973,1097456.7654234623,3688588.714147003,109.27750178158817,,,,,-1,False
05141,,05,AR,35.5807,-92.5157,1087899.7255657325,3956848.511373919,108.4993957539868,,,,,-1,False
05143,,05,AR,35.98,-94.2147,931553.026898925,3992332.202726769,109.11444165469612,,,,,-1,False
05145,"White, AR",05,AR,35.2563,-91.7457,1160487.2001692639,3925678.2523667794,105.11446586209078,95.0,115.0,75.0,90.0,7,True
05147,"Woodruff, AR",05,AR,35.1863,-91.2432,1206940.5980109787,3921377.918777205,108.48745888290483,113.0,110.0,85.0,131.0,1,True
05149,"Yell, AR",05,AR,35.0026,-93.4113,1010240.3171859331,3887632.417282822,104.14349599301653,84.0,75.0,80.0,,7,False
05009,,05,AR,36.3086,-93.0915,1030719.2025690906,4034414.4846752924,108.02669628440903,,,,,-1,False
20195,"Trego, KS",20,KS,38.9143,-99.8729,424322.33805256826,4307628.56402399,113.13623058018865,110.0,129.0,86.0,155.0,2,True
20193,"Thomas, KS",20,KS,39.3509,-101.0555,322885.61165379046,4357732.428220209,130.34077814510061,129.0,145.0,134.0,134.0,6,False
20191,"Sumner, KS",20,KS,37.2373,-97.4765,635136.9251308684,4122284.690791862,128.8739889386812,97.0,69.0,45.0,51.0,9,False
20189,"Stevens, KS",20,KS,37.1924,-101.3121,294782.8037492149,4118720.0437919707,132.48054369407845,176.0,132.0,130.0,147.0,9,False
20187,"Stanton, KS",20,KS,37.563,-101.7842,254086.19041191242,4160974.896600814,130.62507630445305,174.0,142.0,168.0,171.0,8,False
20185,"Stafford, KS",20,KS,38.0311,-98.7175,524792.2914564204,4209303.294261555,113.23672786715828,159.0,149.0,152.0,147.0,2,True
20183,"Smith, KS",20,KS,39.7851,-98.7855,518366.9314534112,4403927.864630865,105.56412961174227,160.0,117.0,110.0,105.0,1,True
20181,"Sherman, KS",20,KS,39.3514,-101.72,265622.4477518637,4359302.011321135,140.44911105182956,129.0,142.0,144.0,122.0,4,False
20179,"Sheridan, KS",20,KS,39.3503,-100.4418,375767.35702316056,4356642.140176434,120.87971145017862,128.0,143.0,141.0,138.0,4,False
20177,"Shawnee, KS",20,KS,39.0415,-95.7564,780736.1372364025,4326390.206604437,92.92957076985523,120.0,135.0,112.0,107.0,10,True
20175,"Seward, KS",20,KS,37.1933,-100.8513,335688.75306191645,4117921.131090416,130.08859308691225,158.0,119.0,161.0,146.0,9,False
20173,"Sedgwick, KS",20,KS,37.6848,-97.4611,635691.713929611,4171957.9965513004,122.90803830258311,138.0,121.0,118.0,121.0,10,False
20171,"Scott, KS",20,KS,38.4822,-100.9069,333674.4633764387,4261040.992096858,125.23420607615478,118.0,127.0,158.0,159.0,8,False
20169,"Saline, KS",20,KS,38.7839,-97.65,617255.9817925204,4293661.549896891,115.35281041067317,100.0,77.0,62.0,88.0,9,True
20167,"Russell, KS",20,KS,38.9149,-98.7623,520607.50530017394,4307359.865922749,111.36956079415202,85.0,60.0,31.0,,3,False
20165,"Rush, KS",20,KS,38.5233,-99.3092,473047.0757267867,4263924.133126072,110.9566132383723,110.0,108.0,76.0,133.0,1,True
20163,"Rooks, KS",20,KS,39.3502,-99.3251,471988.287090641,4355690.213433286,109.37331960674466,152.0,111.0,92.0,,2,False
20161,"Riley, KS",20,KS,39.2965,-96.7352,695302.0518010218,4352125.7005483,107.2686167023921,112.0,94.0,71.0,99.0,4,True
20159,"Rice, KS",20,KS,38.3471,-98.2011,569809.9229476718,4244629.595230039,115.78949425199056,149.0,130.0,134.0,127.0,3,True
20157,"Republic, KS",20,KS,39.8278,-97.6505,615483.6910615402,4409516.136408699,105.95899642012239,125.0,129.0,136.0,162.0,2,True
20155,"Reno, KS",20,KS,37.9529,-98.0861,580290.1072826287,4200983.032434595,121.68632327124546,134.0,111.0,131.0,135.0,8,False
20153,"Rawlins, KS",20,KS,39.7852,-101.0757,322257.8275414147,4405977.718763468,128.00715593972654,139.0,112.0,111.0,89.0,4,False
20151,"Pratt, KS",20,KS,37.6478,-98.7396,522971.3519384272,4166770.754588542,120.66534581938252,167.0,101.0,152.0,149.0,7,False
20149,"Pottawatomie, KS",20,KS,39.379,-96.3425,728901.0733121173,4362205.265230748,103.77795590978273,134.0,107.0,93.0,98.0,8,True
20147,"Phillips, KS",20,KS,39.7845,-99.3469,470295.8122526052,4403896.814635352,106.88342586254029,152.0,115.0,103.0,125.0,3,True
20145,"Pawnee, KS",20,KS,38.1814,-99.2368,479260.8953582566,4225968.530482347,116.40686832629295,149.0,139.0,148.0,145.0,7,True
20143,"Ottawa, KS",20,KS,39.1326,-97.6503,616656.653150364,4332358.774519347,115.95166936788675,111.0,135.0,85.0,,4,False
20141,"Osborne, KS",20,KS,39.3504,-98.7679,519998.45167548297,4355687.703293457,108.78061426383256,132.0,130.0,136.0,113.0,1,True
20139,"Osage, KS",20,KS,38.6524,-95.7269,784839.3460127173,4283288.929857235,96.75127832524049,103.0,84.0,75.0,73.0,8,True
20137,"Norton, KS",20,KS,39.7844,-99.9034,422643.4826155318,4404218.436225823,108.92423361490424,110.0,127.0,91.0,106.0,4,True
20135,"Ness, KS",20,KS,38.4795,-99.9162,420085.8933077064,4259416.309589096,116.23106179771278,145.0,117.0,93.0,135.0,7,True
20133,"Neosho, KS",20,KS,37.5586,-95.3068,826245.4591435434,4163257.106802218,94.33252246565176,92.0,92.0,77.0,67.0,6,True
20131,"Nemaha, KS",20,KS,39.7835,-96.0141,755699.8259301414,4407993.820162025,96.63159877602341,107.0,86.0,93.0,44.0,5,True
20129,"Morton, KS",20,KS,37.1914,-101.7993,251528.1359117418,4119776.076112734,134.87706834515078,119.0,136.0,122.0,129.0,9,False
20127,"Morris, KS",20,KS,38.6875,-96.6499,704404.044319679,4284720.1897665365,109.81436481456848,93.0,89.0,59.0,62.0,6,True
20125,"Montgomery, KS",20,KS,37.1925,-95.7429,789114.0143750204,4121197.95855042,108.99550040427894,93.0,96.0,65.0,100.0,3,True
20123,"Mitchell, KS",20,KS,39.3933,-98.2095,568070.6375492093,4360721.00818855,108.47196198189123,156.0,105.0,93.0,114.0,5,True
20121,"Miami, KS",20,KS,38.5636,-94.8381,862661.1366741217,4276569.697439897,92.17411887548168,103.0,99.0,98.0,102.0,10,True
20119,"Meade, KS",20,KS,37.2383,-100.3662,378818.1973070526,4122182.667798451,125.63977684588423,161.0,130.0,153.0,151.0,7,False
20117,"Marshall, KS",20,KS,39.7836,-96.5229,712122.5685131855,4406674.5441221995,101.58456205446892,91.0,110.0,64.0,64.0,3,True
20115,"Marion, KS",20,KS,38.3588,-97.0969,666276.8277440106,4247339.9245496355,119.99591404701374,94.0,85.0,71.0,61.0,4,True
20113,"Mcpherson, KS",20,KS,38.3916,-97.648,618070.5322153869,4250130.523642723,114.30074952449391,156.0,129.0,97.0,138.0,-1,True
20111,"Lyon, KS",20,KS,38.4563,-96.1527,748451.8234675972,4260285.530629588,106.1108620213165,99.0,85.0,77.0,68.0,7,True
20109,"Logan, KS",20,KS,38.9173,-101.1485,313731.9424758018,4309793.81783391,126.6950890860354,120.0,130.0,128.0,157.0,5,False
20107,"Linn, KS",20,KS,38.2122,-94.8429,864003.647273527,4237535.94786051,98.55705266101498,105.0,87.0,92.0,83.0,4,True
20105,"Lincoln, KS",20,KS,39.0453,-98.2078,568554.6802174943,4322102.151581297,120.99061485385866,100.0,74.0,54.0,31.0,1,False
20103,"Leavenworth, KS",20,KS,39.1993,-95.0379,842175.9650771089,4346377.554659337,89.48071444999603,101.0,99.0,50.0,87.0,10,True
20101,"Lane, KS",20,KS,38.4814,-100.4664,372096.979057963,4260248.15096347,116.89165874706103,137.0,105.0,123.0,127.0,7,True
20099,"Labette, KS",20,KS,37.1913,-95.2976,828659.9589510678,4122518.2231511106,97.59333055448322,89.0,114.0,73.0,54.0,5,True
20097,"Kiowa, KS",20,KS,37.5582,-99.286,474740.0452913511,4156836.665421394,116.23106179771278,155.0,132.0,164.0,163.0,6,True
20095,"Kingman, KS",20,KS,37.5589,-98.1364,576274.4182607648,4157226.3137631244,118.89960464790481,142.0,112.0,141.0,157.0,6,True
20093,"Kearny, KS",20,KS,38.0002,-101.3199,296305.93384144903,4208376.85570417,125.18033770858544,147.0,128.0,150.0,148.0,10,False
20091,"Johnson, KS",20,KS,38.8838,-94.8223,862413.9439839775,4312184.2141968515,88.9546534516511,117.0,95.0,65.0,105.0,10,True
20089,"Jewell, KS",20,KS,39.7847,-98.2184,566926.5838924667,4404153.589269014,102.56485227920805,134.0,117.0,118.0,162.0,1,True
20087,"Jefferson, KS",20,KS,39.2358,-95.3834,812167.453693995,4349180.364606119,93.29426649596802,112.0,89.0,58.0,61.0,10,True
20085,"Jackson, KS",20,KS,39.417,-95.7937,776030.2902780459,4367960.057675722,94.77802078119666,97.0,74.0,61.0,74.0,8,True
20083,"Hodgeman, KS",20,KS,38.0875,-99.8979,421259.76086643164,4215904.01058807,112.95718039820237,141.0,122.0,106.0,122.0,7,True
20081,"Haskell, KS",20,KS,37.5623,-100.8712,334734.3893176983,4158898.612118287,130.8754114833295,166.0,132.0,168.0,163.0,9,False
20079,"Harvey, KS",20,KS,38.0432,-97.4273,638002.028893197,4211775.517462842,121.64436235525508,127.0,110.0,122.0,120.0,9,False
20077,"Harper, KS",20,KS,37.1916,-98.0755,582052.4835535159,4116527.701678732,127.41707279075258,151.0,46.0,73.0,87.0,4,False
20075,"Hamilton, KS",20,KS,37.9991,-101.7913,254904.64134158308,4209392.356060109,122.56672674819877,150.0,149.0,156.0,161.0,6,False
20073,"Greenwood, KS",20,KS,37.8778,-96.2327,743387.6605661411,4195867.149783811,112.47857533778232,84.0,82.0,68.0,49.0,2,True
20071,"Greeley, KS",20,KS,38.4805,-101.806,255234.52251785324,4262860.838478334,130.8754114833295,152.0,129.0,122.0,141.0,9,False
20069,"Gray, KS",20,KS,37.7382,-100.4378,373314.1880191093,4177741.419875055,119.63869774984664,177.0,124.0,177.0,165.0,9,True
20209,"Wyandotte, KS",20,KS,39.1145,-94.7646,866227.5068657094,4338031.076478877,91.95573089742199,85.0,109.0,66.0,75.0,7,True
20001,"Allen, KS",20,KS,37.8858,-95.3014,825286.1235920073,4199596.851104032,96.06365258040348,80.0,107.0,94.0,97.0,3,True
20003,"Anderson, KS",20,KS,38.2143,-95.2933,824542.6322502021,4236091.701759693,100.36348430873782,98.0,86.0,91.0,102.0,5,True
20005,"Atchison, KS",20,KS,39.5319,-95.3129,816910.1601046375,4382300.156009756,90.27404939113804,123.0,100.0,61.0,65.0,6,True
20007,"Barber, KS",20,KS,37.2289,-98.6848,527961.0015887457,4120312.0141408993,119.47055654262988,151.0,100.0,92.0,92.0,4,True
20009,"Barton, KS",20,KS,38.479,-98.7565,521238.8600350956,4258991.320514169,111.99171728060388,144.0,127.0,130.0,150.0,7,True
20011,"Bourbon, KS",20,KS,37.8552,-94.8493,865215.2313573626,4197875.4464590745,98.11034922048685,85.0,96.0,68.0,64.0,3,True
20013,"Brown, KS",20,KS,39.8266,-95.5642,794051.3220005473,4414162.221609846,88.7762398584949,126.0,98.0,68.0,46.0,3,True
20015,"Butler, KS",20,KS,37.7813,-96.8391,690294.6444028814,4183749.31318295,117.0644329748514,93.0,90.0,75.0,49.0,10,True
20017,"Chase, KS",20,KS,38.3021,-96.594,710385.3335195723,4242073.29895714,111.34891806974062,93.0,89.0,85.0,67.0,2,True
20019,"Chautauqua, KS",20,KS,37.1501,-96.2453,744645.4751449064,4115076.859111639,117.4296924372785,67.0,65.0,35.0,82.0,1,True
20021,"Cherokee, KS",20,KS,37.1693,-94.8462,868855.6605185627,4121739.863985599,102.33369468979097,88.0,98.0,89.0,96.0,1,True
20023,"Cheyenne, KS",20,KS,39.7858,-101.7311,266131.1222480736,4407551.870725912,132.08385436428168,127.0,146.0,161.0,118.0,4,False
20025,"Clark, KS",20,KS,37.2355,-99.8203,427237.97272757627,4121312.8546976033,120.82122786584274,150.0,,114.0,113.0,7,False
20027,"Clay, KS",20,KS,39.3497,-97.1651,658107.4910575687,4357189.868253694,110.02411260893864,135.0,129.0,133.0,138.0,5,True
20029,"Cloud, KS",20,KS,39.4804,-97.6495,616149.348109179,4370959.7204193575,106.13374815399993,151.0,120.0,107.0,110.0,3,True
20031,"Coffey, KS",20,KS,38.237,-95.7342,785839.8229517596,4237156.135228852,107.20451784083151,97.0,91.0,92.0,97.0,8,True
20033,"Comanche, KS",20,KS,37.1913,-99.2719,475868.1253669606,4116128.8567589815,117.90795900887126,138.0,135.0,159.0,169.0,1,True
20035,"Cowley, KS",20,KS,37.2378,-96.8375,691822.1920202032,4123443.941748056,120.38495204852987,75.0,88.0,43.0,90.0,8,False
20037,"Crawford, KS",20,KS,37.5073,-94.8518,866707.5025981341,4159241.7793987775,94.77836005182087,73.0,98.0,88.0,99.0,2,True
20039,"Decatur, KS",20,KS,39.7847,-100.4599,374990.40148923744,4404880.719610606,113.54247157276872,105.0,102.0,92.0,82.0,2,True
20041,"Dickinson, KS",20,KS,38.8664,-97.1527,660267.2912606132,4303572.573558892,108.47196198189123,99.0,77.0,52.0,39.0,6,True
20043,"Doniphan, KS",20,KS,39.7885,-95.147,829948.8012610727,4411388.845661004,89.57638985822994,137.0,113.0,77.0,49.0,5,True
20045,"Douglas, KS",20,KS,38.8845,-95.2924,821616.8750481596,4310496.958043205,89.10937873087629,128.0,115.0,84.0,90.0,8,True
20047,"Edwards, KS",20,KS,37.8876,-99.312,472565.44332524284,4193389.998311634,120.68108753339072,138.0,109.0,153.0,152.0,5,False
20049,"Elk, KS",20,KS,37.4537,-96.2441,743769.2326623725,4148771.4456432345,111.81469680760209,82.0,79.0,71.0,65.0,1,True
20051,"Ellis, KS",20,KS,38.9148,-99.3173,472491.486176683,4307369.764528367,110.90312675740998,127.0,48.0,82.0,83.0,6,True
20053,"Ellsworth, KS",20,KS,38.6966,-98.2048,569151.3519419329,4283408.860684278,115.57176023717253,120.0,74.0,65.0,35.0,2,True
20055,"Finney, KS",20,KS,38.0444,-100.7369,347591.1384581303,4212165.212365774,120.82122786584274,141.0,133.0,149.0,138.0,10,False
20057,"Ford, KS",20,KS,37.6917,-99.8879,421718.7309319549,4171980.2638147613,118.13986667789726,159.0,122.0,139.0,159.0,8,True
20059,"Franklin, KS",20,KS,38.5646,-95.2859,823623.0959040998,4275005.620857583,95.48936858591436,106.0,79.0,87.0,85.0,8,True
20061,"Geary, KS",20,KS,39.0024,-96.7526,694610.2164326869,4319445.680443635,107.57654686844624,116.0,90.0,100.0,88.0,5,True
20063,"Gove, KS",20,KS,38.916,-100.4829,371438.34062441153,4308500.303578737,117.3789448494001,122.0,117.0,111.0,141.0,6,True
20065,"Graham, KS",20,KS,39.3497,-99.8833,423890.8323468863,4355956.329927569,113.275800623351,122.0,114.0,82.0,124.0,5,True
38105,"Williams, ND",38,ND,48.3437,-103.4802,168062.39142122975,5364207.866416523,189.7694233140298,40.0,93.0,33.0,60.0,9,False
38001,"Adams, ND",38,ND,46.0969,-102.5285,227263.84907638625,5110868.546814027,163.68503122406565,56.5,52.0,19.5,17.2,5,False
38003,"Barnes, ND",38,ND,46.9361,-98.0716,570666.0467378804,5198481.47420643,135.81712859550055,88.8,85.0,36.0,42.3,5,False
38005,"Benson, ND",38,ND,48.0694,-99.366,472734.70266707527,5324078.580350289,147.04572824396857,70.2,73.8,42.6,41.0,1,False
38007,"Billings, ND",38,ND,47.0234,-103.3764,167449.60865935095,5217065.360025668,160.83015750910207,51.0,,,,8,False
38009,"Bottineau, ND",38,ND,48.7921,-100.8335,365338.9168660231,5405966.174946214,201.64767249544695,55.0,70.0,23.0,52.8,7,False
38011,"Bowman, ND",38,ND,46.1126,-103.5207,150676.341122202,5116500.4433287,182.82504055240017,45.6,73.8,16.6,19.0,6,False
38013,"Burke, ND",38,ND,48.7909,-102.5182,241615.80626243103,5410183.0998241035,210.6258327237865,49.6,50.0,19.7,15.0,3,False
38015,"Burleigh, ND",38,ND,46.9774,-100.4688,388287.38402649504,5203699.609723292,147.04572824396857,84.0,74.4,68.7,56.8,10,False
38017,"Cass, ND",38,ND,46.933,-97.2481,633354.2378821913,5199208.331485208,132.846881088149,105.2,99.4,50.8,53.9,10,False
38019,"Cavalier, ND",38,ND,48.7721,-98.465,539309.3991596812,5402259.7539216755,175.7121636433908,75.7,70.7,50.0,48.0,6,False
38021,"Dickey, ND",38,ND,46.1102,-98.5045,538291.453415024,5106410.913287299,135.2166456470995,87.2,94.0,57.5,77.0,5,False
38101,"Ward, ND",38,ND,48.2218,-101.5419,311206.7709758788,5344076.835320213,168.554922770131,72.5,77.8,13.0,32.2,8,False
38103,"Wells, ND",38,ND,47.5876,-99.661,450300.7867556552,5270676.995397759,146.49866869120294,75.0,78.0,29.2,30.7,3,False
38059,"Morton, ND",38,ND,46.7161,-101.2811,325664.29664701,5176143.092607459,163.42129440706213,67.6,76.4,73.7,58.6,9,False
31007,"Banner, NE",31,NE,41.546,-103.7104,107081.53516959929,4610095.90852453,168.2046751660223,126.5,116.6,120.9,105.1,6,False
31009,"Blaine, NE",31,NE,41.9128,-99.9769,418984.67350998905,4640555.966828281,139.55348519568196,119.6,121.2,127.2,121.1,4,False
31011,"Boone, NE",31,NE,41.7068,-98.0673,577597.9702119835,4617643.631755629,99.5254990646894,114.1,111.6,110.5,106.1,6,True
31013,"Box Butte, NE",31,NE,42.2198,-103.0857,162770.92100023554,4682267.728800417,161.46659931812113,148.8,139.1,143.5,107.0,10,False
31015,"Boyd, NE",31,NE,42.8997,-98.7665,519063.1317787289,4749703.191932733,117.13135350615141,70.8,68.6,62.2,63.8,1,True
31017,"Brown, NE",31,NE,42.43,-99.9295,423541.14170653035,4697938.882250676,139.60503766892813,134.1,139.5,137.7,114.8,1,False
31019,"Buffalo, NE",31,NE,40.8551,-99.075,493678.59148987423,4522674.69669992,109.00889555378608,138.7,152.7,145.8,140.2,8,True
31021,"Burt, NE",31,NE,41.8515,-96.3287,721753.2853064885,4636739.016846514,89.9249177182823,118.4,119.9,98.6,98.6,5,True
31023,"Butler, NE",31,NE,41.225,-97.1314,656620.1927432053,4565418.100705799,87.07405996684511,123.6,124.1,119.3,118.9,8,True
31025,"Cass, NE",31,NE,40.9098,-96.1408,740805.0222201755,4532680.556477025,90.08393848535228,132.3,110.7,94.3,89.3,10,True
31027,"Cedar, NE",31,NE,42.5993,-97.2523,643376.2123979463,4717799.658820644,101.95615633569078,101.5,95.3,78.8,76.0,5,True
31029,"Chase, NE",31,NE,40.5242,-101.6979,271465.3893352626,4489438.440538516,132.95656767321404,145.9,163.8,163.7,147.5,6,False
31033,"Cheyenne, NE",31,NE,41.2198,-102.995,165096.91144659504,4570857.814193488,142.56886270961803,130.5,121.6,136.4,96.3,8,False
31035,"Clay, NE",31,NE,40.5244,-98.0512,580366.9274113419,4486395.529892841,93.97364273587073,153.4,153.0,144.9,148.3,7,True
31037,"Colfax, NE",31,NE,41.5733,-97.0865,659529.3934057661,4604170.02855027,91.30080989058413,135.4,109.4,95.0,110.7,6,True
31039,"Cuming, NE",31,NE,41.9164,-96.7874,683486.903246638,4642861.704220563,86.86281035278941,111.9,114.9,89.0,86.4,6,True
31041,"Custer, NE",31,NE,41.3943,-99.7262,439290.6792354977,4582784.012309244,116.30630993158508,128.1,136.2,134.9,118.2,6,True
31043,"Dakota, NE",31,NE,42.3911,-96.5646,700459.8722446265,4696074.280150565,99.46585336574886,110.9,115.9,74.3,102.5,9,True
31045,"Dawes, NE",31,NE,42.7197,-103.1355,161370.30948187376,4737987.020752207,167.1707487784586,120.3,109.7,129.5,94.2,1,False
31047,"Dawson, NE",31,NE,40.8699,-99.8195,430943.1095478493,4524638.057020288,117.79167233791722,130.7,164.3,157.8,151.1,7,True
31109,"Lancaster, NE",31,NE,40.7841,-96.6878,695100.5812571794,4517362.806843654,91.73222569104091,125.0,105.0,91.8,107.2,10,True
31111,"Lincoln, NE",31,NE,41.0478,-100.7452,353328.9298505498,4545530.467887327,127.1247158486801,135.3,146.0,144.1,123.2,9,False
31113,"Logan, NE",31,NE,41.5665,-100.4829,376358.0750926342,4602708.760310229,128.99242573714886,133.9,135.1,119.6,107.0,5,False
31115,"Loup, NE",31,NE,41.9138,-99.4544,462316.8834306795,4640305.430729194,123.23963184757234,104.4,107.2,124.6,115.8,2,False
31117,"Mcpherson, NE",31,NE,41.5681,-101.0605,328200.74737550656,4603874.835581512,133.93220548835043,109.9,115.4,122.0,107.9,-1,False
31119,"Madison, NE",31,NE,41.9167,-97.6008,616030.6836420414,4641474.16246178,91.5085485389644,114.8,109.0,105.1,102.9,8,True
31121,"Merrick, NE",31,NE,41.1698,-98.0376,580731.7529612547,4558053.1146568395,92.28264054744902,139.9,140.5,141.2,138.7,7,True
31123,"Morrill, NE",31,NE,41.716,-103.0105,166355.6237186042,4626021.874449015,149.1735842971257,135.4,128.5,128.9,96.3,3,False
31125,"Nance, NE",31,NE,41.3973,-97.9923,584238.7259419222,4583352.545688519,97.03429154615772,121.2,111.5,109.2,114.4,5,True
31127,"Nemaha, NE",31,NE,40.3881,-95.8486,767495.3222016306,4475603.272181883,92.285286390359,122.3,107.9,84.0,56.8,7,True
31129,"Nuckolls, NE",31,NE,40.1764,-98.0472,581121.688764493,4447771.367444053,109.00514489078219,148.1,149.6,145.6,157.3,4,True
31131,"Otoe, NE",31,NE,40.6485,-96.1348,742258.7617111099,4503686.054301846,96.63159877602341,128.4,104.3,85.1,70.8,7,True
31133,"Pawnee, NE",31,NE,40.1314,-96.237,735411.7707462278,4446001.592399213,100.6741892211114,93.2,96.1,75.8,73.5,2,True
31135,"Perkins, NE",31,NE,40.8509,-101.6496,276651.5445402537,4525584.988285832,124.49293496248134,144.8,154.4,146.8,143.0,7,False
31137,"Phelps, NE",31,NE,40.5111,-99.4145,464883.55753353547,4484569.345668998,115.49780806211723,142.8,161.0,167.5,153.1,10,True
31139,"Pierce, NE",31,NE,42.2644,-97.6013,615357.359524946,4680080.018163003,100.02932139631451,115.1,113.7,100.9,103.4,6,True
31141,"Platte, NE",31,NE,41.5708,-97.5206,623341.9114889392,4603181.161161345,91.96563811692896,126.0,118.1,115.7,104.0,10,True
31143,"Polk, NE",31,NE,41.1869,-97.5684,620060.6888712231,4560492.910518811,87.9513325260074,121.1,146.8,133.5,130.0,9,True
31145,"Red Willow, NE",31,NE,40.1758,-100.4768,374262.3007196113,4448315.129131912,115.55948681747375,102.3,122.1,125.4,112.5,7,True
31147,"Richardson, NE",31,NE,40.1249,-95.7167,779776.4254564041,4446789.232890999,94.31908469424516,121.2,110.8,73.3,53.0,4,True
31149,"Rock, NE",31,NE,42.4213,-99.45,462978.872255957,4696652.476957396,134.5706766612338,121.9,122.2,127.9,133.8,3,False
31151,"Saline, NE",31,NE,40.524,-97.1408,657485.3896509876,4487579.290768007,94.74326012978418,142.3,133.1,128.9,136.8,8,True
31153,"Sarpy, NE",31,NE,41.1131,-96.1119,742492.0361327799,4555332.876679676,92.40270819504869,131.6,121.8,97.3,71.0,10,True
31155,"Saunders, NE",31,NE,41.2265,-96.6374,698023.9940232778,4566592.726140606,89.73398861172599,129.2,107.1,100.9,110.7,9,True
31157,"Scotts Bluff, NE",31,NE,41.8506,-103.708,109135.1821117744,4643915.766397354,163.59187618323014,148.8,106.8,153.1,104.4,5,False
31159,"Seward, NE",31,NE,40.8723,-97.1395,656776.5163704406,4526247.278860072,90.51586782797662,138.4,139.4,132.5,139.0,10,True
31161,"Sheridan, NE",31,NE,42.5048,-102.409,219902.4588933576,4711459.535179575,155.63205475252587,114.8,120.6,132.0,103.8,3,False
31163,"Sherman, NE",31,NE,41.2205,-98.9763,501986.5488899187,4563235.394404226,109.76269181871191,117.4,118.5,129.4,125.8,1,True
31185,"York, NE",31,NE,40.8727,-97.5971,618214.4710989274,4525572.867989255,89.73398861172599,130.1,157.9,148.3,150.4,9,True
31169,"Thayer, NE",31,NE,40.1763,-97.5947,619648.9557445053,4448271.827081967,102.30596892134237,153.8,146.6,142.9,158.6,4,True
31171,"Thomas, NE",31,NE,41.9135,-100.5559,370967.96366602875,4641342.783966753,149.31662391580727,115.0,112.8,115.4,118.9,1,False
31173,"Thurston, NE",31,NE,42.1582,-96.5441,702893.500218093,4670260.714047255,91.5085485389644,100.9,100.5,65.5,92.6,2,True
31175,"Valley, NE",31,NE,41.5673,-98.9819,501509.11110823037,4601736.0138857905,117.77191061311962,121.2,123.9,129.2,122.9,3,True
31177,"Washington, NE",31,NE,41.5311,-96.2218,731776.433614174,4601444.214325451,96.51621443318457,124.8,125.2,91.5,92.9,10,True
31179,"Wayne, NE",31,NE,42.2092,-97.1193,655246.6628599942,4674716.017448717,94.80744637027932,111.0,102.8,73.8,70.2,5,True
31181,"Webster, NE",31,NE,40.1764,-98.4999,542578.4282952438,4447456.0749400025,106.13374815399993,122.7,145.8,137.3,146.7,2,True
31183,"Wheeler, NE",31,NE,41.9148,-98.5282,539125.48077862,4640424.249537174,113.75204115206628,128.5,135.2,136.3,120.8,7,True
31001,"Adams, NE",31,NE,40.5245,-98.5012,542249.9521643032,4486093.7337168595,105.93551637428655,138.5,151.8,146.4,145.4,8,True
31167,"Stanton, NE",31,NE,41.9169,-97.1939,649774.0704663822,4642127.087366293,91.53951999371411,103.9,98.9,74.3,81.5,8,True
31005,"Arthur, NE",31,NE,41.5689,-101.6959,275221.3076206399,4605423.685518363,136.19873875705554,125.0,128.0,134.0,100.0,3,False
31003,"Antelope, NE",31,NE,42.177,-98.0667,577079.4580607824,4669850.161839566,107.60004855750428,129.7,118.7,114.1,112.9,2,True
46123,"Tripp, SD",46,SD,43.3459,-99.884,428351.9468539648,4799606.970590058,136.80878150145887,52.0,58.0,47.0,47.0,6,False
46121,"Todd, SD",46,SD,43.1934,-100.7184,360374.78646989114,4783725.254546422,154.70153135820192,93.0,95.0,85.5,76.0,1,False
46119,"Sully, SD",46,SD,44.7155,-100.1322,410324.7597339248,4951970.2795813605,139.0134435814654,84.0,70.0,76.0,51.0,9,False
46115,"Spink, SD",46,SD,44.9381,-98.3463,551577.0080749505,4976281.961775711,127.74278345814706,92.0,70.0,44.0,57.0,5,False
46102,"Oglala Lakota, SD",46,SD,43.3356,-102.5516,212084.47473089874,4804211.718831296,172.43931925263405,69.0,40.0,47.0,81.0,-1,False
46111,"Sanborn, SD",46,SD,44.0235,-98.0914,572817.5475283535,4874884.2037999835,109.7439424180281,71.0,65.0,34.9,54.0,5,True
46109,"Roberts, SD",46,SD,45.6296,-96.9461,660095.3830492215,5054946.5016331645,117.25959989002463,91.0,89.0,42.0,89.0,3,True
46107,"Potter, SD",46,SD,45.0645,-99.9573,424634.81856550946,4990561.291178179,137.38226422329623,71.0,51.0,63.5,52.0,7,False
46105,"Perkins, SD",46,SD,45.4904,-102.4759,228395.58393200365,5043308.760392818,177.61574157014635,36.7,54.0,18.0,35.0,5,False
46101,"Moody, SD",46,SD,44.0221,-96.671,686658.013581439,4876964.5682564005,100.22865785824793,93.0,109.0,80.5,98.0,9,True
46099,"Minnehaha, SD",46,SD,43.6742,-96.7914,678040.7246033582,4838058.2371211,94.1670694529925,104.0,104.0,61.5,81.0,10,True
46097,"Miner, SD",46,SD,44.022,-97.6102,611385.1892991276,4875255.226979652,109.31150449237478,71.0,89.0,50.0,64.0,4,True
46091,"Marshall, SD",46,SD,45.7586,-97.5986,608984.303659801,5068181.805724916,126.20760980518571,86.0,81.0,47.5,77.0,3,False
46089,"Mcpherson, SD",46,SD,45.7664,-99.2215,482776.71033071115,5068117.316833769,137.0200006531412,71.0,65.0,93.0,20.0,-1,False
46087,"Mccook, SD",46,SD,43.6743,-97.3684,631526.3980373443,4836992.499690646,97.284083276993,82.0,81.0,55.0,52.0,-1,True
46085,"Lyman, SD",46,SD,43.8959,-99.8474,431941.6825870278,4860659.757306693,138.0691275560432,133.5,84.0,93.0,117.0,8,False
46083,"Lincoln, SD",46,SD,43.2789,-96.7219,684845.1363421341,4794306.84098694,91.79792926553024,101.0,91.0,51.5,101.0,10,True
46079,"Lake, SD",46,SD,44.022,-97.1294,649919.2163673877,4876017.353453803,102.80792971371332,91.0,104.0,79.5,87.0,9,True
46077,"Kingsbury, SD",46,SD,44.3696,-97.4915,620189.6651491673,4914031.365491661,105.97543261973448,77.0,95.0,64.0,85.0,6,True
46073,"Jerauld, SD",46,SD,44.0664,-98.6298,529647.341782996,4879314.399561015,113.426367761215,68.0,70.0,35.5,57.0,3,True
46071,"Jackson, SD",46,SD,43.6943,-101.6281,288212.0775064448,4841276.977784315,164.81660785103327,60.0,62.0,,,3,False
46129,"Walworth, SD",46,SD,45.4299,-100.0316,419304.5000515276,5031226.194585099,140.75026464293342,72.0,62.0,66.0,52.0,5,False
46135,"Yankton, SD",46,SD,43.009,-97.3947,630827.4772258766,4763064.543162439,99.57374594647264,93.0,90.0,55.0,67.0,8,True
46137,"Ziebach, SD",46,SD,44.9806,-101.666,289807.37068525096,4984253.275276557,158.3839296405769,46.0,51.0,15.0,60.0,1,False
22111,"Union, LA",22,LA,32.8319,-92.3748,1120642.5059864097,3652159.444784243,104.35658150278083,61.2,,,,-1,False
22107,"Tensas, LA",22,LA,32.0016,-91.34,1224465.6914080344,3566371.5131114996,93.82104253875208,124.0,114.8,78.8,80.0,-1,True
22097,"Saint Landry, LA",22,LA,30.5989,-92.0058,1171294.718401926,3406072.8672671034,111.87052481303954,118.0,102.4,94.6,91.4,-1,True
22093,,22,LA,30.0263,-90.7962,1292386.8829970907,3350209.432760418,95.51937656069745,,,,,-1,False
22085,,22,LA,31.564,-93.5547,1017110.7227435135,3504996.6660339623,118.02741160007035,,,,,-1,False
22083,"Richland, LA",22,LA,32.4177,-91.7636,1181173.5979433085,3609871.7032707226,102.83228577858928,102.0,102.9,80.0,107.1,-1,True
22081,"Red River, LA",22,LA,32.0933,-93.34,1034456.0019175238,3564830.8897373304,115.9317593663551,118.0,61.9,55.7,102.9,-1,True
22079,"Rapides, LA",22,LA,31.1986,-92.5332,1116686.872808571,3469687.4539236734,117.20054014942296,136.2,123.1,119.7,112.7,-1,True
22073,"Ouachita, LA",22,LA,32.4785,-92.1545,1143865.3173666927,3614190.3385967184,105.15085345238438,74.0,,,,-1,False
22069,"Natchitoches, LA",22,LA,31.7236,-93.0963,1059747.7791593843,3524996.3707103343,120.80064792376662,102.5,82.2,73.8,117.4,-1,False
22067,"Morehouse, LA",22,LA,32.8205,-91.8017,1174528.8960129768,3654427.6491952688,101.23026541667824,90.0,137.5,110.0,105.0,-1,True
22061,,22,LA,32.6016,-92.6647,1094974.087112417,3624888.8692033007,107.57000855216485,,,,,-1,False
22059,,22,LA,31.6767,-92.1604,1148988.3276753696,3525002.4649094664,113.55541354926157,,,,,-1,False
22055,"Lafayette, LA",22,LA,30.2063,-92.0639,1168393.3355766216,3362062.8757280614,119.40103903973028,109.5,76.0,92.9,120.6,-1,True
22049,,22,LA,32.302,-92.5577,1107058.3080278244,3592195.9044281645,114.94466165374946,,,,,-1,False
22043,"Grant, LA",22,LA,31.5997,-92.5594,1111561.2551536348,3514124.612464842,115.86929080605799,,,60.0,,-1,False
22041,"Franklin, LA",22,LA,32.1333,-91.6738,1191818.2092691856,3578815.856590243,102.20206782139397,110.0,98.8,136.5,148.3,-1,True
22039,"Evangeline, LA",22,LA,30.729,-92.4059,1131956.3037045803,3418202.4659300074,113.64303531109951,96.0,100.0,102.9,79.3,-1,True
22035,"East Carroll, LA",22,LA,32.7325,-91.235,1228484.9012013148,3648424.500668265,107.90705265754066,101.0,110.6,107.6,102.3,-1,True
22031,"De Soto, LA",22,LA,32.0554,-93.7373,997098.1595952176,3558713.954076161,114.94466165374946,,40.0,40.0,90.0,-1,True
22029,"Concordia, LA",22,LA,31.4458,-91.6397,1200250.7918941118,3502554.309035212,108.5328086447369,130.6,102.4,78.9,101.6,-1,True
22027,"Claiborne, LA",22,LA,32.8226,-92.9957,1062443.4738077912,3647630.5699657258,110.34570526664079,55.0,,,,-1,False
22025,"Catahoula, LA",22,LA,31.6661,-91.8471,1178862.0797087061,3525743.7062654155,97.83494400397768,104.1,,78.6,,-1,False
22021,"Caldwell, LA",22,LA,32.0922,-92.1167,1150197.6792305456,3571466.9248899487,107.15425729865305,61.1,,,,-1,False
22017,"Caddo, LA",22,LA,32.5797,-93.8821,980617.0186561726,3616271.3359581237,108.72758063504935,109.0,80.0,57.8,56.3,-1,True
22015,"Bossier, LA",22,LA,32.6795,-93.6052,1006087.6358637912,3628644.952510507,114.48118471183797,70.0,,,,-1,False
22013,"Bienville, LA",22,LA,32.3472,-93.056,1059748.2862341022,3594490.5248192917,113.10338397444426,33.3,,,,-1,False
22011,"Beauregard, LA",22,LA,30.6485,-93.3434,1042409.7296883919,3404324.929703331,128.89684092876243,63.0,81.3,74.1,70.0,-1,False
22005,"Ascension, LA",22,LA,30.2035,-90.9113,1279825.1405670107,3369143.628473788,93.62078582788799,114.0,,,,-1,False
22003,"Allen, LA",22,LA,30.6528,-92.8279,1091902.999381523,3407417.981069337,122.94504627727837,67.6,60.9,69.4,59.4,-1,False
22001,"Acadia, LA",22,LA,30.2906,-92.412,1134228.3125470977,3369429.2584585752,117.47207642896878,98.0,98.3,97.7,100.0,-1,True
22065,"Madison, LA",22,LA,32.3643,-91.2427,1230763.8378278473,3607397.2410052405,100.85755921923615,105.0,96.7,69.0,109.3,-1,True
22095,,22,LA,30.0792,-90.5462,1316181.6041421837,3357878.6226226124,99.42424404249144,,,,,-1,False
22119,,22,LA,32.7135,-93.335,1031266.5679483435,3633748.573044327,108.08341628915804,,,,,-1,False
22121,"West Baton Rouge, LA",22,LA,30.4634,-91.3134,1238968.7422967583,3395361.4902825984,93.27788907342475,137.0,100.0,120.0,107.1,-1,True
22123,"West Carroll, LA",22,LA,32.7885,-91.4567,1207188.5890573896,3653139.613781758,100.41546155638915,67.0,62.5,58.3,82.5,-1,True
22127,,22,LA,31.9442,-92.6368,1101949.6542148478,3551981.0599809024,108.08341628915804,,,,,-1,False
22115,,22,LA,31.1083,-93.1842,1055030.0303949658,3456189.3924181582,117.75987176251664,,,,,-1,False
22089,,22,LA,29.8836,-90.3631,1335580.0512040602,3337417.0654133386,112.65567620946314,,,,,-1,False
22091,"Saint Helena, LA",22,LA,30.822,-90.7103,1294173.008168194,3439440.982025291,89.2494236806955,46.0,,50.0,,-1,False
22077,"Pointe Coupee, LA",22,LA,30.7097,-91.6009,1209441.8816333385,3420905.590390516,92.49897980231991,128.0,112.7,108.1,90.0,-1,True
22037,"East Feliciana, LA",22,LA,30.8451,-91.0455,1261775.492561818,3439657.025290609,96.51251816588959,93.0,88.2,50.0,56.4,-1,True
22033,"East Baton Rouge, LA",22,LA,30.5383,-91.0957,1259374.0513193095,3405157.328706202,97.57179191683186,120.7,102.9,94.4,71.8,-1,True
22009,"Avoyelles, LA",22,LA,31.0762,-92.0013,1168387.0157048474,3459183.7308611176,112.16942372859619,123.1,106.1,108.6,86.9,-1,True
22063,,22,LA,30.4507,-90.7393,1294445.28733865,3397879.5746527393,93.26338508294893,,,,,-1,False
22125,"West Feliciana, LA",22,LA,30.8798,-91.42,1225545.2504685875,3441003.0869189007,97.45716145400924,92.2,100.0,115.0,72.7,-1,True
12019,,12,FL,29.9831,-81.8579,2165980.4690458486,3443859.1335294526,131.70266002044585,,,,,-1,False
12013,,12,FL,30.4061,-85.1972,1832073.2293142693,3445995.8976187864,122.88916231311873,,,,,-1,False
12007,,12,FL,29.9502,-82.1689,2135883.1036190693,3435452.8804675178,112.75242125756385,,,,,-1,False
12003,,12,FL,30.331,-82.2846,2117979.593615789,3476821.6009598193,103.53258816066672,,,,,-1,False
12001,"Alachua, FL",12,FL,29.6749,-82.3576,2121916.0242822096,3401504.7725308775,120.16978278089951,70.0,70.0,70.0,54.9,5,False
12107,"Putnam, FL",12,FL,29.6086,-81.7442,2183749.7672825847,3403146.4863838777,132.57613262137508,70.0,80.0,,,2,False
12023,"Columbia, FL",12,FL,30.2243,-82.6215,2086721.3330971515,3459801.3089066595,99.37979858334936,45.0,60.0,55.0,45.0,4,True
12109,,12,FL,29.9013,-81.4439,2208298.2193175405,3440961.965264384,151.48507381016313,,,,,-1,False
12041,"Gilchrist, FL",12,FL,29.7259,-82.8006,2077321.882877389,3400883.511452584,134.61383379540885,40.0,55.0,50.0,45.3,3,False
12047,"Hamilton, FL",12,FL,30.4964,-82.9479,2050221.127778144,3485841.388786459,93.71417654561334,65.0,65.0,65.0,85.0,2,True
12067,"Lafayette, FL",12,FL,29.9855,-83.1811,2035655.256723302,3424860.9838947044,121.01115236912679,70.0,55.0,,,3,False
12073,"Leon, FL",12,FL,30.4581,-84.2778,1920940.81072241,3463387.5315782493,108.17724695410178,35.0,55.0,50.0,90.0,8,True
12121,"Suwannee, FL",12,FL,30.1956,-82.9915,2050882.9580142961,3451250.8640557574,107.81398965120654,70.0,75.0,55.0,65.0,2,True
12125,"Union, FL",12,FL,30.0439,-82.3714,2114341.354018907,3443058.1410961617,104.94723478932835,60.0,55.0,,,5,False
12079,"Madison, FL",12,FL,30.4441,-83.47,2000027.5383065343,3472617.464733102,105.45224395853094,40.0,60.0,65.0,55.0,1,True
22019,,22,LA,30.2292,-93.3579,1043348.3408320592,3357679.38945453,136.79255911067304,,,,,-1,False
12083,"Marion, FL",12,FL,29.2103,-82.0567,2159555.288870617,3353310.2991958233,129.01596902261565,70.0,60.0,70.0,54.7,5,False
22053,,22,LA,30.2669,-92.8138,1095614.269132168,3364606.992136618,138.10652106843702,,,,,-1,False
38053,"Mckenzie, ND",38,ND,47.7402,-103.3953,170518.35041122342,5296787.159394106,168.91262213117054,104.0,118.0,58.0,53.8,-1,False
38025,"Dunn, ND",38,ND,47.3568,-102.6183,226768.06877227634,5251165.559350368,159.70921541004694,50.0,59.0,14.5,14.4,4,False
38085,"Sioux, ND",38,ND,46.1127,-101.0404,342329.43174090155,5108593.129692006,146.16336575838218,33.0,71.4,59.0,73.0,1,False
46117,"Stanley, SD",46,SD,44.4123,-100.7359,361792.68424216536,4919133.148712206,153.33937789876413,90.0,79.0,58.0,90.0,8,False
22047,"Iberville, LA",22,LA,30.2585,-91.3494,1237046.223993699,3372319.1361662806,102.85851596929957,139.4,105.4,130.0,106.6,-1,True
12063,"Jackson, FL",12,FL,30.78,-84.9213,1853590.5597822557,3491412.0169375795,96.35826515043621,50.0,70.0,60.0,85.0,2,True
12035,,12,FL,29.4605,-81.3145,2228989.4483900648,3392961.181824629,151.8743353410173,,,,,-1,False
12045,,12,FL,29.9562,-85.2283,1835275.9937634566,3395052.39871644,158.05141846300674,,,,,-1,False
22113,"Vermilion, LA",22,LA,29.8455,-92.3241,1145611.600275934,3320437.681243343,142.77795240540254,80.0,,73.3,,-1,False
22045,"Iberia, LA",22,LA,29.8941,-91.7307,1202804.277492182,3329346.9422699045,116.91225334433621,61.0,,60.0,,-1,False
22103,"Saint Tammany, LA",22,LA,30.4481,-89.9401,1371627.7963786144,3403546.370664709,98.0371168706971,,,80.0,,-1,False
22071,,22,LA,30.0385,-89.9037,1378827.4698156924,3358159.22372854,117.35886037551329,,,,,-1,False
38077,"Richland, ND",38,ND,46.2646,-96.9483,658107.4495927581,5125492.867703826,123.90441229153048,100.6,105.6,66.8,97.1,10,False
12059,"Holmes, FL",12,FL,30.8679,-85.8143,1765806.8863551177,3490525.6799772014,118.06452348776027,30.0,50.0,30.0,85.2,1,True
38099,"Walsh, ND",38,ND,48.3694,-97.7214,594694.0164653398,5358148.626340817,149.73631208575566,96.0,109.6,54.4,44.0,7,False
31165,"Sioux, NE",31,NE,42.4877,-103.7589,108863.12052196241,4714912.035698523,178.5608626234191,134.6,122.7,137.2,111.9,3,False
31031,"Cherry, NE",31,NE,42.5449,-101.1186,326043.96807067224,4712453.906270513,154.19374171363802,111.1,113.7,115.8,120.3,3,False
46093,"Meade, SD",46,SD,44.5668,-102.7168,204856.97980682662,4941551.759691458,175.3646315851007,104.5,112.0,72.0,80.0,10,False
46103,"Pennington, SD",46,SD,44.0037,-102.8238,193441.11526876735,4879395.712890307,172.97778638167466,54.5,75.0,48.0,48.0,10,False
46081,"Lawrence, SD",46,SD,44.3586,-103.7922,118100.99697732256,4922882.311182857,196.33933416868518,60.0,61.0,,,10,False
46033,"Custer, SD",46,SD,43.6776,-103.4515,141161.0547518867,4845702.3291773265,191.6412215383195,110.0,117.0,115.0,50.0,9,False
46047,"Fall River, SD",46,SD,43.2394,-103.5276,132374.87796230539,4797361.499549808,174.67672487150264,118.0,113.0,86.0,60.0,6,False
22057,"Lafourche, LA",22,LA,29.5682,-90.4291,1331797.5836886736,3301786.5319248005,131.85087083025059,59.0,,,,-1,False
22051,,22,LA,29.7299,-90.1174,1360776.515691174,3322114.633114135,131.0669640751779,,,,,-1,False
22075,,22,LA,29.4705,-89.6553,1408106.5989490713,3296754.4220648995,159.18790006641177,,,,,-1,False
22007,,22,LA,29.9006,-91.0626,1267546.722104195,3334381.721949422,108.38084349759875,,,,,-1,False
22099,"Saint Martin, LA",22,LA,30.1291,-91.6083,1212974.1145102,3356256.716721354,107.10548947547116,123.0,93.9,100.0,,-1,False
22109,,22,LA,29.4206,-90.8659,1290412.8823168231,3282264.669065054,145.796171325986,,,,,-1,False
12091,"Okaloosa, FL",12,FL,30.7068,-86.5964,1692188.5105972353,3463656.7360454043,140.99517631633648,70.0,65.2,50.0,54.8,8,False
12113,"Santa Rosa, FL",12,FL,30.732,-87.0172,1651150.3748478908,3461983.44124882,146.22789107724148,80.0,80.0,,,8,False
12039,"Gadsden, FL",12,FL,30.5795,-84.6137,1886408.2300562633,3472734.4915635204,104.00414293416675,50.0,65.2,45.0,65.0,2,True
22023,,22,LA,29.8717,-93.1618,1064298.8483550944,3318919.3799729836,154.0195422722928,,,,,-1,False
12037,,12,FL,29.9194,-84.6607,1891400.5961742417,3397862.3248920916,146.75944493648083,,,,,-1,False
22117,"Washington, LA",22,LA,30.8534,-90.0406,1358288.6852284884,3447946.23070572,96.92049007225842,81.0,95.0,80.3,89.6,-1,True
22087,,22,LA,29.8628,-89.6178,1408187.9812566512,3340818.1466129827,140.78846308713665,,,,,-1,False
22105,"Tangipahoa, LA",22,LA,30.6453,-90.4118,1324389.8835758246,3421935.048308782,99.21126345452629,90.0,84.3,82.6,94.3,-1,True
12031,,12,FL,30.3302,-81.674,2177955.813333203,3486003.416965219,129.31701368941614,,,,,-1,False
12089,,12,FL,30.6095,-81.8085,2159776.629571245,3515554.547895656,114.93599794913074,,,,,-1,False
12131,"Walton, FL",12,FL,30.5448,-85.8977,1762044.3018186002,3453304.0406660563,133.79292294477568,65.0,65.0,40.0,65.0,3,False
12117,,12,FL,28.717,-81.2362,2249929.8005811544,3309719.447072556,158.24331185860362,,,,,-1,False
12095,,12,FL,28.5148,-81.3238,2244661.8161108773,3285391.854847024,149.4868771766329,,,,,-1,False
12119,,12,FL,28.7046,-82.081,2165584.782008496,3295623.4299046355,142.94916909120693,,,,,-1,False
12069,"Lake, FL",12,FL,28.7615,-81.7113,2201599.52540444,3307549.36726381,140.8867259725723,75.0,70.0,,,5,False
12009,,12,FL,28.2631,-80.7436,2307459.262301268,3265757.611747725,173.56134330372473,,,,,-1,False
12127,,12,FL,29.0604,-81.1912,2248380.3048606818,3349442.0328132394,158.5322529852891,,,,,-1,False
12071,,12,FL,26.6135,-81.8902,2218620.151903488,3060880.642990474,183.1170749002628,,,,,-1,False
12015,,12,FL,26.9689,-82.108,2190829.6247921526,3098219.041221158,177.6829149786009,,,,,-1,False
12133,"Washington, FL",12,FL,30.6106,-85.6656,1783702.547783347,3463383.463681492,111.30184987759897,55.0,65.1,50.0,85.0,1,True
12005,,12,FL,30.2797,-85.6151,1793087.52275018,3426820.361544942,132.97977729547745,,,,,-1,False
48127,"Dimmit, TX",48,TX,28.4225,-99.7567,425890.36631995824,3144239.2420532894,183.02348695145665,67.6,60.2,53.1,,1,False
48131,"Duval, TX",48,TX,27.6813,-98.5089,548427.8465468447,3061995.5727696023,149.8576409145783,41.5,38.0,35.9,17.8,1,False
48215,"Hidalgo, TX",48,TX,26.3968,-98.1811,581678.013511285,2919887.652137763,236.253801030056,82.6,80.7,74.9,54.5,2,False
48247,,48,TX,27.0434,-98.6973,530020.9820066426,2991278.2627235525,205.31474500260686,,,,,-1,False
48249,"Jim Wells, TX",48,TX,27.7311,-98.0902,589677.0562279054,3067746.8453045175,144.5405182205918,69.5,72.0,45.5,19.5,3,False
48283,"La Salle, TX",48,TX,28.3451,-99.0997,490228.64897925407,3135435.864411014,155.99568037507504,,,49.6,40.3,1,False
48311,"Mcmullen, TX",48,TX,28.3491,-98.5674,542396.6810668703,3135950.9522501323,137.45071192946693,,42.6,38.8,,-1,False
48427,"Starr, TX",48,TX,26.5621,-98.7384,526054.5247486242,2937961.8889511516,245.0526169120989,,,83.8,16.8,1,False
48479,,48,TX,27.7611,-99.3316,467324.5255878733,3070782.6955633545,180.5478174696347,,,,,-1,False
48505,,48,TX,27.0007,-99.1686,483272.40854451,2986523.9476718665,210.78835482140462,,,,,-1,False
48047,"Brooks, TX",48,TX,27.0316,-98.2187,577496.5670321606,2990175.3906503273,177.16027628501791,,54.2,21.0,17.0,1,False
48025,"Bee, TX",48,TX,28.4174,-97.7412,623293.6687240587,3144085.926670753,130.7372796820813,59.5,68.9,42.1,23.5,5,False
48061,"Cameron, TX",48,TX,26.1293,-97.5292,647042.6795135794,2890834.415479844,275.80086984541987,108.0,86.9,81.6,64.9,2,False
48273,"Kleberg, TX",48,TX,27.4338,-97.7344,625087.2223314695,3035120.633641891,158.48728976553454,81.4,86.9,38.0,11.5,6,False
48355,"Nueces, TX",48,TX,27.7232,-97.6289,635160.2881028107,3067292.8515591114,156.52880782851798,72.8,83.5,47.5,32.2,9,False
30043,,30,MT,46.1485,-112.0937,-510749.2458130716,5194553.3599122055,199.22020704377084,,,,,-1,False
30045,,30,MT,47.0455,-110.2661,-355365.3851239268,5272156.268327323,184.11799827630892,,,,,-1,False
30051,,30,MT,48.5617,-111.0246,-386355.9654328426,5448945.6631819345,264.4359745154449,,,,,-1,False
30055,,30,MT,47.6452,-105.7953,-10253.333434793749,5299277.624664237,195.7988561915444,,,,,-1,False
30057,,30,MT,45.3008,-111.9203,-512832.29674394545,5098233.303670947,194.85376791603133,,,,,-1,False
30059,,30,MT,46.5982,-110.8856,-409963.0562387805,5229573.1171311075,192.63253018474367,,,,,-1,False
30061,,30,MT,47.1474,-114.9985,-711594.8063352141,5347131.017073665,194.00773374934968,,,,,-1,False
30065,,30,MT,46.4966,-108.3977,-220970.6735131999,5192301.533356282,220.71308546723944,,,,,-1,False
30069,,30,MT,47.1175,-108.2501,-201467.75320312474,5259888.175637982,219.62602780250128,,,,,-1,False
30075,,30,MT,45.395,-105.6301,-18933.967558436212,5048255.746521949,210.97053862329602,,,,,-1,False
30079,"Prairie, MT",30,MT,46.8605,-105.378,13913.89783731813,5209443.587523491,203.65494806544322,95.0,100.0,102.0,90.0,1,False
30083,"Richland, MT",30,MT,47.7879,-104.5613,83518.08664149343,5307719.777256669,187.57654060749917,111.0,109.0,108.0,85.0,8,False
30091,,30,MT,48.7212,-104.5046,95218.05496533168,5411097.433040135,246.09490140583497,,,,,-1,False
30093,,30,MT,45.9024,-112.6567,-558939.4252317499,5174693.09149697,220.14736694592233,,,,,-1,False
30101,,30,MT,48.6552,-111.6957,-433964.7529732585,5467413.1092751175,281.78510356089265,,,,,-1,False
30103,"Treasure, MT",30,MT,46.2115,-107.2717,-137954.6395083866,5150904.705532119,216.61103930909658,125.0,104.0,118.0,85.0,2,False
30109,,30,MT,46.9653,-104.249,100721.67340404424,5214694.686215112,164.73922767127482,,,,,-1,False
30111,"Yellowstone, MT",30,MT,45.9372,-108.2744,-218839.7937394994,5129057.431564439,215.61830081613957,121.0,102.0,105.0,70.0,10,False
35028,,35,NM,35.8693,-106.3072,-160228.45912642067,3994198.9774441463,195.76055307177597,,,,,-1,False
40011,,40,OK,35.8752,-98.4335,551137.8849568872,3970254.606929221,124.93808536747146,,,,,-1,False
40013,"Bryan, OK",40,OK,33.9623,-96.26,753181.3432294023,3761359.3868551385,115.77443834529251,108.6,80.0,58.5,69.8,2,True
40015,"Caddo, OK",40,OK,35.1744,-98.3751,556902.2890374189,3892562.400343915,118.16047167053455,,66.4,150.0,107.7,4,True
40017,"Canadian, OK",40,OK,35.5425,-97.9825,592233.1812047244,3933683.0549803027,114.34845780961908,82.7,75.0,,84.0,10,False
40019,"Carter, OK",40,OK,34.2509,-97.2858,657844.4151288519,3791305.0197897796,110.45280891587973,,,,100.0,7,False
40021,,40,OK,35.9066,-94.9997,861054.4307406303,3980988.005152005,109.6724699099711,,,,,-1,False
40023,"Choctaw, OK",40,OK,34.0265,-95.5521,818379.5449658616,3770458.6453598817,121.300746780407,58.0,90.0,54.5,97.2,1,False
40025,"Cimarron, OK",40,OK,36.7483,-102.5178,185914.79606537486,4072724.0434657508,153.29573111971132,132.1,120.3,102.9,82.5,6,False
40027,"Cleveland, OK",40,OK,35.2036,-97.3271,652283.1232400989,3896903.7355447356,115.79590624666004,102.0,100.0,71.4,95.8,10,True
40029,,40,OK,34.5882,-96.2979,747832.9275521915,3830696.491364901,112.27912475319269,,,,,-1,False
40031,,40,OK,34.6621,-98.4717,548405.82949401,3835699.2064366904,118.58901369181397,,,,,-1,False
40033,,40,OK,34.2902,-98.3721,557787.7013780822,3794511.936970361,118.6159851719574,,,,,-1,False
40035,"Craig, OK",40,OK,36.7617,-95.2086,838464.3044059535,4075145.3161458923,100.53991727989586,82.0,70.0,60.0,75.6,5,True
40037,,40,OK,35.9027,-96.3709,737271.4860209347,3976350.1419359543,111.86811190066688,,,,,-1,False
40039,"Custer, OK",40,OK,35.6389,-99.0015,499864.19494591706,3943898.392587958,125.54957283600726,99.4,,68.3,72.0,8,False
40041,,40,OK,36.4082,-94.8027,876433.7620177037,4037417.565637394,104.14382564630738,,,,,-1,False
40043,,40,OK,35.9877,-99.008,499278.8670727602,3982584.2345770267,127.00113683273223,,,,,-1,False
40045,"Ellis, OK",40,OK,36.2184,-99.7546,432177.1167404238,4008436.550314,125.63977684588423,92.5,98.3,,62.0,6,False
40047,,40,OK,36.379,-97.7828,609178.4851425195,4026674.3328258847,127.08868097034103,,,,,-1,False
40049,"Garvin, OK",40,OK,34.7045,-97.3093,654839.7212969289,3841574.942107587,110.41495159165444,77.0,104.9,79.5,97.7,5,True
40051,"Grady, OK",40,OK,35.017,-97.884,601817.9974847747,3875497.3439439437,114.25518762265561,82.5,73.3,84.6,71.3,7,True
40053,"Grant, OK",40,OK,36.7961,-97.7861,608298.0765166996,4072940.6850888156,126.82559627133574,,,56.7,80.0,7,False
40055,,40,OK,34.9357,-99.5609,448776.6564648967,3866056.0599559275,115.74005951648603,,,,,-1,False
40057,,40,OK,34.7441,-99.8463,422533.076716676,3844991.3989387774,125.54957283600726,,,,,-1,False
40059,,40,OK,36.7887,-99.6673,440461.9971246732,4071640.2288455036,125.56389212495213,,,,,-1,False
40061,"Haskell, OK",40,OK,35.2248,-95.1166,853486.0388769369,3904888.7274723127,117.22122667589646,95.6,78.9,50.0,85.0,2,True
40063,"Hughes, OK",40,OK,35.0484,-96.2502,750809.0045988188,3881868.2893228186,106.51979944262291,,,50.0,90.0,1,False
40065,,40,OK,34.588,-99.4148,461959.9532413709,3827433.549486956,116.35507248166114,,,,,-1,False
40067,,40,OK,34.1111,-97.8359,607364.717568588,3775086.34253128,110.66946917556005,,,,,-1,False
40069,"Johnston, OK",40,OK,34.3165,-96.6606,715255.9496454678,3799728.0439443947,110.66946917556005,,112.5,,,1,False
40071,"Kay, OK",40,OK,36.818,-97.1439,665549.4943581726,4076290.1041514506,123.01235765445729,97.0,82.0,50.0,45.5,9,False
40073,,40,OK,35.9454,-97.9421,595413.3925704352,3978409.647709883,119.67960596530415,,,,,-1,False
40075,,40,OK,34.9163,-98.9808,501753.8139720024,3863761.2850613105,117.8645989669005,,,,,-1,False
40153,,40,OK,36.4227,-99.265,476244.26213680516,4030866.3382148123,133.00030283918068,,,,,-1,False
40079,,40,OK,34.9001,-94.7035,892666.622337315,3870397.507564728,115.01994963547385,,,,,-1,False
40081,,40,OK,35.703,-96.8809,691717.0590807807,3953077.1911506513,111.5828929394112,,,,,-1,False
40083,,40,OK,35.9194,-97.4434,640440.7081502075,3976128.120573799,113.24918714041509,,,,,-1,False
40085,"Love, OK",40,OK,33.9499,-97.2442,662249.0857463436,3757989.634515294,112.5521272077758,,,,80.0,6,False
40087,"Mcclain, OK",40,OK,35.0087,-97.4436,642015.0611410218,3875114.6173995133,113.3206900807746,82.5,106.0,64.3,86.7,-1,True
40089,"Mccurtain, OK",40,OK,34.115,-94.7712,890125.766471947,3782990.4391504135,116.33293730186072,72.5,56.3,55.9,58.8,-1,True
40091,"Mcintosh, OK",40,OK,35.3737,-95.6668,802827.479023863,3919588.9632797623,110.94865167342398,81.7,63.5,49.3,,-1,False
40093,"Major, OK",40,OK,36.3116,-98.536,541654.2218027636,4018610.229284186,125.3157072368714,82.5,,53.8,48.3,8,False
40095,"Marshall, OK",40,OK,34.0245,-96.769,705988.4614590681,3767117.1938568987,117.79471885252175,74.5,90.0,75.6,93.8,2,True
40097,"Mayes, OK",40,OK,36.3018,-95.2309,838474.547710502,4024019.9936755784,104.31885519101175,80.3,70.0,61.7,90.9,7,True
40099,,40,OK,34.4823,-97.0679,677422.7003466215,3817328.5636204723,101.51395524158735,,,,,-1,False
40101,"Muskogee, OK",40,OK,35.6161,-95.3794,827961.0405595154,3947408.820035807,110.69585413767001,94.0,80.0,66.7,60.0,6,True
40103,,40,OK,36.3886,-97.2306,658693.3082551463,4028505.2469410514,121.99352042981563,,,,,-1,False
40105,"Nowata, OK",40,OK,36.7985,-95.6174,801812.6992120222,4077859.8661844404,113.55060640258684,,80.0,60.0,80.0,4,True
40107,"Okfuskee, OK",40,OK,35.4655,-96.3228,742936.4661168358,3927961.763156914,113.24918714041509,,65.0,,,2,False
40109,"Oklahoma, OK",40,OK,35.5515,-97.4072,644369.7818788673,3935372.0554567208,112.62135311465136,95.4,103.1,76.7,90.0,10,True
40111,"Okmulgee, OK",40,OK,35.6467,-95.9643,774857.1425323695,3949009.2780973613,111.01605201557545,91.7,80.0,48.2,80.0,3,True
40113,"Osage, OK",40,OK,36.6292,-96.3984,732622.5388273569,4056891.851596229,116.3185570211286,91.1,70.0,,,9,False
40115,"Ottawa, OK",40,OK,36.8355,-94.8105,873661.0528691448,4084822.638559623,104.59712240968034,,87.5,60.0,95.5,3,True
40117,"Pawnee, OK",40,OK,36.3169,-96.6993,706540.5630405191,4021554.936283759,113.20377173725197,80.0,72.0,,,7,False
40119,,40,OK,36.0773,-96.9757,682278.8556902816,3994418.8606984504,119.3905071944099,,,,,-1,False
40121,,40,OK,34.9239,-95.7484,797043.6880083452,3869432.359051644,116.97598006553739,,,,,-1,False
40123,"Pontotoc, OK",40,OK,34.7281,-96.6844,712019.3357137657,3845332.5805398035,112.62135311465136,74.0,82.9,,,4,False
40125,"Pottawatomie, OK",40,OK,35.2068,-96.9483,686762.2617273214,3897905.1189713245,110.45280891587973,82.7,72.9,64.4,95.5,8,True
40127,,40,OK,34.4162,-95.3758,833126.7095467567,3814264.5680835196,125.02886624579,,,,,-1,False
40129,,40,OK,35.6883,-99.6957,437051.903717304,3949600.2189130406,124.68001463649087,,,,,-1,False
40131,"Rogers, OK",40,OK,36.3716,-95.6044,804648.5070367765,4030522.6694520838,110.94865167342398,,67.5,,,10,False
40133,,40,OK,35.1674,-96.6156,717157.6673305876,3894210.783017367,112.23164446010104,,,,,-1,False
40135,"Sequoyah, OK",40,OK,35.4953,-94.7549,885139.3178449861,3936265.4319965076,110.5780251024946,91.0,90.6,65.7,96.9,4,True
40137,,40,OK,34.4856,-97.8514,605465.8917060092,3816599.069883194,112.04125617307332,,,,,-1,False
40139,"Texas, OK",40,OK,36.7479,-101.49,277700.2553412011,4069797.7634190274,139.82251639499472,151.1,140.9,125.8,160.5,8,False
40141,"Tillman, OK",40,OK,34.3728,-98.9242,506969.23876937735,3803495.1619460853,119.08232968121003,74.4,74.4,,70.0,3,False
40143,,40,OK,36.1211,-95.9414,775282.4844934099,4001714.138942734,118.72228455016624,,,,,-1,False
40145,"Wagoner, OK",40,OK,35.9609,-95.5212,813750.9723557443,3985209.0689808354,116.2414770697195,102.9,93.6,67.5,98.2,10,True
40147,,40,OK,36.7152,-95.9044,776496.8640862424,4067747.300624833,107.6895806762056,,,,,-1,False
40149,,40,OK,35.2904,-98.9923,500700.1463006468,3905248.1204906614,123.86790395222347,,,,,-1,False
40151,,40,OK,36.7669,-98.8651,512039.4149783096,4069022.821689956,130.48137437548257,,,,,-1,False
40077,,40,OK,34.8761,-95.2504,842757.4665180452,3865721.6633229204,121.26666502016649,,,,,-1,False
40001,,40,OK,35.8839,-94.6587,891961.9443487,3979785.0601502177,109.38982234061305,,,,,-1,False
40003,,40,OK,36.731,-98.324,560359.4436278883,4065244.961556921,125.37831386770212,,,,,-1,False
40005,,40,OK,34.3737,-96.0378,772393.3584211043,3807569.9527178835,120.27082935052694,,,,,-1,False
40007,"Beaver, OK",40,OK,36.7497,-100.4767,368175.43542747636,4068122.905760842,127.5721070285942,,,74.3,,10,False
40009,,40,OK,35.2687,-99.682,437970.004842666,3903054.707054616,121.13214810565604,,,,,-1,False
48105,,48,TX,30.723,-101.4121,269030.53084203857,3401388.789847437,166.64837412955117,,,,,-1,False
48107,,48,TX,33.6146,-101.3,286623.215648309,3721796.6404300733,114.07480166499221,,,,,-1,False
48111,"Dallam, TX",48,TX,36.2779,-102.6022,176420.73208664812,4020795.594981784,160.2565443882788,170.7,169.3,168.4,159.7,4,False
48113,"Dallas, TX",48,TX,32.7666,-96.7779,708145.9224128944,3627597.8450495303,111.11160458931077,,60.2,60.5,100.3,10,True
48115,,48,TX,32.7425,-101.9477,223790.11961309583,3626586.019081733,126.12116415012332,,,,,-1,False
48117,"Deaf Smith, TX",48,TX,34.966,-102.6049,170835.8089822773,3875211.628760085,148.43882519055734,155.6,175.0,164.8,135.2,6,False
48119,"Delta, TX",48,TX,33.3863,-95.6723,809567.2992255643,3699063.7708250703,104.5711776701743,118.2,75.0,37.2,71.4,5,True
48121,"Denton, TX",48,TX,33.2043,-97.1171,675498.9225214323,3675515.5630405047,115.77443834529251,,,38.4,69.3,10,False
48123,"De Witt, TX",48,TX,29.0821,-97.3568,659932.5846362172,3218196.5659409775,116.05028937693213,70.7,70.4,52.4,49.4,-1,True
48125,,48,TX,33.6166,-100.7789,334977.7333403749,3721065.2293634336,114.12200769974966,,,,,-1,False
48129,,48,TX,34.9654,-100.814,334390.2753417446,3870708.768794932,110.0412137206674,,,,,-1,False
48133,,48,TX,32.3271,-98.8323,515783.6779476885,3576705.5499324203,121.15054226353192,,,,,-1,False
48135,,48,TX,31.8692,-102.5428,164794.22360542964,3531413.6830552304,146.11336401049763,,,,,-1,False
48137,,48,TX,29.9826,-100.3047,374137.2727191894,3317573.5102740666,158.31737156207012,,,,,-1,False
48139,"Ellis, TX",48,TX,32.3484,-96.7945,707551.7575576472,3581192.3280791915,108.69907613856054,88.5,74.5,67.3,86.7,10,True
48143,"Erath, TX",48,TX,32.2363,-98.218,573675.0083582875,3566896.4513604958,115.3109928716111,,,24.0,35.0,4,False
48145,"Falls, TX",48,TX,31.2533,-96.9358,696558.0107988596,3459511.980134492,122.33459802121178,89.8,87.7,85.8,86.9,2,False
48147,"Fannin, TX",48,TX,33.5939,-96.1066,768508.6034064923,3720883.081918375,111.61464623074363,90.9,70.0,51.4,60.4,5,True
48149,"Fayette, TX",48,TX,29.8768,-96.9198,700900.2274107182,3306951.119808648,109.11506303603365,111.1,100.0,68.6,70.8,5,True
48151,,48,TX,32.7428,-100.4022,368628.10483714147,3623643.884965094,118.38366422313085,,,,,-1,False
48153,"Floyd, TX",48,TX,34.0724,-101.3032,287463.61098905193,3772577.606558117,112.86343384725532,166.1,156.3,146.2,131.8,4,True
48155,,48,TX,33.9746,-99.778,428131.17304671305,3759612.3657798516,108.50663930618744,,,,,-1,False
48157,"Fort Bend, TX",48,TX,29.5274,-95.7707,813009.5013778149,3270769.5398547496,135.78438672788764,90.2,77.3,76.4,85.7,10,False
48159,,48,TX,33.1756,-95.2184,852663.3291173435,3677128.3266977593,99.42799523936259,,,,,-1,False
48161,,48,TX,31.7049,-96.149,770201.3910003183,3511261.632027304,120.45600086844686,,,,,-1,False
48165,,48,TX,32.7407,-102.6352,159329.38094130892,3628391.2101920675,143.64678808023334,,,,,-1,False
48169,,48,TX,33.1799,-101.2984,285706.6101197738,3673583.9762097155,114.65143084690246,,,,,-1,False
48171,"Gillespie, TX",48,TX,30.3181,-98.9464,505153.02952127904,3354035.4805672034,126.12808711016112,63.5,,43.3,49.5,8,False
48173,,48,TX,31.8694,-101.5208,261525.7875547698,3528730.722040414,142.63551708716315,,,,,-1,False
48177,"Gonzales, TX",48,TX,29.4567,-97.4925,646189.0950382946,3259531.680205671,118.62542179076644,83.2,94.7,65.8,91.6,2,True
48179,"Gray, TX",48,TX,35.4012,-100.8126,335399.52590501815,3919044.6729197726,111.38766135035996,,,131.7,119.7,8,False
48181,"Grayson, TX",48,TX,33.6268,-96.6776,715424.9467155959,3723196.1442331923,110.91982058886018,92.3,80.0,50.6,75.4,8,True
48183,,48,TX,32.4803,-94.8172,893163.2343331934,3601390.4513961053,102.09444290969451,,,,,-1,False
48185,"Grimes, TX",48,TX,30.5436,-95.9855,789208.8858711123,3382891.7473019296,116.47058883318113,101.5,90.0,73.7,,5,False
48187,"Guadalupe, TX",48,TX,29.5831,-97.9484,601848.5877102296,3273052.3750167512,124.5038605201829,57.1,73.9,38.9,33.1,9,False
48189,"Hale, TX",48,TX,34.0705,-101.8269,239118.0587014853,3773580.085310353,117.20428885421143,155.6,162.8,142.9,140.0,6,True
48191,"Hall, TX",48,TX,34.5308,-100.6811,345718.36739287805,3822295.7861953983,116.35507248166114,85.3,,,,1,False
48193,"Hamilton, TX",48,TX,31.7048,-98.1107,584268.6747298829,3508059.4710912844,122.37689245058553,45.5,61.9,57.9,47.3,3,False
48195,"Hansford, TX",48,TX,36.2775,-101.3545,288522.44460830325,4017299.857158665,138.0369878471711,164.1,141.6,137.4,175.6,9,False
48197,,48,TX,34.2903,-99.7457,431370.6509859323,3794596.2461093115,123.11809566337884,,,,,-1,False
48199,,48,TX,30.3324,-94.3902,943351.2691672088,3364638.189060432,123.61574169399715,,,,,-1,False
48203,,48,TX,32.5482,-94.3713,934784.6500455278,3610663.40446206,105.1696467278054,,,,,-1,False
48205,"Hartley, TX",48,TX,35.84,-102.6029,174556.5813333845,3972198.244741275,156.11546917295433,175.4,172.0,158.0,175.0,10,False
48207,,48,TX,33.1782,-99.7303,431915.1435216475,3671279.958142542,115.81467551468208,,,,,-1,False
48209,"Hays, TX",48,TX,30.0582,-98.0311,593395.8209262518,3325629.9733007713,126.36881712642229,64.5,81.9,54.6,67.3,9,False
48211,,48,TX,35.8376,-100.2705,385255.56232841546,3966681.0922372444,118.997170226488,,,,,-1,False
48213,,48,TX,32.2121,-95.8538,796554.0828525303,3568288.6508018146,107.33414473245182,,,,,-1,False
48217,"Hill, TX",48,TX,31.9907,-97.1324,676436.4165175931,3540928.599924829,121.5192300043179,97.6,86.6,63.0,79.2,5,False
48219,,48,TX,33.6076,-102.3432,189781.6706640885,3723661.7825837405,134.7637369254312,,,,,-1,False
48221,,48,TX,32.4299,-97.8323,609781.0314153691,3588688.4475282035,115.19717295297365,,,,,-1,False
48223,,48,TX,33.1495,-95.564,820512.1844285349,3673119.805364977,102.09444290969451,,,,,-1,False
48225,"Houston, TX",48,TX,31.3178,-95.4227,840475.3263623175,3470352.227577353,116.9874121834829,,,,55.5,3,False
48227,,48,TX,32.3062,-101.4355,270691.97456938925,3576982.1314738244,119.1490286322166,,,,,-1,False
48231,"Hunt, TX",48,TX,33.1236,-96.0854,771937.1273276515,3668770.940268221,108.69907613856054,91.7,53.1,22.5,,8,False
48233,"Hutchinson, TX",48,TX,35.84,-101.3547,287329.6499174592,3968761.981560459,128.0961915619897,,167.0,161.9,128.7,9,False
48235,,48,TX,31.3039,-100.9824,311333.46501287265,3464978.737424657,148.69698013240094,,,,,-1,False
48237,,48,TX,33.2335,-98.1725,577098.4209496045,3677478.4031095738,117.96044102518074,,,,,-1,False
48251,"Johnson, TX",48,TX,32.379,-97.3663,653682.5196069897,3583619.76073296,116.94910342699666,,72.1,75.6,77.3,10,True
48253,,48,TX,32.7399,-99.8787,417674.1570075672,3622794.264726774,115.28713647101041,,,,,-1,False
48257,"Kaufman, TX",48,TX,32.5996,-96.2879,754531.4098134177,3610147.0565586225,105.84413073326976,55.9,50.0,,58.3,9,False
48259,,48,TX,29.9447,-98.7116,527830.9809629067,3312692.6539545557,120.72214228263603,,,,,-1,False
48263,,48,TX,33.1814,-100.7776,334273.9091244701,3672804.5219197967,114.99823004093129,,,,,-1,False
48265,,48,TX,30.0615,-99.3501,466254.3995290787,3325651.7286699163,131.51128877338994,,,,,-1,False
48267,,48,TX,30.4868,-99.7487,428143.6536149634,3372966.935251025,141.5654247967918,,,,,-1,False
48269,,48,TX,33.6165,-100.2558,383507.39984041185,3720342.435822271,109.32942165184822,,,,,-1,False
48271,,48,TX,29.3502,-100.418,362347.6465313396,3247620.7947051437,180.0735388373593,,,,,-1,False
48275,,48,TX,33.6061,-99.7414,431218.16447174625,3718728.839487869,112.96801119229232,,,,,-1,False
48277,"Lamar, TX",48,TX,33.6671,-95.5711,817955.054159438,3730523.7803974506,109.56665740812416,96.6,101.7,59.3,90.0,6,True
48279,"Lamb, TX",48,TX,34.0686,-102.3517,190660.6050509953,3774834.2142436714,135.0463042665062,139.9,162.7,153.1,132.3,3,False
48281,,48,TX,31.1962,-98.2414,572272.8406589213,3451593.983898695,122.048143009609,,,,,-1,False
48285,"Lavaca, TX",48,TX,29.3843,-96.9301,700880.6973899327,3252344.88725965,114.68602024098797,73.5,74.6,79.9,70.6,5,True
48287,"Lee, TX",48,TX,30.3107,-96.9657,695609.7689676716,3354967.283144871,107.47258869126757,60.9,73.5,73.6,83.0,6,True
48289,,48,TX,31.2965,-95.9957,785978.205475643,3466359.3240245744,120.19502713011083,,,,,-1,False
48291,"Liberty, TX",48,TX,30.1516,-94.8122,903467.4879372092,3342998.5921374406,124.59414489530165,45.1,39.6,85.0,70.8,7,False
48293,"Limestone, TX",48,TX,31.5455,-96.5805,729685.960597335,3492597.7349913316,118.5813316356439,55.4,81.6,47.3,68.9,4,True
48295,,48,TX,36.2777,-100.2731,385659.30192370235,4015501.8730487432,134.79545988019618,,,,,-1,False
48299,,48,TX,30.7056,-98.684,530259.6290364682,3397018.371932054,121.01231386837864,,,,,-1,False
48301,,48,TX,31.8492,-103.58,66482.02879754704,3532876.015681856,187.84593828707523,,,,,-1,False
48303,"Lubbock, TX",48,TX,33.6102,-101.8205,238308.00314897703,3722504.2689861218,116.6788498453856,116.2,114.6,,121.8,8,False
48305,,48,TX,33.1768,-101.8161,237414.86994794803,3674420.281994328,123.69676408234633,,,,,-1,False
48307,,48,TX,31.1989,-99.3474,466904.0322290843,3451697.364668645,130.19656811812357,,,,,-1,False
48309,"Mclennan, TX",48,TX,31.5524,-97.2018,670682.3059943761,3492226.1864742166,122.41758146950856,84.2,84.3,68.4,93.2,-1,False
48313,,48,TX,30.9656,-95.9284,793405.3730494857,3429838.533224226,120.95514483723522,,,,,-1,False
48315,,48,TX,32.798,-94.3572,934894.6087724451,3638450.815106675,100.94685345474804,,,,,-1,False
48317,,48,TX,32.306,-101.9512,222120.0766137549,3578181.1284957714,126.57013241427579,,,,,-1,False
48319,,48,TX,30.7177,-99.2261,478351.7722471465,3398338.505496775,128.11159405280728,,,,,-1,False
48325,"Medina, TX",48,TX,29.3557,-99.1101,489313.1838239366,3247400.207622825,130.20403827915092,107.8,93.2,69.4,86.8,7,False
48327,,48,TX,30.8898,-99.8206,421569.32973335916,3417677.4665181884,134.6314284661397,,,,,-1,False
48329,,48,TX,31.8692,-102.0316,213183.7587909277,3529946.2439744077,142.12928491982484,,,,,-1,False
48331,"Milam, TX",48,TX,30.7863,-96.9769,693586.0379516241,3407668.7792946147,120.26044578063922,72.7,80.1,82.1,94.6,3,False
48333,,48,TX,31.4952,-98.5955,538415.1760769305,3484555.4877440576,126.2408753993472,,,,,-1,False
48335,,48,TX,32.3062,-100.9212,319123.4118908257,3575997.5534427282,115.51594349990724,,,,,-1,False
48337,,48,TX,33.6757,-97.7246,618229.9114596946,3726928.909681721,116.05539098519338,,,,,-1,False
48339,,48,TX,30.3002,-95.503,836361.0372886208,3357233.6404972156,120.19502713011083,,,,,-1,False
48341,"Moore, TX",48,TX,35.8377,-101.8929,238701.41222601105,3969811.4026964614,146.58757708554012,168.3,163.8,166.0,163.6,9,False
48343,,48,TX,33.1135,-94.7326,898281.0104582834,3671981.5027446793,102.86140053157291,,,,,-1,False
48345,,48,TX,34.0741,-100.7798,335772.2704330367,3771801.449152102,110.62142925334433,,,,,-1,False
48347,"Nacogdoches, TX",48,TX,31.616,-94.6158,916011.7867504435,3506227.2951486628,124.18000577926882,,,,38.9,4,False
48349,"Navarro, TX",48,TX,32.047,-96.4724,738657.5388298109,3548439.6759499335,119.20242796794844,91.3,70.1,66.4,73.2,6,True
48351,,48,TX,30.7863,-93.7448,1003146.5255446695,3417750.1165623106,124.18000577926882,,,,,-1,False
48353,,48,TX,32.3035,-100.406,367629.36508358933,3574945.2408533734,119.84617534979252,,,,,-1,False
48357,"Ochiltree, TX",48,TX,36.2784,-100.8156,336933.1089223309,4016356.867017582,134.12509916047122,146.2,167.2,151.1,155.9,9,False
48359,,48,TX,35.405,-102.6029,172786.11300277425,3923922.528651177,149.3795606168061,,,,,-1,False
48363,,48,TX,32.7532,-98.313,564355.4002430475,3624135.958474484,116.05539098519338,,,,,-1,False
48365,,48,TX,32.1624,-94.3056,942843.9418904851,3568107.246372413,110.0813078296856,,,,,-1,False
48103,,48,TX,31.4285,-102.5155,165802.7843898596,3482442.3392092222,155.370304413298,,,,,-1,False
48369,"Parmer, TX",48,TX,34.5301,-102.7845,152604.58333322167,3827443.9782193806,146.4093162762902,173.6,172.9,167.7,160.9,4,False
48371,,48,TX,30.7811,-102.7236,143592.8433402988,3411274.784896536,184.4566450395591,,,,,-1,False
48373,"Polk, TX",48,TX,30.7928,-94.83,899120.4461207868,3414082.921880132,119.20395153284443,72.1,88.5,,,3,False
48375,"Potter, TX",48,TX,35.4013,-101.894,237176.43989824608,3921394.2588928747,137.72904543569427,165.3,,,,5,False
48379,,48,TX,32.8703,-95.7934,800049.5553271477,3641468.4081435683,102.86140053157291,,,,,-1,False
48381,"Randall, TX",48,TX,34.9659,-101.8969,235504.4812624356,3873095.4074980523,131.4326340241941,,,,144.2,10,False
48383,,48,TX,31.3662,-101.523,260028.67707239994,3472938.4578753277,148.32693155047414,,,,,-1,False
48385,,48,TX,29.8318,-99.8221,420575.60082967824,3300431.132687867,145.32291207303876,,,,,-1,False
48387,"Red River, TX",48,TX,33.6207,-95.0504,866463.2077136886,3727101.501023383,110.91946964244276,113.2,74.0,20.7,26.0,2,True
48393,,48,TX,35.8385,-100.8135,336212.28054745286,3967553.9420796605,120.47732472360323,,,,,-1,False
48395,"Robertson, TX",48,TX,31.027,-96.5128,737411.4630076893,3435251.3290209756,122.00672883146972,111.6,89.2,69.6,91.6,2,False
48397,"Rockwall, TX",48,TX,32.8978,-96.4077,742474.8468760262,3642937.6631331374,115.37115364610975,,,58.1,,10,False
48399,,48,TX,31.8311,-99.9762,407622.06615615275,3522129.7345431386,133.1162254727362,,,,,-1,False
48401,,48,TX,32.1078,-94.7618,900011.3350826653,3560256.9385205186,111.73796254802734,,,,,-1,False
48403,,48,TX,31.3432,-93.8518,990013.887303107,3479108.4981508697,125.76530541296876,,,,,-1,False
48405,,48,TX,31.3943,-94.1682,959614.7821874972,3483411.9343522894,119.85310123383236,,,,,-1,False
48407,,48,TX,30.5796,-95.1669,867659.6518000308,3389274.9805147112,125.64807915477934,,,,,-1,False
48411,,48,TX,31.1552,-98.8176,517384.7578923166,3446816.515338671,129.89890209191645,,,,,-1,False
48413,,48,TX,30.8975,-100.5385,352960.1859461396,3419256.3345083036,146.96054254641433,,,,,-1,False
48415,,48,TX,32.7463,-100.9164,320453.3075237173,3624786.8959300476,114.48440837937933,,,,,-1,False
48417,,48,TX,32.736,-99.3541,466823.2044113478,3622075.937665307,116.1637563495966,,,,,-1,False
48419,,48,TX,31.7924,-94.145,959857.3772455712,3527704.946283264,118.1694331856813,,,,,-1,False
48421,"Sherman, TX",48,TX,36.2777,-101.8935,240099.68103067475,4018635.1757110767,143.02523758987357,141.2,139.4,150.7,160.6,7,False
48423,,48,TX,32.375,-95.2692,851058.7840499948,3588128.199560746,104.53062088843494,,,,,-1,False
48425,,48,TX,32.2223,-97.7744,615488.1215649369,3565735.075133658,118.15388466092823,,,,,-1,False
48429,,48,TX,32.7359,-98.8362,515346.94664232706,3622021.2751715733,121.52991596682935,,,,,-1,False
48431,,48,TX,31.8279,-101.05,305987.2251164987,3523190.8504528455,127.28526709489812,,,,,-1,False
48433,,48,TX,33.1791,-100.2533,383155.2851892359,3671841.704641292,115.26570225820332,,,,,-1,False
48435,,48,TX,30.4983,-100.5382,352382.28666219953,3375008.927013332,154.11638485649712,,,,,-1,False
48437,"Swisher, TX",48,TX,34.5304,-101.735,248974.95729911132,3824365.893317713,125.36452302837446,172.8,161.6,144.4,148.5,4,False
48439,"Tarrant, TX",48,TX,32.7704,-97.2919,659985.4734231101,3627124.9654097976,110.91982058886018,,,37.0,47.6,10,False
48441,,48,TX,32.3015,-99.8901,416200.1225476539,3574203.343582894,121.4461082765257,,,,,-1,False
48443,,48,TX,30.225,-102.0765,203879.65604314004,3347722.0829842547,202.84942002765146,,,,,-1,False
48445,,48,TX,33.1738,-102.3352,188980.800646236,3675511.3049423154,140.91836549681238,,,,,-1,False
48447,,48,TX,33.1775,-99.2124,480198.28350641177,3670984.976673573,116.02779455717416,,,,,-1,False
48449,,48,TX,33.2166,-94.9657,876069.0837642611,3682559.7938382085,101.40958951978098,,,,,-1,False
48451,"Tom Green, TX",48,TX,31.4044,-100.4621,361004.6371583112,3475345.2568624457,140.35807732172606,,,,75.0,8,False
48453,"Travis, TX",48,TX,30.3347,-97.7819,617091.0399487405,3356502.4502472295,117.08201759572692,65.9,80.0,82.7,72.1,9,True
48455,,48,TX,31.0889,-95.1355,868717.2906113251,3445881.2852582945,118.57953988161164,,,,,-1,False
48457,,48,TX,30.7713,-94.3765,942667.6662672146,3413406.8127123252,116.9874121834829,,,,,-1,False
48459,,48,TX,32.7363,-94.9414,880394.3127634746,3629346.9204474133,101.072061847925,,,,,-1,False
48461,,48,TX,31.3688,-102.0431,210548.5022270147,3474479.011573934,152.74367981036394,,,,,-1,False
48463,"Uvalde, TX",48,TX,29.3574,-99.7622,426017.4467543763,3247824.7891116505,152.16625276216024,104.0,93.5,100.9,76.5,3,False
48465,,48,TX,29.893,-101.1517,292226.4881689807,3308873.9418735015,184.85390575244014,,,,,-1,False
48467,,48,TX,32.5637,-95.8365,797030.8494323937,3607336.6885455926,99.75087129820393,,,,,-1,False
48471,"Walker, TX",48,TX,30.739,-95.5722,828220.59638955,3405699.23364975,119.47394148447606,,96.7,,,6,False
48473,"Waller, TX",48,TX,30.011,-95.9877,790564.6833845288,3323826.814310041,120.42041847075996,114.5,106.6,78.3,90.8,7,False
48475,,48,TX,31.5095,-103.1024,110305.64949580486,3493368.7176920157,175.0016409847666,,,,,-1,False
48477,"Washington, TX",48,TX,30.2145,-96.4036,749918.9989823357,3345404.9626283613,124.65923692138702,53.6,70.0,74.2,75.6,7,False
48481,"Wharton, TX",48,TX,29.2779,-96.2221,769895.9494606014,3241976.4975917214,136.08374642746892,97.8,83.4,106.0,109.7,8,False
48483,,48,TX,35.4013,-100.2697,384703.14732516627,3918287.320382707,117.97454771522294,,,,,-1,False
48485,,48,TX,33.988,-98.7032,527412.7365148931,3760865.133782014,129.60829927038452,,,,,-1,False
48487,,48,TX,34.0807,-99.241,477765.21621558507,3771130.096315701,109.87392438262295,,,,,-1,False
48491,"Williamson, TX",48,TX,30.6481,-97.6008,634070.5544869453,3391438.2468672786,122.6925824847177,82.2,87.5,76.4,90.2,10,False
48493,"Wilson, TX",48,TX,29.1741,-98.0866,588817.598660098,3227619.777778674,124.77191529629253,73.9,94.1,38.3,28.9,7,False
48495,,48,TX,31.85,-103.0482,116862.44726522453,3530959.3406095947,160.56656174171314,,,,,-1,False
48497,,48,TX,33.2159,-97.6544,625397.9522484761,3676028.769306603,119.75552963812441,,,,,-1,False
48499,,48,TX,32.7864,-95.3821,838874.9611904215,3633405.9331845082,98.56921948039712,,,,,-1,False
48501,,48,TX,33.1729,-102.8278,143014.62371956935,3676985.6108929436,150.4375486503711,,,,,-1,False
48503,,48,TX,33.1767,-98.6878,529106.2085963003,3670919.5950300423,116.71419676011587,,,,,-1,False
48087,,48,TX,34.9649,-100.2701,384048.5168428034,3869887.1904927758,117.8645989669005,,,,,-1,False
48085,"Collin, TX",48,TX,33.1878,-96.5724,726321.9729848087,3674732.221193546,107.28149721158346,96.3,57.2,57.0,49.4,10,True
48083,,48,TX,31.7732,-99.4536,457049.7252321875,3515386.5976470374,127.4297763274392,,,,,-1,False
48081,,48,TX,31.8885,-100.5299,355310.509441309,3529097.4911334245,129.63276264800504,,,,,-1,False
48079,,48,TX,33.6041,-102.8285,144711.41688904288,3724836.244639048,150.02146357546138,,,,,-1,False
48077,,48,TX,33.7854,-98.2084,573286.7584857427,3738643.507534396,117.87418258110488,,,,,-1,False
48075,,48,TX,34.5292,-100.2076,389174.11127674533,3821497.222572768,114.12200769974966,,,,,-1,False
48073,,48,TX,31.837,-95.1652,862977.7245998508,3528782.128076793,120.25890495545065,,,,,-1,False
48069,"Castro, TX",48,TX,34.53,-102.2617,200614.41722120886,3825757.3511547353,134.1175483249884,164.4,166.8,154.2,165.8,3,False
48067,,48,TX,33.0775,-94.3436,934795.5955645195,3669534.1727982354,102.66173510514305,,,,,-1,False
48065,"Carson, TX",48,TX,35.4035,-101.3542,286215.30322886456,3920336.465563002,123.1150450386471,118.4,117.9,134.6,124.5,9,False
48063,,48,TX,32.9732,-94.9785,875912.0068144079,3655502.9579403484,104.8180085640738,,,,,-1,False
48059,,48,TX,32.2977,-99.3735,464835.286122525,3573495.5104835145,118.18147413736723,,,,,-1,False
48055,"Caldwell, TX",48,TX,29.8372,-97.62,633321.0721935498,3301544.938001631,120.5645189086798,103.0,93.1,54.0,65.4,5,False
48053,,48,TX,30.7883,-98.1824,578226.2227070197,3406426.345249576,120.1752690533599,,,,,-1,False
48051,"Burleson, TX",48,TX,30.4924,-96.621,728339.9014478055,3375755.619893337,112.90258511770195,91.2,100.0,76.1,89.3,4,True
48049,,48,TX,31.7743,-98.9998,500018.93719800044,3515418.9962523407,125.33055312304535,,,,,-1,False
48045,"Briscoe, TX",48,TX,34.5303,-101.2086,297298.6497894626,3823172.325539228,117.08221722048562,158.9,155.0,124.8,135.6,3,True
48041,"Brazos, TX",48,TX,30.6611,-96.3023,758491.2432068485,3395149.012033523,116.70161988235226,94.6,87.3,77.7,93.8,5,True
48037,"Bowie, TX",48,TX,33.4454,-94.4229,925591.239926753,3710046.868299839,108.72758063504935,60.9,71.3,140.0,69.0,8,True
48035,"Bosque, TX",48,TX,31.9004,-97.6343,629142.3566928107,3530209.303584018,114.1033138210114,55.2,60.0,31.2,55.6,6,True
48033,,48,TX,32.7437,-101.4317,272157.6165235807,3625490.179294731,120.28693341823727,,,,,-1,False
48031,,48,TX,30.2664,-98.3998,557733.1850838412,3348457.6446885355,122.90855447533447,,,,,-1,False
48029,"Bexar, TX",48,TX,29.4491,-98.5199,546558.42791438,3257839.620898559,121.95969695644852,75.0,77.4,69.8,74.4,9,False
48027,"Bell, TX",48,TX,31.0377,-97.4782,645231.1225412763,3434774.6401408277,120.82821190908797,80.4,86.3,79.8,84.7,8,False
48023,,48,TX,33.6165,-99.2135,480195.5601061632,3719656.011511912,111.02888323610544,,,,,-1,False
48021,"Bastrop, TX",48,TX,30.1036,-97.3121,662636.46558913,3331466.9246909963,113.30262637540876,78.4,82.5,63.0,58.5,8,True
48019,,48,TX,29.7472,-99.2462,476194.5892060777,3290798.979280553,126.9010216782252,,,,,-1,False
48017,"Bailey, TX",48,TX,34.0685,-102.8298,146511.67084409785,3776375.104663624,149.22477569655646,169.5,138.0,149.8,148.3,4,False
48015,"Austin, TX",48,TX,29.887,-96.278,762877.6621195683,3309377.143640677,120.26044578063922,78.5,80.0,73.0,92.6,8,False
48011,"Armstrong, TX",48,TX,34.9649,-101.3574,284770.5171735672,3871688.892686809,115.8417636713887,,,169.2,,7,False
48009,,48,TX,33.6153,-98.6877,528969.6424421364,3719546.247131905,117.76788748370475,,,,,-1,False
48005,,48,TX,31.2548,-94.6118,917996.0589830624,3466155.916371258,121.75439484896549,,,,,-1,False
48003,,48,TX,32.305,-102.6378,157433.26337459212,3580060.163011844,147.20001561765847,,,,,-1,False
48001,"Anderson, TX",48,TX,31.8134,-95.6525,816908.621383918,3524636.452026959,119.47394148447606,96.3,77.6,43.2,79.5,7,True
48089,"Colorado, TX",48,TX,29.6208,-96.5263,739522.7983271115,3279324.7463253797,117.36721189491642,98.5,102.3,92.2,96.6,5,True
48245,,48,TX,29.8838,-94.1722,966451.4036589137,3315715.6294601224,158.05125862694143,,,,,-1,False
48091,"Comal, TX",48,TX,29.8082,-98.2781,569760.0234476669,3297751.1361165247,113.63590596012342,81.9,89.8,41.1,48.1,10,True
48093,"Comanche, TX",48,TX,31.948,-98.5583,541744.6382424771,3534757.054275727,122.13784575921348,,,60.0,25.0,2,False
48095,,48,TX,31.3265,-99.8639,417807.7634635144,3466109.4283558377,131.98104465639054,,,,,-1,False
48097,,48,TX,33.6393,-97.2126,665767.3780758342,3723596.0778965615,110.841444310672,,,,,-1,False
48099,"Coryell, TX",48,TX,31.3909,-97.7992,614169.2144870851,3473548.0045423745,117.07694419516531,82.9,79.0,59.6,67.6,7,True
48101,,48,TX,34.0777,-100.2787,382018.7771712693,3771508.9979756777,111.02888323610544,,,,,-1,False
48367,,48,TX,32.7777,-97.8051,611905.0403405157,3627274.9696713667,116.11221594523647,,,,,-1,False
56015,"Goshen, WY",56,WY,42.088,-104.3533,57197.893008997315,4673433.512315897,183.9361880527182,119.7,117.7,130.8,96.9,2,False
56027,"Niobrara, WY",56,WY,43.0565,-104.4754,54071.890834809165,4781659.026262452,190.2970642322763,102.0,95.0,108.0,90.0,1,False
56041,,56,WY,41.2876,-110.5476,-467761.4947757793,4635504.368610688,187.0978773063567,,,,,-1,False
48361,,48,TX,30.1281,-93.8965,991912.1715917592,3343994.7855409095,142.78281965604637,,,,,-1,False
30053,,30,MT,48.5425,-115.4051,-708626.1756291909,5507966.824349008,246.97647940290423,,,,,-1,False
48039,"Brazoria, TX",48,TX,29.1913,-95.4551,844751.4817374478,3234386.126490858,158.55251296669152,80.6,45.1,95.0,72.7,10,False
48071,"Chambers, TX",48,TX,29.739,-94.6073,924982.8652315357,3297956.2549944823,158.2644289342753,,,85.0,,10,False
48167,"Galveston, TX",48,TX,29.3941,-94.965,891677.6239109973,3258426.1228552572,163.15329799934028,,,,24.9,10,False
08085,"Montrose, CO",08,CO,38.4022,-108.2694,-310168.1671227092,4291350.948097082,185.97236008908848,136.5,137.5,140.0,136.0,5,False
08113,,08,CO,38.0038,-108.4058,-326656.9308411357,4248227.823075469,188.22639448170247,,,,,-1,False
08051,,08,CO,38.6668,-107.0317,-199231.39086211263,4310535.028157504,158.76078940625143,,,,,-1,False
08005,"Arapahoe, CO",08,CO,39.6497,-104.3381,41897.6784577496,4402517.205345331,154.3337078118179,120.0,,,,10,False
08123,"Weld, CO",08,CO,40.5549,-104.3925,43340.465992621204,4503343.159197134,155.20825546428696,147.0,149.8,157.0,146.5,7,False
08039,,08,CO,39.2866,-104.1359,56954.737817458226,4361173.759157109,142.27990877353176,,,,,-1,False
08093,,08,CO,39.1193,-105.7172,-80948.31586522853,4351556.5589415375,125.86946623097677,,,,,-1,False
08019,,08,CO,39.6891,-105.6444,-69964.07743511326,4414408.907916105,135.9646321898312,,,,,-1,False
08001,"Adams, CO",08,CO,39.8736,-104.3379,43401.078651195916,4427385.53645492,154.65737231789802,140.0,140.0,141.0,130.0,8,False
08073,"Lincoln, CO",08,CO,38.988,-103.514,108973.86075976462,4325147.226267801,152.06598092689592,155.0,160.0,162.0,140.0,3,False
08049,,08,CO,40.1026,-106.1184,-106980.18546755775,4463501.713084272,159.09679503048102,,,,,-1,False
08059,,08,CO,39.5865,-105.2506,-36954.631733968155,4400569.592365193,125.10894113389193,,,,,-1,False
08053,,08,CO,37.8213,-107.3003,-231143.46081621991,4218592.260287193,168.58592703045449,,,,,-1,False
08091,,08,CO,38.1555,-107.7693,-269002.29435437825,4259585.946997701,175.91973496283185,,,,,-1,False
08007,,08,CO,37.1936,-107.0483,-214920.21865895938,4146817.8529662853,168.78021561344295,,,,,-1,False
08029,"Delta, CO",08,CO,38.8613,-107.863,-269609.9409388519,4338900.106812376,176.02873702827853,152.0,150.9,150.0,150.0,2,False
08077,"Mesa, CO",08,CO,39.0183,-108.4665,-320279.6392522495,4361686.48269515,195.63647054016386,135.0,140.0,135.0,142.0,6,False
08037,,08,CO,39.6278,-106.6953,-160791.43268584087,4414844.258729968,156.7060201962427,,,,,-1,False
08033,,08,CO,37.7516,-108.5172,-339359.11514498375,4221159.14774633,214.21597101991384,,,,,-1,False
08083,,08,CO,37.3384,-108.5968,-351136.01444477285,4175878.7393386997,215.2523568362532,,,,,-1,False
08107,,08,CO,40.4851,-106.9912,-177619.059680472,4512389.425939925,196.36920859960208,,,,,-1,False
08117,,08,CO,39.6342,-106.1163,-110967.24600086547,4411429.57573231,142.13887873471202,,,,,-1,False
08081,,08,CO,40.6184,-108.2073,-279303.7057313054,4537352.622251614,231.93245633582765,,,,,-1,False
08069,"Larimer, CO",08,CO,40.6664,-105.4612,-46302.44665297412,4521844.486967628,158.83084309400982,129.0,141.0,143.0,138.0,8,False
08057,,08,CO,40.6664,-106.3428,-120900.00536197005,4527729.206752512,177.61740561120672,,,,,-1,False
08035,"Douglas, CO",08,CO,39.3297,-104.9295,-11234.840497898753,4370163.833543769,133.72721581393998,,130.0,120.0,120.0,10,False
08067,"La Plata, CO",08,CO,37.2866,-107.8435,-284725.3762999859,4163521.5451988927,194.48616330449846,105.0,130.0,125.0,130.0,-1,False
08013,"Boulder, CO",08,CO,40.0925,-105.3575,-42131.74299680954,4457437.933744319,138.1481885118768,131.0,146.0,144.0,135.0,10,False
08119,,08,CO,38.8822,-105.1618,-34664.15176509449,4321790.0993805425,134.4960875134583,,,,,-1,False
08027,,08,CO,38.1087,-105.3674,-58489.65823128517,4237072.432580103,158.76078940625143,,,,,-1,False
08101,"Pueblo, CO",08,CO,38.1734,-104.5128,16955.764150987437,4239441.76938137,164.9718063916426,147.0,145.0,165.0,140.0,4,False
08055,,08,CO,37.6847,-104.9606,-25798.26830304542,4187586.5462723435,173.95591639462634,,,,,-1,False
08079,,08,CO,37.669,-106.9241,-199395.39447361405,4198753.400530097,156.75197548066274,,,,,-1,False
08021,,08,CO,37.2007,-106.1917,-138655.8657444442,4141443.8220039955,175.91973496283185,,,,,-1,False
08065,,08,CO,39.202,-106.3451,-134562.65569586144,4364979.899893955,142.12467998950638,,,,,-1,False
08109,,08,CO,38.0806,-106.2815,-139008.45224099013,4239877.809426247,155.96482592457934,,,,,-1,False
08043,,08,CO,38.473,-105.4396,-61997.38844049361,4277992.647191227,145.82789542809314,,,,,-1,False
08003,,08,CO,37.5729,-105.7883,-99795.67764295614,4180152.9021849735,168.79717235058942,,,,,-1,False
08015,,08,CO,38.7466,-106.1938,-125496.30607871874,4313305.957904747,145.73766556682304,,,,,-1,False
08105,,08,CO,37.5825,-106.3832,-152346.44451144233,4185210.015876815,180.2865531200878,,,,,-1,False
08041,"El Paso, CO",08,CO,38.8321,-104.5256,20239.997513284034,4312675.8942518085,145.73766556682304,120.0,75.0,110.0,120.0,8,False
08023,,08,CO,37.2781,-105.4283,-70195.09495153558,4145143.9306783453,177.02172565260537,,,,,-1,False
08061,"Kiowa, CO",08,CO,38.4327,-102.7404,173488.65069135,4260455.819631563,158.7088965271888,125.0,130.0,120.0,130.0,4,False
08014,,08,CO,39.954,-105.0525,-17155.46750600444,4440228.537549167,139.4518028123474,,,,,-1,False
08071,"Las Animas, CO",08,CO,37.3159,-104.0387,53384.200944292184,4141839.48100857,174.02189032098966,108.0,100.0,100.0,136.0,1,False
08045,"Garfield, CO",08,CO,39.5993,-107.9039,-265032.8803954165,4421344.2958276225,195.1920528450091,125.0,100.0,,,7,False
08047,,08,CO,39.8576,-105.5226,-58138.021237425855,4432361.254973042,136.78926235922444,,,,,-1,False
08103,,08,CO,39.9798,-108.2172,-287597.9034555545,4466412.37751912,207.66070653851497,,,,,-1,False
08097,,08,CO,39.2171,-106.9166,-183848.75559673482,4370845.116566012,153.19705201745998,,,,,-1,False
16043,,16,ID,44.2288,-111.482,-497050.02603879885,4973656.1659414405,213.1881495952913,,,,,-1,False
30097,,30,MT,45.8137,-109.941,-349858.14180620096,5131887.048412417,210.89676413447756,,,,,-1,False
30095,"Stillwater, MT",30,MT,45.6694,-109.3948,-309554.44584294886,5110134.88105096,216.73406286282673,103.0,101.0,100.0,,9,False
30077,,30,MT,46.8566,-112.9362,-561578.7864549721,5284341.782992029,202.36873027612953,,,,,-1,False
30099,,30,MT,47.8373,-112.2408,-489871.032218653,5383725.194916064,220.14736694592233,,,,,-1,False
30067,,30,MT,45.4884,-110.5263,-400566.42808480805,5102241.610161881,200.9114850523153,,,,,-1,False
30031,,30,MT,45.5403,-111.1703,-449975.37391517905,5115528.924171838,199.03697449419624,,,,,-1,False
30063,,30,MT,47.0364,-113.9237,-632783.3227673741,5318363.489867691,204.20960500586943,,,,,-1,False
30039,,30,MT,46.4045,-113.4403,-609295.5234057985,5241292.112535622,199.67665692359068,,,,,-1,False
30037,,30,MT,46.3812,-109.1749,-282225.90254102787,5186945.844425041,196.79633652145608,,,,,-1,False
30107,,30,MT,46.4664,-109.8444,-332349.1091426279,5203311.421776824,209.69099005987556,,,,,-1,False
30009,"Carbon, MT",30,MT,45.2273,-109.0283,-287208.1381325397,5057358.851851105,219.93076319927133,110.0,104.0,106.0,63.0,3,False
30047,"Lake, MT",30,MT,47.6459,-114.0892,-631933.3980801865,5388326.406271336,212.73899539011333,124.0,,,,4,False
30089,,30,MT,47.6749,-115.1333,-709342.2031199767,5407662.757481051,197.74391603889737,,,,,-1,False
30029,,30,MT,48.2951,-114.0496,-614618.041698985,5459591.812608256,233.14464148552153,,,,,-1,False
30035,,30,MT,48.7058,-112.995,-528239.8066996936,5489992.430384794,274.68350848220285,,,,,-1,False
30073,,30,MT,48.2283,-112.2288,-481403.2497333371,5426889.971470331,241.25445928600627,,,,,-1,False
30049,,30,MT,47.1223,-112.3903,-514929.47464684595,5306436.2075687805,191.93773003440702,,,,,-1,False
30081,,30,MT,46.0817,-114.1207,-668468.5739767952,5215473.826017848,207.2730049321662,,,,,-1,False
30071,,30,MT,48.2591,-107.9133,-161246.32142267982,5383624.083601408,252.29522878828755,,,,,-1,False
30003,"Big Horn, MT",30,MT,45.4235,-107.4897,-164130.57913503912,5065174.248046534,210.58121699035075,105.0,102.0,103.0,80.0,3,False
30087,"Rosebud, MT",30,MT,46.2297,-106.7308,-96051.87614140462,5148694.059437972,216.95657977356697,115.0,106.0,119.0,88.0,10,False
30085,"Roosevelt, MT",30,MT,48.2946,-105.0165,53851.7613388559,5366563.292228493,223.04923728446028,,101.0,,70.0,3,False
30105,"Valley, MT",30,MT,48.3653,-106.6675,-67710.22852442984,5385374.339716766,249.83489581315268,102.0,101.0,,,6,False
35043,"Sandoval, NM",35,NM,35.6887,-106.8659,-212427.2845208639,3978056.0490475567,219.42733634975787,,40.0,60.0,60.0,10,False
35049,"Santa Fe, NM",35,NM,35.5068,-105.9761,-133141.94669210003,3951699.27354141,208.74885628762297,150.0,140.0,150.0,150.0,10,False
35039,"Rio Arriba, NM",35,NM,36.5096,-106.6931,-189479.26457913988,4068108.461258602,184.24324463965095,,22.5,28.0,,4,False
35053,"Socorro, NM",35,NM,34.0072,-106.9303,-233163.76277949533,3791441.2745171525,240.36361955503398,125.0,138.0,125.0,100.0,5,False
35057,"Torrance, NM",35,NM,34.6405,-105.8508,-128400.88659019116,3854592.6637284383,229.39019533036503,119.0,140.0,120.0,120.0,6,False
35061,"Valencia, NM",35,NM,34.7154,-106.8091,-215833.12332119222,3869366.6313622002,254.6314228324982,79.0,75.0,76.0,65.0,9,False
35001,"Bernalillo, NM",35,NM,35.0515,-106.6702,-200193.8914117423,3905766.181338529,241.5010830384157,66.1,66.0,70.0,15.0,10,False
35006,"Cibola, NM",35,NM,34.9126,-107.9997,-323279.2082408236,3900537.3312449227,269.06461306264174,77.5,38.3,49.0,56.3,2,False
35059,"Union, NM",35,NM,36.4818,-103.471,99384.74065365689,4046693.7199023934,186.24314030317257,135.0,190.0,180.0,190.0,4,False
35045,"San Juan, NM",35,NM,36.5085,-108.3206,-335693.6834919648,4080998.454270432,211.89554890324618,139.4,143.0,159.2,164.3,8,False
35027,,35,NM,33.7453,-105.4592,-98755.61577583209,3752712.1108411914,245.05766650149735,,,,,-1,False
35003,"Catron, NM",35,NM,33.9153,-108.4047,-370842.8498827579,3792859.521010117,275.0332298236506,,70.0,70.0,70.0,4,False
35051,,35,NM,33.1305,-107.1925,-265234.16524422716,3695779.5549018304,281.4921042158263,,,,,-1,False
48389,,48,TX,31.323,-103.6931,53254.41254525189,3474924.223590795,197.9333244096402,,,,,-1,False
48109,,48,TX,31.4472,-104.5173,-24612.579920382355,3492367.799399745,235.8405039144288,,,,,-1,False
48043,,48,TX,29.8119,-103.2517,88970.1894392143,3305533.305803995,274.83622403763906,,,,,-1,False
48243,,48,TX,30.7154,-104.14,7535.265589575749,3409363.5216464233,260.3741449505769,,,,,-1,False
48377,,48,TX,29.9998,-104.2405,-5789.992775570194,3330348.926607333,298.78921982543505,,,,,-1,False
49047,"Uintah, UT",49,UT,40.1247,-109.5186,-397071.9222436609,4494992.657456228,220.14133287697985,84.0,100.0,86.0,97.1,5,False
56013,"Fremont, WY",56,WY,43.0405,-108.6304,-284686.8374123612,4810543.081113236,253.28813837857226,104.0,91.0,95.0,92.1,4,False
56037,,56,WY,41.6595,-108.8794,-323001.9667566926,4659385.925071928,241.20260006523975,,,,,-1,False
56025,"Natrona, WY",56,WY,42.9622,-106.7985,-136170.54864937614,4786218.288760838,257.3189815043648,76.0,80.0,90.0,85.0,8,False
56023,,56,WY,42.2624,-110.6556,-461920.9141837023,4745193.974089341,188.3986457873607,,,,,-1,False
56039,,56,WY,43.9337,-110.5901,-430469.3203440083,4930264.797019677,195.59152420960226,,,,,-1,False
56035,,56,WY,42.7669,-109.9147,-393398.05758492614,4793078.820027088,213.57740101899788,,,,,-1,False
56029,"Park, WY",56,WY,44.5206,-109.5886,-341537.3635423988,4984537.082841054,210.91978610855998,96.2,84.3,97.0,92.0,6,False
56017,"Hot Springs, WY",56,WY,43.7189,-108.442,-260715.32749016176,4884175.036698593,253.19947708200507,99.0,89.0,98.0,91.0,4,False
56043,"Washakie, WY",56,WY,43.905,-107.6829,-197351.3795817556,4898108.6500405185,259.68022335837503,106.0,95.0,96.3,85.0,5,False
56019,"Johnson, WY",56,WY,44.0388,-106.5846,-107750.26359313726,4904228.901726549,248.51812108486942,,,,85.0,3,False
56003,"Big Horn, WY",56,WY,44.5268,-107.9952,-214813.25205289852,4969898.397964579,227.27529443571706,103.0,99.9,107.0,79.1,2,False
56045,"Weston, WY",56,WY,43.8404,-104.5679,52374.86723955971,4869236.0227435585,206.01290738290527,95.0,,,,6,False
56011,"Crook, WY",56,WY,44.5891,-104.5708,57798.72984569112,4952421.916628483,201.27829565637586,92.0,87.0,,87.0,4,False
56007,,56,WY,41.6946,-106.9306,-160166.03767558385,4646362.762855597,240.02942218435953,,,,,-1,False
56001,,56,WY,41.6545,-105.7239,-60009.49350366893,4633310.269787877,200.95772929523292,,,,,-1,False
56009,"Converse, WY",56,WY,42.9723,-105.5071,-30701.949468493927,4778326.932673711,216.00722732395067,,92.0,126.0,91.0,8,False
56005,"Campbell, WY",56,WY,44.2476,-105.5488,-22885.509356824157,4920270.975119777,223.48464128100684,90.0,,,,10,False
56021,"Laramie, WY",56,WY,41.3071,-104.6896,23622.523139484925,4588489.548862628,172.8504427136196,119.0,112.1,127.0,102.0,7,False
56033,"Sheridan, WY",56,WY,44.79,-106.8795,-123301.60094959324,4989913.659991758,224.72227085994317,91.0,89.0,,,5,False
35031,"Mckinley, NM",35,NM,35.5806,-108.2619,-340332.9574955661,3977154.5292586223,260.12424156153804,37.2,22.0,23.6,12.5,-1,False
35055,,35,NM,36.5783,-105.6309,-93619.24772772833,4068616.3270615675,194.24505202392507,,,,,-1,False
56031,"Platte, WY",56,WY,42.1331,-104.9658,6868.099166904227,4681810.2651486015,193.25321060305436,108.0,97.0,104.0,98.1,3,False
48163,"Frio, TX",48,TX,28.8678,-99.1083,489438.1900683326,3193343.9522176515,137.80250419759952,73.8,70.6,63.4,84.7,1,False
48175,"Goliad, TX",48,TX,28.6571,-97.4264,653782.1482970844,3171009.1021125657,132.1297093259937,86.2,65.9,52.1,47.3,6,False
48255,"Karnes, TX",48,TX,28.9057,-97.8594,611198.9865223177,3198073.111425555,124.99392615769014,61.4,74.2,35.0,29.2,2,False
48297,"Live Oak, TX",48,TX,28.3514,-98.1248,585772.9513067113,3136440.8530884804,135.42903383272485,51.9,57.1,31.1,10.6,5,False
48323,,48,TX,28.7426,-100.3145,371645.79087623954,3180176.5555166374,204.82756149409295,,,,,-1,False
48507,"Zavala, TX",48,TX,28.8662,-99.7606,425821.23732455424,3193399.574069958,176.58393647659074,97.2,98.3,53.5,62.0,1,False
48013,"Atascosa, TX",48,TX,28.8907,-98.5279,546031.0779622076,3195967.835840942,130.80381496406773,78.0,79.3,73.5,53.6,5,False
48469,"Victoria, TX",48,TX,28.7964,-96.9715,697984.0185975637,3187117.490134065,131.43415637927936,86.8,71.9,59.7,45.9,9,False
48007,,48,TX,28.1358,-96.9975,696665.8606919518,3113866.8550638254,155.84186578301066,,,,,-1,False
48409,"San Patricio, TX",48,TX,28.0095,-97.5188,645631.6794244664,3099138.8815505784,140.4819578048186,102.5,65.9,48.0,17.9,7,False
48391,"Refugio, TX",48,TX,28.3269,-97.1655,679842.4227426341,3134782.0617007143,140.00101699750215,99.0,70.0,75.1,61.5,5,False
48201,"Harris, TX",48,TX,29.7371,-95.1819,869353.4814883464,3295764.531453053,131.70721289756145,112.6,98.0,70.2,62.2,10,False
48141,,48,TX,31.7686,-106.2348,-185892.50717993686,3537661.5632860214,302.8291304182875,,,,,-1,False
48229,,48,TX,31.4562,-105.3865,-107348.13533011882,3497871.7195518212,274.20161714087124,,,,,-1,False
06031,"Kings, CA",06,CA,36.0753,-119.8156,-1386527.0348151522,4199404.24152507,254.8089255168579,134.0,208.0,142.5,148.8,4,False
06099,"Stanislaus, CA",06,CA,37.5592,-120.9978,-1454489.1262582373,4392212.985434386,155.738649927563,138.3,128.0,135.7,136.7,6,False
06113,"Yolo, CA",06,CA,38.6867,-121.9016,-1502552.559346006,4539861.761177051,125.74490257162054,169.6,172.8,170.0,186.7,6,False
16001,"Ada, ID",16,ID,43.4511,-116.2411,-895869.0606068207,4957636.6855644835,226.42079247728984,135.0,132.1,131.9,135.0,10,False
16007,,16,ID,42.2848,-111.3296,-517249.8751076872,4755643.501710036,170.8157878364629,,,,,-1,False
16017,,16,ID,48.2997,-116.601,-802691.9732168457,5501263.549501093,224.36284870797124,,,,,-1,False
16021,,16,ID,48.7669,-116.4629,-780356.2341245182,5550440.885930524,258.72926832677547,,,,,-1,False
16027,"Canyon, ID",16,ID,43.625,-116.7092,-929546.7546523919,4985190.668660575,224.37122456186862,138.5,132.5,127.4,126.7,5,False
16029,,16,ID,42.7705,-111.5622,-528326.7360865978,4812528.285744805,172.5199483866353,,,,,-1,False
16033,,16,ID,44.284,-112.3512,-565481.3387138431,4990900.230527442,192.72183651244524,,,,,-1,False
16047,"Gooding, ID",16,ID,42.9706,-114.8124,-790468.5100346946,4880554.737870142,209.10803550963848,131.0,136.9,136.3,134.0,1,False
16053,"Jerome, ID",16,ID,42.6898,-114.2641,-751463.5964159044,4840814.281394865,198.06956671592607,130.0,138.1,135.3,120.8,2,False
16061,,16,ID,46.237,-116.4262,-842417.9938147506,5270084.896601933,182.32051363546879,,,,,-1,False
16067,"Minidoka, ID",16,ID,42.8544,-113.6375,-696769.2309075701,4849814.456503063,177.52477777474147,100.0,120.0,120.0,,5,False
16071,,16,ID,42.1949,-112.5396,-618846.6082911934,4761088.87095978,179.5065461386535,,,,,-1,False
16075,"Payette, ID",16,ID,44.0067,-116.7608,-924303.3009171728,5028541.891514747,233.3602151164902,142.0,131.9,133.3,133.8,2,False
16079,,16,ID,47.3516,-115.891,-773956.9978109743,5384311.682267479,174.03911743494783,,,,,-1,False
16081,,16,ID,43.7595,-111.2077,-482972.2144241652,4918156.0182735585,201.68842000244288,,,,,-1,False
35009,"Curry, NM",35,NM,34.5741,-103.3468,101165.91719593864,3834409.0937439767,162.89096718557013,177.0,180.0,177.0,177.0,7,False
35011,,35,NM,34.3424,-104.412,1956.861804849701,3813414.8247666983,199.04060460529956,,,,,-1,False
35019,"Guadalupe, NM",35,NM,34.8633,-104.7907,-29602.46616876824,3873212.684045662,205.62279062656202,,70.0,,70.0,1,False
35021,,35,NM,35.858,-103.8199,64654.245391156815,3978939.9295140146,181.91304214145978,,,,,-1,False
35029,"Luna, NM",35,NM,32.1822,-107.7497,-326211.67205884715,3594393.168687926,327.6449261233492,137.0,143.0,145.0,107.0,2,False
35037,"Quay, NM",35,NM,35.1043,-103.5497,85211.21377064096,3894091.950019823,171.15103428118275,144.0,130.0,115.0,130.0,5,False
35041,"Roosevelt, NM",35,NM,34.0213,-103.4802,86207.77083482058,3773580.406187144,170.5060781690505,146.0,140.0,139.0,145.0,4,False
32001,,32,,39.5809,-118.3356,-1166089.093780762,4564200.722302508,230.95653394151415,,,,,-1,False
32009,,32,,37.7847,-117.6324,-1147597.6097848534,4349419.1173427645,279.3989077881342,,,,,-1,False
32013,,32,,41.4068,-118.112,-1100750.4729503174,4764074.830410942,298.0458688943702,,,,,-1,False
32021,,32,,38.5388,-118.4352,-1200716.9957035535,4449268.048506927,222.33500659206697,,,,,-1,False
32029,,32,,39.4466,-119.5291,-1273203.9743089,4573065.377678498,183.17822714995847,,,,,-1,False
32027,,32,,40.4404,-118.4044,-1150257.3726954898,4661755.147434615,276.3042617200009,,,,,-1,False
41025,,41,OR,43.064,-118.9679,-1127571.3764095083,4965742.08486816,274.7636775468218,,,,,-1,False
41001,"Baker, OR",41,OR,44.7092,-117.6753,-979216.8287876609,5123334.716684133,196.60974937135762,120.0,,,,2,False
49043,,49,UT,40.8682,-110.9554,-508492.7548437712,4593515.441597183,195.32818191519695,,,,,-1,False
49033,,49,UT,41.6323,-111.2444,-520747.50259762513,4682005.218384134,174.05776265372967,,,,,-1,False
49031,,49,UT,38.3365,-112.1269,-649500.2330239185,4325641.4820679575,263.32379379906297,,,,,-1,False
53039,"Klickitat, WA",53,WA,45.8738,-120.7893,-1188937.709387608,5316182.596537667,168.6468637475978,150.0,150.0,150.0,131.0,3,False
53019,,53,WA,48.47,-118.5165,-938720.1368466394,5555383.417138951,237.51301113164564,,,,,-1,False
53021,"Franklin, WA",53,WA,46.5348,-118.8989,-1023731.0844618517,5349364.031728191,170.99225360984042,170.0,166.0,170.0,171.0,5,False
53051,,53,WA,48.5323,-117.274,-845921.9372863087,5538909.347514855,239.90031151520097,,,,,-1,False
53065,,53,WA,48.399,-117.8551,-892242.5155430047,5534924.771657083,225.26961850874386,,,,,-1,False
53075,,53,WA,46.9012,-117.523,-908818.408323765,5363327.786233378,173.82968112429825,,,,,-1,False
06051,,06,CA,37.939,-118.8867,-1255633.697185263,4390731.759649347,210.96975156465234,,,,,-1,False
16063,"Lincoln, ID",16,ID,43.0023,-114.1395,-734834.0031239942,4873703.490906212,189.50268699524213,110.0,115.0,125.0,140.0,3,False
16051,"Jefferson, ID",16,ID,43.8201,-112.3113,-570778.582729833,4938818.827746658,184.1153785560373,,,,80.0,7,False
16085,,16,ID,44.7667,-115.5661,-810899.1977950993,5092397.661851947,206.5499441317232,,,,,-1,False
16015,,16,ID,43.9892,-115.7301,-842030.5898307075,5008762.910924127,205.19563906721802,,,,,-1,False
04003,"Cochise, AZ",04,AZ,31.8796,-109.7511,-519472.667666489,3577974.2615419724,398.94678865121614,145.0,149.0,169.0,153.1,6,False
04023,,04,AZ,31.526,-110.8466,-628337.8937884204,3549436.3747235704,453.19009665624606,,,,,-1,False
04009,"Graham, AZ",04,AZ,32.9327,-109.8874,-520338.6809123695,3696918.450028702,333.06804194483266,185.0,175.0,196.0,174.2,2,False
41017,,41,OR,43.9149,-121.2279,-1285428.9684809751,5108972.288161639,213.8130492070888,,,,,-1,False
41031,,41,OR,44.6294,-121.1754,-1258644.5860260446,5187068.686096289,187.28453652524408,,,,,-1,False
04007,,04,AZ,33.7997,-110.8117,-596291.5968700359,3803349.8236568784,341.47627947169497,,,,,-1,False
04013,"Maricopa, AZ",04,AZ,33.3488,-112.4912,-759894.5617862798,3772421.7323167804,394.01009270071194,95.0,85.0,100.0,95.7,10,False
04012,"Lapaz, AZ",04,AZ,33.7292,-113.9813,-893904.2397224451,3834728.6836968698,409.68811029806545,85.0,112.0,107.0,116.0,-1,False
04019,,04,AZ,32.0974,-111.7899,-711167.9172448583,3623804.5903202477,443.85999409897266,,,,,-1,False
04021,"Pinal, AZ",04,AZ,32.9043,-111.3447,-658098.9572885104,3709096.67172829,385.6861294738498,107.0,85.0,97.0,90.0,4,False
04027,"Yuma, AZ",04,AZ,32.7694,-113.9056,-902541.2546039245,3725847.9839864466,448.9632756795552,110.0,98.0,107.0,,7,False
04015,,04,AZ,35.7044,-113.7582,-839730.1632916466,4053181.196546118,350.1869086520381,,,,,-1,False
04025,"Yavapai, AZ",04,AZ,34.5999,-112.5538,-746898.0062646826,3913361.5140151163,374.6483198785333,105.0,115.0,102.0,,5,False
04005,"Coconino, AZ",04,AZ,35.8387,-111.7705,-656300.8896673068,4042244.984261366,327.86628027141643,70.0,,,,9,False
04017,,04,AZ,35.3996,-110.3214,-530246.5038479592,3976775.54618014,317.8217989082526,,,,,-1,False
04001,,04,AZ,35.3957,-109.4888,-454240.70409595734,3967851.7571469275,295.190406702889,,,,,-1,False
06053,"Monterey, CA",06,CA,36.2169,-121.2389,-1513415.5522542167,4245825.705568069,241.7060022316623,,140.0,178.0,150.0,8,False
06041,,06,CA,38.0725,-122.7185,-1593625.5219124614,4490006.185620538,187.27886138725958,,,,,-1,False
06023,,06,CA,40.6984,-123.8735,-1609807.4257559953,4814427.797282027,290.51960588589304,,,,,-1,False
06091,,06,CA,39.5804,-120.516,-1355311.9383475757,4609059.346346283,162.69021564082018,,,,,-1,False
06073,,06,CA,33.0354,-116.7335,-1166584.1187092382,3798600.697173567,487.8089744226952,,,,,-1,False
06065,"Riverside, CA",06,CA,33.7437,-115.9939,-1082818.003316994,3866472.8986839773,452.9387871116286,109.8,142.9,136.7,115.0,7,False
06025,"Imperial, CA",06,CA,33.0395,-115.3653,-1036486.6666933037,3777317.405789722,467.4560783041916,131.4,150.0,150.0,150.0,2,False
06019,"Fresno, CA",06,CA,36.7584,-119.6503,-1354098.7828594581,4273148.691737513,220.13612221349328,166.9,123.1,128.5,137.9,4,False
06037,"Los Angeles, CA",06,CA,34.3203,-118.2252,-1280625.532757872,3969972.86742618,406.96093215156867,,,120.0,,8,False
06111,"Ventura, CA",06,CA,34.4567,-119.0835,-1358036.0038388195,4001656.757445339,402.2901590214301,,,125.0,,10,False
06029,"Kern, CA",06,CA,35.3429,-118.7298,-1304298.9305429237,4095060.4322232944,326.8849092634011,139.9,205.9,217.8,157.9,5,False
06069,,06,CA,36.6057,-121.075,-1487778.3285040443,4286202.709171406,216.3792006742551,,,,,-1,False
06047,"Merced, CA",06,CA,37.1926,-120.718,-1439363.4356130778,4344698.7385570705,173.06467796505157,161.5,132.6,112.8,155.3,4,False
06109,,06,CA,38.0276,-119.9548,-1348467.9320497285,4422500.757863768,168.3281559180376,,,,,-1,False
06043,,06,CA,37.5815,-119.9055,-1355844.6444559928,4371230.3683953695,181.90981649264526,,,,,-1,False
06039,"Madera, CA",06,CA,37.218,-119.7626,-1352467.137051035,4327293.310782171,202.88534796556073,115.0,124.0,139.1,138.1,5,False
06107,"Tulare, CA",06,CA,36.2201,-118.8005,-1289989.915150291,4195453.016745274,280.95215755194016,144.0,129.9,140.8,139.9,3,False
06057,,06,CA,39.3014,-120.7683,-1385179.9529903112,4583272.41465979,158.67572030703724,,,,,-1,False
06003,,06,CA,38.5973,-119.8207,-1321415.0856579142,4483770.2135419855,161.5284071005576,,,,,-1,False
06011,"Colusa, CA",06,CA,39.1775,-122.237,-1517254.9465200175,4603008.016025135,162.09909888030307,165.0,151.6,163.9,157.1,3,False
06063,,06,CA,40.0047,-120.8386,-1371120.7567828833,4663766.193085732,183.64917121718054,,,,,-1,False
06077,"San Joaquin, CA",06,CA,37.9345,-121.272,-1468506.9486490916,4440665.266663478,134.4960358486019,158.0,182.4,137.8,165.5,6,False
06101,"Sutter, CA",06,CA,39.0345,-121.6949,-1474027.7694193707,4574211.424804438,136.41814311770426,187.5,178.2,129.7,153.1,5,False
06035,,06,CA,40.6736,-120.5943,-1330841.9893791974,4733311.049866975,222.85729399348713,,,,,-1,False
06093,,06,CA,41.5927,-122.5404,-1467343.4299781793,4881150.09106618,273.83897002097365,,,,,-1,False
06033,,06,CA,39.0997,-122.7532,-1564916.316243747,4606672.980322923,187.43008563131053,,,,,-1,False
06105,,06,CA,40.6507,-123.1126,-1546425.5924474616,4789783.021447616,248.89428172270394,,,,,-1,False
06049,,06,CA,41.5899,-120.725,-1315115.9907549743,4838667.548915001,271.930085409265,,,,,-1,False
06085,"Santa Clara, CA",06,CA,37.2325,-121.6963,-1526652.3440278515,4371038.475558541,179.5943366892959,,135.0,,,10,False
06001,,06,CA,37.6466,-121.886,-1531789.1747807404,4422193.633245125,177.3224066999055,,,,,-1,False
06055,,06,CA,38.5066,-122.3305,-1545895.2915989857,4529672.943380076,159.79732604848945,,,,,-1,False
06017,,06,CA,38.7785,-120.5247,-1378522.3631925709,4519166.5693469,144.78893245982465,,,,,-1,False
06061,"Placer, CA",06,CA,39.0635,-120.7176,-1387483.7297856528,4555424.822583179,140.47959876750696,,,140.0,145.0,9,False
06115,"Yuba, CA",06,CA,39.2691,-121.3512,-1437019.3953205494,4592709.121490874,155.27008664064124,130.0,114.3,120.0,120.0,1,False
06005,"Amador, CA",06,CA,38.4461,-120.6519,-1398988.3772645562,4484547.222977447,145.5601041883486,130.0,150.0,125.0,160.0,6,False
06009,,06,CA,38.2046,-120.5541,-1396992.9536076905,4455230.73825729,141.74190142075201,,,,,-1,False
06089,,06,CA,40.7638,-122.0405,-1451373.5515021426,4776422.340160619,209.6383272220289,,,,,-1,False
06021,"Glenn, CA",06,CA,39.5984,-122.3922,-1517850.362500045,4654045.708097722,180.69543358513465,171.4,140.4,176.1,171.3,2,False
06103,"Tehama, CA",06,CA,40.1257,-122.2339,-1487782.086032919,4709478.397555568,195.6065969865835,150.0,123.3,111.1,137.5,2,False
06007,"Butte, CA",06,CA,39.6669,-121.6007,-1446991.3663616374,4643118.440820231,165.6777537583066,135.5,168.0,141.5,137.1,2,False
06027,,06,CA,36.5111,-117.4107,-1156619.6494774716,4202217.851554725,324.3094321457532,,,,,-1,False
16073,"Owyhee, ID",16,ID,42.5816,-116.17,-910508.9221853928,4859640.896727948,241.60623162195301,127.0,130.0,138.2,122.4,1,False
16011,,16,ID,43.2165,-112.3981,-588772.5397994546,4872859.075436322,168.39039806492798,,,,,-1,False
16049,,16,ID,45.8442,-115.4674,-777967.5477596396,5210318.780439143,199.84240123288603,,,,,-1,False
16035,,16,ID,46.6737,-115.6569,-772780.683207487,5305366.986084524,181.83514249756763,,,,,-1,False
16069,,16,ID,46.3268,-116.7502,-865019.7447074514,5285731.795967256,170.99225360984042,,,,,-1,False
16009,,16,ID,47.2176,-116.6588,-835136.4190466849,5382696.404136287,176.46268679957225,,,,,-1,False
16057,,16,ID,46.8161,-116.7117,-849501.2578733093,5339213.675917484,168.67504456354408,,,,,-1,False
16055,,16,ID,47.6746,-116.7,-826361.4840588821,5433945.76300084,165.44355744134364,,,,,-1,False
16059,,16,ID,44.9433,-113.933,-678020.5976301106,5086345.292949232,219.26716836837141,,,,,-1,False
16023,,16,ID,43.7233,-113.1711,-641857.4998242385,4939776.169591234,166.40794660684256,,,,,-1,False
16019,,16,ID,43.3877,-111.6149,-522153.0260708366,4881818.014623798,194.48566974599527,,,,,-1,False
16077,,16,ID,42.6937,-112.8407,-634537.2273250229,4820676.807714007,167.0327256775346,,,,,-1,False
16039,"Elmore, ID",16,ID,43.3539,-115.4692,-835517.1434077083,4933790.616874034,193.75212100569874,140.0,140.0,140.0,133.8,6,False
16025,,16,ID,43.4633,-114.8059,-779311.1263344339,4935261.9473853465,184.6327058456533,,,,,-1,False
16087,"Washington, ID",16,ID,44.4524,-116.7848,-915147.4389879871,5078484.936014325,205.20406184129055,143.1,134.2,121.4,95.0,1,False
16045,"Gem, ID",16,ID,44.0617,-116.3973,-893813.7072564363,5028235.097163097,219.56922495673112,135.2,131.1,128.5,110.0,3,False
16083,"Twin Falls, ID",16,ID,42.356,-114.6671,-791600.479931758,4809860.788492556,215.80434636153936,114.1,118.1,124.5,121.8,6,False
16031,"Cassia, ID",16,ID,42.2839,-113.6004,-704922.2369614318,4785781.222843873,192.83412581523362,101.1,130.0,130.0,130.0,6,False
16005,,16,ID,42.6685,-112.2246,-584420.4887620262,4809620.3521191245,163.49579193215655,,,,,-1,False
16013,,16,ID,43.4123,-113.9799,-713445.3218647768,4916916.922105827,186.91313381556262,,,,,-1,False
16065,,16,ID,43.7842,-111.6594,-518934.9325683431,4926450.97799707,193.2018876449196,,,,,-1,False
16041,"Franklin, ID",16,ID,42.1811,-111.8132,-558967.5779641527,4750099.638365516,170.6855270163249,140.0,136.7,125.0,80.0,9,False
16003,,16,ID,44.8897,-116.4539,-878089.712025706,5121180.467051078,200.55923217577111,,,,,-1,False
35005,"Chaves, NM",35,NM,33.3632,-104.467,-8908.658028073958,3704929.3239061176,211.28428570445084,100.0,90.0,95.0,,7,False
35025,"Lea, NM",35,NM,32.7922,-103.4124,86678.42318912986,3636880.5337437736,165.64583382687962,135.0,143.0,143.0,90.0,8,False
35047,"San Miguel, NM",35,NM,35.4803,-104.8159,-27888.183678437723,3941890.7664568936,204.70082100629241,63.0,40.4,44.3,45.0,3,False
35007,"Colfax, NM",35,NM,36.6061,-104.6468,-5247.501650409016,4066051.588992716,191.27871213669522,90.0,60.0,59.0,,6,False
35033,"Mora, NM",35,NM,36.0099,-104.9446,-36004.196709675365,4001428.574039872,191.8077471826906,65.0,,,,1,False
35035,,35,NM,32.6132,-105.7417,-133130.53999341663,3628540.0460261647,262.9562714076449,,,,,-1,False
35017,"Grant, NM",35,NM,32.739,-108.3822,-380655.0116434678,3661561.553801156,315.0056234407671,80.0,85.0,80.0,,7,False
35023,"Hidalgo, NM",35,NM,31.9142,-108.7148,-420418.54279180046,3572421.768122575,368.7433338978162,145.0,115.0,99.0,111.0,9,False
35013,"Dona Ana, NM",35,NM,32.3527,-106.8328,-237990.1146359765,3606628.851782097,301.5156653047559,,95.0,105.0,105.0,7,False
35015,"Eddy, NM",35,NM,32.4715,-104.3043,1257.7419031673344,3605116.066325678,200.48799565995697,,,80.0,,9,False
32007,,32,,41.1458,-115.3578,-875019.4275502304,4686006.304043113,276.2085213360795,,,,,-1,False
32033,,32,,39.4422,-114.9016,-871600.0485487783,4488509.993719594,304.06065867694514,,,,,-1,False
32003,,32,,36.2145,-115.0187,-945385.6969412181,4128949.094861589,367.05362264425213,,,,,-1,False
32005,,32,,38.9123,-119.6164,-1295055.8957406376,4514905.115462817,188.54222311143042,,,,,-1,False
32031,,32,,40.6639,-119.6637,-1251800.2557298893,4712245.0244248295,238.84506223461932,,,,,-1,False
32019,,32,,39.018,-119.189,-1254813.4265303297,4518006.723735571,196.92501946978206,,,,,-1,False
32510,,32,,39.1507,-119.7465,-1300085.0427187195,4544383.6188716125,176.4816426114165,,,,,-1,False
32023,,32,,38.0466,-116.4732,-1038658.2878084749,4358160.888745618,316.4200284796031,,,,,-1,False
32017,,32,,37.6433,-114.8775,-905180.6177057698,4286907.279236863,341.17925181801735,,,,,-1,False
32011,,32,,39.9839,-116.2686,-978074.9136152472,4571513.253142406,321.9960004110739,,,,,-1,False
32015,,32,,39.9338,-117.0379,-1045418.3511658662,4579444.319830315,324.25549164680154,,,,,-1,False
41045,"Malheur, OR",41,OR,43.1934,-117.6231,-1014492.0843961341,4953897.263829557,252.123355335227,146.0,143.0,129.0,140.0,1,False
41061,,41,OR,45.3104,-118.009,-989377.4760213492,5196361.038202522,185.38516212551392,,,,,-1,False
41069,,41,OR,44.7261,-120.0275,-1164827.5077991933,5172497.468019559,210.82084699416154,,,,,-1,False
41039,,41,OR,43.9386,-122.847,-1414615.1730499098,5149956.150532291,205.54845183029485,,,,,-1,False
41057,,41,OR,45.463,-123.7086,-1429090.002962989,5340335.111341121,183.0753118847132,,,,,-1,False
41007,,41,OR,45.9895,-123.6547,-1405798.8592819883,5397056.147118193,171.2408651531158,,,,,-1,False
41009,,41,OR,45.9439,-123.0881,-1363851.4037405688,5377827.900323405,163.16811570203197,,,,,-1,False
41067,"Washington, OR",41,OR,45.5601,-123.0985,-1378232.8665634706,5335718.26760883,158.88918057272195,100.0,,,165.0,10,False
41071,"Yamhill, OR",41,OR,45.2326,-123.3081,-1406140.2063434909,5304754.917573419,172.4772270120441,150.0,140.0,151.0,151.0,10,False
41047,"Marion, OR",41,OR,44.9035,-122.5826,-1360703.8202804397,5250458.353956577,160.2641885374301,120.0,125.0,130.0,135.0,9,False
41043,"Linn, OR",41,OR,44.4886,-122.5342,-1370980.0922107915,5203324.503126291,184.62859721929158,120.0,120.0,120.0,120.0,7,False
41027,,41,OR,45.519,-121.6512,-1267204.6087588456,5296482.454631957,160.89812271926735,,,,,-1,False
41053,"Polk, OR",41,OR,44.9034,-123.4134,-1426071.0533301171,5270994.0517030265,187.283445467415,130.0,130.0,130.0,140.0,8,False
41003,,41,OR,44.4922,-123.4292,-1441866.404058478,5225866.405338086,201.68196048490526,,,,,-1,False
41029,,41,OR,42.4321,-122.7284,-1455540.1839695147,4979441.618526048,275.9164666389506,,,,,-1,False
41033,,41,OR,42.3654,-123.5555,-1526167.4267400163,4992674.432571142,295.77203107043647,,,,,-1,False
41035,,41,OR,42.6863,-121.6501,-1358459.1027566735,4982018.803333282,268.44893573191627,,,,,-1,False
41013,,41,OR,44.1422,-120.3566,-1208589.8320853836,5114807.9553558,229.53143641028228,,,,,-1,False
41037,,41,OR,42.7934,-120.3874,-1251479.90999566,4965479.601962927,276.03041619899534,,,,,-1,False
41049,"Morrow, OR",41,OR,45.4188,-119.5843,-1109360.483101981,5239901.603878527,196.5962156856228,173.0,179.0,185.0,175.0,5,False
41023,"Grant, OR",41,OR,44.4912,-119.0074,-1090821.7886962958,5125180.754082246,212.76968473190314,,70.0,,,6,False
41063,,41,OR,45.5798,-117.1811,-917611.5333166511,5210733.371813797,184.04335569553908,,,,,-1,False
41059,"Umatilla, OR",41,OR,45.5919,-118.7369,-1038334.966083921,5241785.044753389,188.11293480684955,170.2,178.9,195.0,190.0,4,False
49037,,49,UT,37.6263,-109.8048,-454858.1881336081,4219692.670201788,237.2574207295207,,,,,-1,False
49019,,49,UT,38.9818,-109.5697,-416558.0436719904,4368277.732480096,208.55950664674342,,,,,-1,False
53023,,53,WA,46.4316,-117.5452,-923180.0417156646,5311789.676933302,165.91250130677776,,,,,-1,False
53059,,53,WA,46.0227,-121.9151,-1270857.5272480736,5358288.225000316,155.7528450506103,,,,,-1,False
53013,,53,WA,46.2976,-117.9079,-954608.89192927,5303779.043976499,181.83514249756763,,,,,-1,False
53063,,53,WA,47.6206,-117.404,-880363.3239915923,5440642.038838001,172.83912894809993,,,,,-1,False
53015,,53,WA,46.1933,-122.6808,-1323795.9434281613,5395361.309870548,156.38418057331458,,,,,-1,False
53069,,53,WA,46.2998,-123.4248,-1376919.4148555065,5425452.864168031,168.37595714861737,,,,,-1,False
53047,,53,WA,48.5487,-119.7408,-1025907.1172042959,5588642.376112892,248.50470827212152,,,,,-1,False
53017,,53,WA,47.7361,-119.6917,-1047496.4951731982,5498153.19594259,205.1334239886345,,,,,-1,False
53003,,53,WA,46.1919,-117.2031,-903310.4273920897,5278949.798202359,173.045915825567,,,,,-1,False
53037,"Kittitas, WA",53,WA,47.1242,-120.6797,-1140653.1514610124,5451808.736319853,188.17582003820127,,150.0,150.0,150.0,1,False
53043,,53,WA,47.5762,-118.4188,-957398.7564615805,5454917.950547364,175.06969681582524,,,,,-1,False
53025,"Grant, WA",53,WA,47.2056,-119.4518,-1045741.7809916446,5434688.976812425,193.04607717048881,151.0,145.5,144.0,153.0,2,False
53007,,53,WA,47.8691,-120.6188,-1112090.3360183868,5532526.603248925,204.58718543849415,,,,,-1,False
53001,"Adams, WA",53,WA,46.9834,-118.5605,-985072.343803094,5392225.372383407,170.23658704246168,149.0,140.0,136.0,132.0,5,False
53071,"Walla Walla, WA",53,WA,46.2298,-118.4784,-1000284.3666475376,5307291.5821458325,181.2118339822894,183.0,184.0,183.5,180.0,4,False
49053,,49,UT,37.2804,-113.5049,-789436.5037169049,4226064.081093167,334.6389758161815,,,,,-1,False
49021,"Iron, UT",49,UT,37.8592,-113.2893,-760117.5190912015,4287776.535172705,293.0836008579076,100.0,,100.0,105.0,4,False
49025,,49,UT,37.2851,-111.8878,-644948.6770275892,4205265.77010693,295.2786451326557,,,,,-1,False
49001,"Beaver, UT",49,UT,38.3577,-113.2358,-746653.8528026335,4342738.3858329365,291.8907446438722,100.0,115.0,100.0,105.0,2,False
49017,,49,UT,37.8548,-111.4447,-596865.2869309424,4263461.866118699,270.63745448144977,,,,,-1,False
49055,,49,UT,38.3244,-110.9036,-542194.8720765858,4309491.17793092,227.9708762077082,,,,,-1,False
49041,"Sevier, UT",49,UT,38.7476,-111.8046,-614676.0827128286,4367458.257645183,224.7966145482283,130.0,125.0,121.0,125.0,4,False
49007,"Carbon, UT",49,UT,39.6482,-110.5889,-495523.9197797399,4453439.075438124,208.33035024050193,110.0,100.0,96.0,,6,False
49015,"Emery, UT",49,UT,38.9968,-110.7007,-514677.4384027148,4382127.120570043,223.75065481092946,105.0,130.0,110.0,113.3,9,False
49027,"Millard, UT",49,UT,39.0738,-113.1004,-722179.4216265078,4420835.358299077,232.7031942877559,130.0,147.0,127.1,131.0,7,False
49023,"Juab, UT",49,UT,39.7026,-112.7848,-683796.8724446029,4486694.784863868,215.04431048447927,100.0,100.0,95.0,120.0,5,False
49039,,49,UT,39.374,-111.5764,-584923.7909197521,4434494.073126375,197.35349824874078,,,,,-1,False
49045,,49,UT,40.4488,-113.1311,-700146.7847073462,4574658.929385557,225.19105396091618,,,,,-1,False
49049,"Utah, UT",49,UT,40.1196,-111.6706,-581127.1782465398,4518755.717593001,198.95482128523957,128.0,138.0,124.5,130.0,7,False
49057,"Weber, UT",49,UT,41.2699,-111.9133,-582732.3713043258,4649937.471351741,178.42551411934383,128.3,143.8,128.0,139.0,8,False
49011,"Davis, UT",49,UT,40.9907,-112.1114,-604140.9621923747,4621378.866611217,189.27164060825586,136.4,141.0,130.0,138.2,10,False
49013,"Duchesne, UT",49,UT,40.2975,-110.4247,-471997.10940652934,4523909.242387269,201.3789564092658,108.0,130.0,110.0,110.0,5,False
49051,,49,UT,40.3304,-111.1694,-534986.6718169062,4536152.460940146,205.44406640208018,,,,,-1,False
49005,"Cache, UT",49,UT,41.7224,-111.7435,-560917.8401433118,4698170.787272154,180.54967342686047,105.0,125.0,116.0,126.0,7,False
49029,,49,UT,41.0893,-111.5731,-557106.1260172874,4625564.865342294,186.07121385321065,,,,,-1,False
53011,,53,WA,45.7793,-122.4826,-1322894.3283825568,5344881.6266725045,146.84261229217287,,,,,-1,False
41051,"Multnomah, OR",41,OR,45.5469,-122.4157,-1325679.818508492,5317597.882768301,146.73647664373232,120.0,,,,9,False
41005,"Clackamas, OR",41,OR,45.1887,-122.2214,-1322687.2901885435,5273339.802799348,149.78695107698255,130.0,130.0,131.0,130.0,10,False
41021,,41,OR,45.378,-120.2109,-1159480.5659304801,5248677.42372458,188.09711589410696,,,,,-1,False
41055,,41,OR,45.4052,-120.6894,-1195967.7960916788,5262132.794363831,184.62859721929158,,,,,-1,False
41065,,41,OR,45.16,-121.1682,-1241161.6246156518,5245695.794986821,175.23102576207262,,,,,-1,False
16037,,16,ID,44.2412,-114.2816,-720469.8143962359,5013605.590460618,204.37999734920385,,,,,-1,False
04011,"Greenlee, AZ",04,AZ,33.2153,-109.2401,-456295.2480916801,3722271.4770108853,307.7134891145957,107.0,,141.0,125.0,10,False
06095,"Solano, CA",06,CA,38.2805,-121.9266,-1516814.2174037858,4494669.905399157,140.4447346316144,162.0,184.3,163.4,161.2,9,False
06013,"Contra Costa, CA",06,CA,37.9163,-121.9276,-1527631.0161667843,4453608.5005704425,157.54024426706508,134.0,171.4,128.8,154.8,10,False
06087,,06,CA,37.0563,-122.0018,-1559386.6747145345,4358153.273169168,204.21323260991065,,,,,-1,False
06097,"Sonoma, CA",06,CA,38.5286,-122.8873,-1594561.333098083,4545587.78409382,190.70645630906824,130.0,,,,8,False
06045,,06,CA,39.44,-123.3912,-1609917.9541861978,4660773.515027386,237.72587099369431,,,,,-1,False
41011,,41,OR,43.1739,-124.0594,-1539248.5322623884,5095705.666587035,289.992753722929,,,,,-1,False
41041,,41,OR,44.6421,-123.8668,-1471171.5499798628,5253627.99651067,222.70575253069998,,,,,-1,False
06081,,06,CA,37.4218,-122.3293,-1578299.6294883585,4407165.829492276,196.91838846446333,,,,,-1,False
06075,,06,CA,37.7558,-122.4424,-1578511.2212761382,4447602.948889855,183.2848354607274,,,,,-1,False
53049,,53,WA,46.5549,-123.6982,-1388435.371905231,5460437.131931016,184.64881388607816,,,,,-1,False
53077,"Yakima, WA",53,WA,46.4569,-120.7387,-1166493.7752598473,5379486.881604807,170.79357289472128,152.0,151.4,134.0,134.0,3,False
06079,,06,CA,35.3872,-120.404,-1458385.1367685408,4133785.0105394986,308.9313429327119,,,,,-1,False
06067,"Sacramento, CA",06,CA,38.4542,-121.3384,-1459550.1456994326,4500732.72613868,139.17263253336458,142.8,141.1,126.7,169.4,7,False
06015,,06,CA,41.7431,-123.897,-1576028.443015377,4931974.18484662,325.49094154209155,,,,,-1,False
51530,,51,VA,37.7317,-79.3567,2239064.5843550013,4362635.317753083,80.45157391643916,,,,,-1,False
51590,,51,VA,36.5831,-79.4087,2262224.144568516,4232327.3232452795,94.5104998593379,,,,,-1,False
51678,,51,VA,37.7823,-79.4445,2229984.8504523225,4366615.3490234595,79.87405651621424,,,,,-1,False
51720,,51,VA,36.9317,-82.6259,1963613.0649879798,4214957.181311833,73.6754805726979,,,,,-1,False
51775,,51,VA,37.2864,-80.0556,2187129.6246951176,4299211.3837865805,80.48822113076166,,,,,-1,False
51770,,51,VA,37.2781,-79.9581,2196085.927067033,4300105.217772325,74.65075060389493,,,,,-1,False
51690,,51,VA,36.6826,-79.8636,2218572.060447145,4234871.8289475925,82.35620675138163,,,,,-1,False
51640,,51,VA,36.6663,-80.9173,2123437.52440212,4213825.270520939,86.47915027458542,,,,,-1,False
51680,,51,VA,37.4005,-79.191,2262052.73320207,4328620.252388583,81.95012608971373,,,,,-1,False
51580,,51,VA,37.7786,-79.9867,2181702.4770023786,4355828.108674429,84.42610082357663,,,,,-1,False
51520,,51,VA,36.6181,-82.1606,2011893.429690659,4187273.437635784,79.85933143026097,,,,,-1,False
51750,,51,VA,37.1231,-80.5583,2145677.7775809495,4271600.991975905,81.35040392756748,,,,,-1,False
27017,"Carlton, MN",27,MN,46.5924,-92.6771,984290.5308549152,5179322.335643226,145.3103734276273,70.0,,79.0,,7,False
53005,"Benton, WA",53,WA,46.2398,-119.5112,-1079271.941677184,5329234.516998673,182.17296044498784,197.3,201.0,201.0,209.0,10,False
49009,,49,UT,40.8865,-109.5059,-385774.9285474657,4579637.506946166,213.5896871085256,,,,,-1,False
49003,"Box Elder, UT",49,UT,41.521,-113.0821,-676312.6620555855,4693463.314979834,195.32818191519695,126.5,149.6,131.9,142.0,10,False
49035,"Salt Lake, UT",49,UT,40.6676,-111.9239,-593716.8281572971,4582988.780717502,206.87283611640296,130.0,150.0,130.0,140.0,8,False
06059,,06,CA,33.703,-117.7605,-1250304.4741660105,3891734.741866326,447.37956663640546,,,,,-1,False
12129,,12,FL,30.0061,-84.4749,1908358.1138170254,3409963.704556654,135.61961807987973,,,,,-1,False
12065,"Jefferson, FL",12,FL,30.438,-83.8951,1958595.759235699,3466165.5476333215,103.45565525803273,45.0,75.1,50.0,85.0,4,True
12123,,12,FL,30.0477,-83.603,1993234.5012181606,3426088.45332164,122.28998363916165,,,,,-1,False
12029,,12,FL,29.6101,-83.1583,2043877.3678322984,3382777.460284979,139.96132424719949,,,,,-1,False
12075,"Levy, FL",12,FL,29.3216,-82.7389,2089985.2949793786,3356037.1887093172,135.75831227175135,80.0,55.3,60.0,70.0,2,False
12017,,12,FL,28.8125,-82.6088,2111122.9960631095,3300261.9123972054,145.802102393922,,,,,-1,False
12053,,12,FL,28.5528,-82.4209,2134071.2570216963,3273512.5788375707,141.68186886410552,,,,,-1,False
12101,,12,FL,28.3093,-82.3911,2140973.4443307268,3246339.481529719,156.28596727602982,,,,,-1,False
12081,,12,FL,27.5051,-82.521,2140570.529737659,3153335.772100188,177.02678328653224,,,,,-1,False
12057,,12,FL,27.7786,-82.4146,2147044.2755897976,3185835.039176429,161.03657277935648,,,,,-1,False
12077,,12,FL,30.2414,-84.8829,1865052.7108062261,3431327.314581106,122.58952757486482,,,,,-1,False
48321,"Matagorda, TX",48,TX,28.8661,-95.9853,794082.1591292268,3196888.040814034,160.6131500296101,91.4,61.9,89.8,88.0,9,False
48241,,48,TX,30.744,-94.025,976495.3717583598,3411823.226887264,117.07004634653958,,,,,-1,False
28061,"Jasper, MS",28,MS,32.0191,-89.1189,1435163.3325399177,3585570.0274781776,101.28997840453896,60.0,66.0,52.5,70.0,4,True
13159,"Jasper, GA",13,GA,33.3165,-83.6881,1931951.4072301416,3793009.545031106,72.7331487448797,,50.7,55.8,63.0,8,True
29097,"Jasper, MO",29,MO,37.2035,-94.3406,913591.0594575249,4127628.875011644,96.37249120794759,97.8,129.0,65.6,114.5,7,True
17079,"Jasper, IL",17,IL,39.01,-88.1538,1440213.473527984,4374277.748171085,83.03541750280708,134.0,142.0,79.0,120.0,4,True
18073,"Jasper, IN",18,IN,41.023,-87.1162,1500064.408800038,4609913.017914716,96.78979111554804,113.8,138.2,62.1,136.0,7,True
19099,"Jasper, IA",19,IA,41.686,-93.0537,994975.1024639013,4632028.520731606,93.24686003063638,127.4,138.4,76.0,115.8,10,True
27007,"Beltrami, MN",27,MN,47.9738,-94.9377,803156.5348064643,5321377.859613839,178.50954829339423,86.0,92.0,74.0,88.0,2,False
28035,"Forrest, MS",28,MS,31.1889,-89.2579,1430286.1184666678,3491741.617754825,95.8237754663552,80.0,85.0,55.0,65.0,6,True
45013,"Beaufort, SC",45,SC,32.3873,-80.7372,2230064.6410202133,3734193.744854053,122.55817380114902,42.7,91.8,62.2,66.9,10,False
24021,"Frederick, MD",24,MD,39.4722,-77.3981,2365835.4389434624,4598792.465850804,79.42521909382133,60.0,99.0,68.0,109.0,7,True
24031,"Montgomery, MD",24,MD,39.1363,-77.2041,2392281.2659920077,4565332.74878067,71.5009519934756,61.0,96.0,68.0,110.0,10,True
24043,"Washington, MD",24,MD,39.6037,-77.8142,2325989.233829617,4604529.163340623,89.1792474562474,72.0,95.0,58.0,105.0,4,True
51610,,51,VA,38.8843,-77.1743,2402034.1782460096,4537663.600920188,71.04285224284875,,,,,-1,False
51600,,51,VA,38.8533,-77.3003,2391829.9097574595,4531401.794515607,69.67040277486694,,,,,-1,False
51540,,51,VA,38.0373,-78.4858,2308991.400831732,4414442.071736203,77.66831681790389,,,,,-1,False
51685,,51,VA,38.7714,-77.4445,2381431.3055571485,4519038.667522573,65.55650304384774,,,,,-1,False
51683,,51,VA,38.7482,-77.4837,2378624.258800331,4515576.816576606,63.807750358448736,,,,,-1,False
51630,,51,VA,38.2992,-77.487,2390740.7259634063,4464989.193930782,73.5466620297702,,,,,-1,False
51013,,51,VA,38.8788,-77.1008,2408651.4384893524,4538672.922005248,73.80765115698604,,,,,-1,False
24005,"Baltimore, MD",24,MD,39.4664,-76.6448,2431583.0362968105,4614970.343373135,90.74729878926955,64.0,100.0,71.0,118.0,6,True
11001,,11,,38.9093,-77.0146,2415360.3967458196,4544019.9481713595,73.8427392386707,,,,,-1,False
37091,"Hertford, NC",37,NC,36.3111,-76.7495,2511897.705459172,4256749.724445281,82.84835760314492,66.0,51.0,87.0,100.0,1,True
37073,"Gates, NC",37,NC,36.4449,-76.7011,2512647.5764377676,4272973.694738418,78.47136157325258,72.0,46.0,81.0,107.0,6,True
37131,"Northampton, NC",37,NC,36.4177,-77.3967,2449781.09631109,4254668.717166656,91.32265278123147,71.0,54.0,83.0,95.0,1,True
51175,"Southampton, VA",51,VA,36.7201,-77.1066,2468112.212625431,4295148.846694271,70.8898657899298,70.0,46.0,93.0,113.0,6,True
51041,"Chesterfield, VA",51,VA,37.3785,-77.5868,2406853.208656659,4359093.073301361,72.10227715994061,,40.0,,,10,False
51081,"Greensville, VA",51,VA,36.6759,-77.5596,2428066.7775352215,4280361.922269343,84.90287067609471,37.0,37.0,71.0,99.0,3,True
51087,"Henrico, VA",51,VA,37.538,-77.4058,2418816.849909859,4380983.357755258,69.06464189707877,46.0,65.0,78.0,123.0,9,True
51075,"Goochland, VA",51,VA,37.722,-77.9164,2368087.9654961806,4390800.5662620105,75.8142177832883,49.0,40.0,52.0,106.0,9,True
51065,"Fluvanna, VA",51,VA,37.8418,-78.2774,2332659.1364422506,4396738.965521753,80.40053159917969,47.0,37.0,75.0,97.0,8,True
51053,"Dinwiddie, VA",51,VA,37.0759,-77.6323,2410841.5511669046,4323978.179142922,75.91849929852935,38.0,65.0,84.0,112.0,7,True
51049,"Cumberland, VA",51,VA,37.512,-78.245,2344158.647105011,4360268.795583169,77.47864436108242,66.0,40.0,70.0,97.0,3,True
51033,"Caroline, VA",51,VA,38.0272,-77.3475,2410635.753151655,4437391.850390566,72.55678501289641,59.0,66.0,70.0,121.0,7,True
51025,"Brunswick, VA",51,VA,36.7648,-77.859,2398500.3319079857,4284056.878742035,79.87090606604264,36.0,39.0,63.0,92.0,1,True
51007,"Amelia, VA",51,VA,37.336,-77.976,2372942.94509826,4346043.365214701,73.70200852849645,53.0,54.0,68.0,100.0,6,True
51036,"Charles City, VA",51,VA,37.2385,-76.9028,2472351.4278705735,4358214.098027456,58.17551225373054,42.0,69.0,82.0,119.0,7,True
51159,"Richmond, VA",51,VA,37.8881,-76.7671,2466328.995138529,4434554.0545247095,76.57714185065024,44.0,81.0,76.0,114.0,5,True
51109,"Louisa, VA",51,VA,37.9782,-77.963,2357105.6971595963,4418670.467637052,74.53929053455526,60.0,47.0,74.0,105.0,6,True
51111,"Lunenburg, VA",51,VA,36.9462,-78.2405,2359195.4998006243,4296579.715397573,84.31470593770165,57.0,35.0,65.0,76.0,1,True
51117,"Mecklenburg, VA",51,VA,36.6804,-78.3627,2354901.0390419923,4264081.638430817,90.11134442256936,39.0,41.0,66.0,89.0,2,True
51057,"Essex, VA",51,VA,37.8958,-76.8079,2462464.1956981868,4434507.501522401,73.98773192346599,52.0,80.0,69.0,123.0,6,True
37015,"Bertie, NC",37,NC,36.0662,-76.9791,2497482.6617596513,4223954.599987824,93.31236736404009,69.0,56.0,91.0,99.0,1,True
51730,,51,VA,37.2042,-77.3915,2429159.698637707,4343632.669804775,64.02774201907015,,,,,-1,False
51760,,51,VA,37.5293,-77.4754,2412801.486689886,4378496.976275359,69.02759007599188,,,,,-1,False
51570,,51,VA,37.2647,-77.3968,2427044.384468971,4350346.0161646325,67.34465194131081,,,,,-1,False
51670,,51,VA,37.2914,-77.2986,2435176.933522441,4355489.576651646,68.60247331949823,,,,,-1,False
24047,"Worcester, MD",24,MD,38.2186,-75.3568,2582439.9010271495,4504680.460906314,133.9275205118009,57.0,87.0,93.0,114.0,3,False
37041,"Chowan, NC",37,NC,36.1513,-76.6914,2521613.972222426,4239944.073796676,89.83645278752029,83.0,69.0,100.0,107.0,3,True
37139,"Pasquotank, NC",37,NC,36.2046,-76.1331,2571433.9034280786,4258586.503191781,101.47908963503086,85.0,89.0,97.0,110.0,4,True
37143,"Perquimans, NC",37,NC,36.141,-76.3487,2553400.316807936,4246468.076184525,89.84116968104564,84.0,66.0,100.0,107.0,3,True
51095,"James City, VA",51,VA,37.2297,-76.8324,2478954.82967199,4358785.471918987,57.100243674738564,39.0,84.0,79.0,119.0,9,True
37029,"Camden, NC",37,NC,36.2239,-76.0277,2580572.690195899,4263194.843745076,101.96537157975277,85.0,72.0,102.0,114.0,8,True
51800,"Suffolk City, VA",51,VA,36.8717,-76.5046,2518676.688629947,4325675.325286821,70.64302231945712,76.0,60.0,89.0,116.0,-1,True
51550,"Chesapeake City, VA",51,VA,36.6778,-76.3024,2542554.9562354833,4308323.554616792,78.63110460675979,69.0,83.0,100.0,117.0,-1,True
51133,"Northumberland, VA",51,VA,37.9686,-76.4378,2493452.1571681825,4451089.121321775,83.94147964618948,48.0,69.0,80.0,119.0,4,True
51115,"Mathews, VA",51,VA,37.4632,-76.3392,2516837.6317019314,4396294.405371759,69.1869728903685,38.0,66.0,79.0,106.0,7,True
51103,"Lancaster, VA",51,VA,37.7189,-76.53,2492369.6619383437,4420817.26412072,72.20441794914518,43.0,64.0,79.0,110.0,7,True
51073,"Gloucester, VA",51,VA,37.4257,-76.5431,2499541.6845467063,4387418.751209127,64.59724706272925,61.0,69.0,79.0,116.0,8,True
51650,,51,VA,37.0533,-76.3674,2525996.583535052,4349324.894152242,77.50936486911017,,,,,-1,False
51810,"Virginia Beach City, VA",51,VA,36.7494,-76.0571,2562877.5022752956,4322056.008018344,87.35564849519302,87.0,81.0,99.0,124.0,-1,True
51119,"Middlesex, VA",51,VA,37.6424,-76.5151,2495891.3112690137,4412521.027717223,70.00056225327971,48.0,74.0,67.0,110.0,5,True
51181,"Surry, VA",51,VA,37.2113,-76.8566,2477280.6034735106,4356168.541853817,59.346112826662846,63.0,70.0,89.0,118.0,5,True
37053,"Currituck, NC",37,NC,36.2197,-75.9184,2590737.121795276,4265242.104150592,110.27243889102957,83.0,65.0,97.0,104.0,9,True
51735,,51,VA,37.1323,-76.3578,2524618.65104301,4358475.765186515,73.6123364014989,,,,,-1,False
51199,,51,VA,37.2371,-76.5637,2503023.141336414,4365647.89495812,63.851811289302155,,,,,-1,False
51700,,51,VA,37.1051,-76.5189,2510803.1386714475,4351742.644102183,64.8036479999344,,,,,-1,False
24039,"Somerset, MD",24,MD,38.119,-75.7449,2550867.400431036,4484166.277511414,114.018267168377,53.0,85.1,89.0,115.0,2,True
51097,"King And Queen, VA",51,VA,37.7182,-76.8949,2459677.994467665,4412533.415621233,62.08302144572052,50.0,68.0,79.0,119.0,-1,True
24019,"Dorchester, MD",24,MD,38.4797,-76.0083,2516682.8993864013,4518645.207596895,98.01447698178904,85.0,91.0,85.0,112.9,3,True
24045,"Wicomico, MD",24,MD,38.252,-75.8431,2538141.9967388,4496852.338280287,104.65526936774576,76.0,87.0,90.0,111.0,4,True
51193,"Westmoreland, VA",51,VA,38.1108,-76.8052,2456614.0397519413,4458806.357266123,78.5054459702131,44.0,69.0,80.0,119.0,5,True
54027,"Hampshire, WV",54,WV,39.3171,-78.6142,2264167.0447260393,4555584.363022203,83.98285401605631,95.0,73.8,61.0,80.0,7,True
51149,"Prince George, VA",51,VA,37.1866,-77.2241,2444757.249967998,4345282.862272497,64.36306558534217,31.0,70.0,88.0,91.0,9,True
51620,,51,VA,36.6827,-76.9384,2484448.7456299355,4294615.423185235,68.6975185001583,,,,,-1,False
51595,,51,VA,36.6952,-77.5356,2429738.829637357,4283055.287900399,83.5194517265188,,,,,-1,False
51131,,51,VA,37.3566,-75.8995,2559573.8287924603,4394415.030714834,90.7467291068461,,,,,-1,False
34041,"Warren, NJ",34,NJ,40.8574,-74.997,2530328.458222002,4810223.142504248,82.85543570640367,112.0,115.0,74.0,104.0,6,True
34007,"Camden, NJ",34,NJ,39.8038,-74.9599,2567632.2496749843,4692923.676883609,98.84495402610888,76.0,69.0,,,4,False
34019,"Hunterdon, NJ",34,NJ,40.5672,-74.9123,2547024.6135805724,4779801.585187368,81.62920077162192,113.0,100.0,68.0,100.0,10,True
34021,"Mercer, NJ",34,NJ,40.2833,-74.7014,2574394.967705153,4753223.280501925,77.09216322206763,110.0,114.0,64.0,99.0,6,True
34027,"Morris, NJ",34,NJ,40.8621,-74.5445,2568675.071305314,4822088.150957071,69.10200863671697,110.0,99.0,76.0,106.0,10,True
34035,"Somerset, NJ",34,NJ,40.5637,-74.6164,2572452.058966687,4786821.243095456,74.68884853897923,104.0,111.0,71.0,102.0,10,True
34037,"Sussex, NJ",34,NJ,41.1395,-74.6902,2547065.50362969,4849477.371514896,80.76739224218024,93.0,95.0,69.0,98.0,9,True
42011,"Berks, PA",42,PA,40.4164,-75.926,2465022.762422381,4738285.377158135,96.08358331789225,102.0,95.0,69.4,105.0,9,True
42017,"Bucks, PA",42,PA,40.337,-75.1067,2537822.4717719844,4749169.923098123,86.30149176699723,103.0,100.0,65.4,100.0,10,True
42077,"Lehigh, PA",42,PA,40.6129,-75.5924,2487421.1351052094,4768278.200958759,95.916510677474,101.0,116.0,52.6,93.0,9,True
42089,"Monroe, PA",42,PA,41.0582,-75.3394,2494738.1688233884,4824288.764533255,93.81296257486899,100.0,112.0,59.0,97.0,9,True
42091,"Montgomery, PA",42,PA,40.2109,-75.3672,2519457.025846459,4728645.14976401,89.56525513948804,95.0,86.0,83.6,100.0,10,True
42101,,42,PA,40.0076,-75.1338,2546053.5414254405,4711528.697893906,86.68671375081263,,,,,-1,False
42025,"Carbon, PA",42,PA,40.9183,-75.7088,2467856.3348773895,4799694.047724443,93.38532199077139,99.0,92.0,66.0,91.0,6,True
42045,"Delaware, PA",42,PA,39.9166,-75.3991,2526007.603199075,4694830.9424370555,98.01819651052178,108.0,126.0,82.0,115.0,10,True
34015,"Gloucester, NJ",34,NJ,39.7173,-75.1419,2554604.087332276,4678714.739485983,104.00085543013112,97.0,72.0,70.0,98.0,5,True
42095,"Northampton, PA",42,PA,40.7543,-75.3074,2507235.3410905157,4791034.731460684,89.48587594988697,116.0,121.0,76.7,111.0,10,True
42029,"Chester, PA",42,PA,39.9733,-75.7483,2494047.3377056387,4692797.40270872,99.11859660831007,102.0,110.0,79.0,112.0,10,True
24011,"Caroline, MD",24,MD,38.8717,-75.8317,2520516.5373021797,4566959.284511208,98.97162452446773,82.0,70.0,56.0,108.0,3,True
10003,"New Castle, DE",10,DE,39.5811,-75.6488,2514819.810088333,4651118.8112013545,91.98667798626504,101.0,74.0,64.0,99.0,10,True
24015,"Cecil, MD",24,MD,39.5606,-76.0103,2483998.758376481,4640238.156390339,94.51527605167998,80.0,91.0,57.0,107.0,5,True
24029,"Kent, MD",24,MD,39.1548,-76.1543,2483665.7500367817,4591244.631140826,93.11085416405183,84.0,54.0,55.0,108.0,5,True
10001,"Kent, DE",10,DE,39.0867,-75.5688,2537063.792535747,4597425.971438644,100.57941246087795,82.0,83.6,72.0,97.0,7,True
34023,"Middlesex, NJ",34,NJ,40.4394,-74.4113,2594146.7267287886,4778075.742622175,71.45786670746766,102.0,114.0,73.0,102.0,8,True
10005,"Sussex, DE",10,DE,38.6621,-75.399,2565086.9698126004,4553684.83083883,120.78109072137791,70.0,70.0,72.7,102.7,4,False
34005,"Burlington, NJ",34,NJ,39.8774,-74.6679,2590555.5953811686,4708477.934636477,97.09208789084342,105.0,107.0,66.0,104.0,7,True
41019,,41,OR,43.2796,-123.1662,-1462893.932090781,5084656.703618963,256.0852851314445,,,,,-1,False
48057,"Calhoun, TX",48,TX,28.4909,-96.6495,730086.7212911455,3153835.949568024,155.87208468114954,53.7,89.8,77.2,70.9,7,False
48239,"Jackson, TX",48,TX,28.9557,-96.5787,735972.5238064595,3205492.408556482,139.54404634468256,96.8,68.4,96.1,67.9,5,False
15007,,15,,22.0583,-159.5244,-6684675.666230921,4328362.626260573,5170.536728944894,,,,,-1,False
15009,,15,,21.1332,-157.0143,-6385406.633125473,3967586.095695613,4907.981209887804,,,,,-1,False
15001,,15,,19.5981,-155.5187,-6279227.6376453675,3607011.147321506,4849.537413117869,,,,,-1,False
15003,,15,,21.4593,-157.9739,-6503097.628021457,4097813.1463147923,5004.739751109201,,,,,-1,False
51001,"Accomack, VA",51,VA,37.766,-75.6472,2570167.099550153,4446624.797867011,111.92275440794411,72.0,89.0,103.0,120.0,2,True
36029,"Erie, NY",36,NY,42.7621,-78.7308,2160620.063536673,4938278.805085849,153.79743915883265,96.0,108.0,87.0,85.0,5,False
36061,,36,NY,40.7786,-73.9671,2620673.3246562597,4827549.629362575,78.3699035182365,,,,,-1,False
48261,,48,TX,26.9281,-97.7174,627340.5510138827,2979117.244475963,193.70504147830837,,,,,-1,False
48489,"Willacy, TX",48,TX,26.4706,-97.6732,632256.7088038289,2928484.1722359587,243.47830736439522,85.2,97.8,88.3,55.3,1,False
26033,"Chippewa, MI",26,MI,46.3031,-84.5921,1608900.7086662035,5229584.40722765,199.3031494531569,86.8,53.1,77.5,70.0,4,False
41015,,41,OR,42.4578,-124.1567,-1572638.4646043642,5018507.280715442,320.4675578140469,,,,,-1,False
70150,,70,,7.2464,134.3979,-37455517.32169837,14402636.354719985,13029.072670875954,,,,,-1,False
70004,,70,,7.4279,134.5428,-37232569.79200421,14655414.849743111,12754.260823202882,,,,,-1,False
70100,,70,,8.0745,134.7146,-36727484.27420926,15708086.056351349,12258.68745661722,,,,,-1,False
70370,,70,,5.0286,132.0991,-40608459.33622116,11097920.369557152,16180.481752136735,,,,,-1,False
70050,,70,,3.0055,131.1563,-42199865.902444184,6952769.792363354,17938.109293979567,,,,,-1,False
70212,,70,,7.5623,134.5852,-37123577.21678592,14874108.012950242,12601.033013247483,,,,,-1,False
70010,,70,,6.9074,134.1372,-37860817.61522943,13911503.270776527,13544.147196631495,,,,,-1,False
70350,,70,,7.0153,134.2477,-37707679.78819344,14055769.133566944,13358.811248579485,,,,,-1,False
68010,,68,,7.3959,168.7633,-16593731.383347772,4177296.144013007,9869.569693803473,,,,,-1,False
68090,,68,,11.4745,162.3155,-18352910.352678612,7814847.9249860775,8841.661814901732,,,,,-1,False
68390,,68,,9.1107,165.6317,-17549641.75983848,5666139.013123159,9267.102776200009,,,,,-1,False
68410,,68,,11.2304,169.8404,-15504980.171094522,5887190.806493168,9329.444204004732,,,,,-1,False
68430,,68,,9.4713,170.1603,-15725792.44843835,5001686.713810963,9397.455574105395,,,,,-1,False
68150,,68,,9.0685,167.4829,-16815146.44602554,5282521.568560266,10084.722584070629,,,,,-1,False
68120,,68,,5.9418,169.6133,-16452912.455255695,3289192.4872301086,9652.199198197257,,,,,-1,False
68190,,68,,7.1086,171.1789,-15710169.074617982,3694651.0185967823,9285.043929419142,,,,,-1,False
68320,,68,,6.0564,171.9031,-15566105.332233023,3089974.2945170393,9222.550139596042,,,,,-1,False
68040,,68,,7.0602,171.7228,-15515042.68585677,3601438.799791196,9136.975336380701,,,,,-1,False
69110,,69,,15.1889,145.7534,-24606707.03108999,17541710.113159712,12091.100689618102,,,,,-1,False
69120,,69,,15.003,145.6267,-24793959.715795215,17475370.26044021,12034.273812122408,,,,,-1,False
69100,,69,,14.1576,145.2148,-25556084.538343,17033744.04242955,11664.334191729991,,,,,-1,False
69085,,69,,18.1166,145.7666,-22613363.071328804,19507403.65885317,13842.059518230444,,,,,-1,False
66010,,66,,13.4435,144.7774,-26248758.47906795,16665549.47646416,11021.385806486349,,,,,-1,False
64005,,64,,5.3102,162.9766,-19364759.23763551,3749870.2676812415,8466.594756367584,,,,,-1,False
64070,,64,,7.5684,155.3206,-22758375.51966717,6954948.222601662,7765.742202164257,,,,,-1,False
64001,,64,,8.59,144.5165,-28960478.496791154,11616571.417385623,8789.068516277646,,,,,-1,False
64040,,64,,6.8829,158.2288,-21398430.706879087,5718765.181612329,6397.387029390638,,,,,-1,False
64020,,64,,1.0672,154.8005,-24030440.00815069,1036895.3830803349,9202.5399421721,,,,,-1,False
64090,,64,,6.215,160.7044,-20299933.518463854,4740311.676401121,7142.826017755299,,,,,-1,False
64350,,64,,8.5612,151.9124,-24359744.950679127,8825161.169493025,8661.100379244555,,,,,-1,False
64002,,64,,7.3701,151.7574,-24814469.58080764,7739122.238075635,9324.161476036941,,,,,-1,False
64610,,64,,7.3623,149.1871,-26372391.976938915,8501323.746312184,9111.803292474691,,,,,-1,False
64420,,64,,5.5154,153.7735,-24093066.20216351,5461524.312215132,8379.89980170909,,,,,-1,False
64410,,64,,6.8717,152.7215,-24388301.234289564,6996478.238564098,8889.221095921532,,,,,-1,False
64030,,64,,9.7631,140.5184,-31190872.915342305,15036656.814413438,9232.92951432364,,,,,-1,False
64640,,64,,7.3807,147.031,-27745840.94361891,9226630.812717773,8887.896573060869,,,,,-1,False
64120,,64,,7.3639,143.8757,-29900884.722145513,10341954.871556604,8645.141154196483,,,,,-1,False
64010,,64,,6.6891,143.06,-30736286.70319313,9748010.04835451,8450.855244059569,,,,,-1,False
64080,,64,,8.3906,137.5069,-34232919.77001767,14693222.04507482,10038.817458700776,,,,,-1,False
64060,,64,,9.5399,138.127,-33100485.713416703,16077412.470321627,10132.342556432579,,,,,-1,False
64110,,64,,9.9895,139.7259,-31639669.944087144,15781075.037204454,9765.231218856154,,,,,-1,False
60030,,60,,-14.5453,-168.156,-8987844.019546848,-3720971.3136399337,10924.144619050774,,,,,-1,False
51093,"Isle Of Wight, VA",51,VA,36.8908,-76.7269,2497944.1059810193,4322841.2623232175,64.93814424999262,35.0,54.0,84.0,108.0,-1,True
12033,"Escambia, FL",12,FL,30.7024,-87.3773,1616675.0339320484,3454951.6415034076,155.99590881761176,90.0,95.0,70.0,100.0,6,False
53029,,53,WA,48.1631,-122.5483,-1244362.1907182995,5608826.488256951,226.26821182496266,,,,,-1,False
53055,,53,WA,48.5786,-122.9627,-1259639.9666516082,5664319.037411931,269.4734483434781,,,,,-1,False
53027,,53,WA,47.1509,-123.7729,-1372036.050214863,5527854.782098932,196.00709284437497,,,,,-1,False
53073,,53,WA,48.8256,-121.7173,-1160536.2023654007,5662090.608675988,264.28146556974144,,,,,-1,False
53009,,53,WA,48.049,-123.9317,-1350115.9917886765,5630371.121423328,257.3514378076361,,,,,-1,False
53053,,53,WA,47.023,-122.1019,-1251077.5021936556,5472964.007431696,168.6468637475978,,,,,-1,False
53031,,53,WA,47.748,-123.5999,-1336956.6606339563,5589017.656286448,231.85362412393508,,,,,-1,False
53033,,53,WA,47.4903,-121.8048,-1212813.412258459,5517464.421533128,177.76366677627738,,,,,-1,False
53061,,53,WA,48.0474,-121.6964,-1185757.0912722046,5576210.221255988,199.07925492581128,,,,,-1,False
53041,,53,WA,46.5778,-122.3924,-1288416.8392536622,5430808.884900107,151.77378977496883,,,,,-1,False
53067,,53,WA,46.9196,-122.8299,-1309550.1302893055,5478995.807512907,162.20190181965708,,,,,-1,False
53045,,53,WA,47.351,-123.1988,-1321736.9546875635,5535467.385106607,190.58927260413185,,,,,-1,False
53057,,53,WA,48.4794,-121.7287,-1173306.082787982,5624380.141543898,244.52221578377427,,,,,-1,False
53035,,53,WA,47.6109,-122.6768,-1273514.218894233,5551292.043092753,193.0221018659809,,,,,-1,False
02013,,02,,55.3572,-162.0021,-3065059.406022491,8069633.245832336,1763.118042894014,,,,,-1,False
02016,,02,,52.8109,-107.8747,-97532.37942318292,5888229.5859091105,627.9004469127913,,,,,-1,False
02050,,02,,60.9202,-159.7712,-2385968.4401978953,8306185.368805142,1155.350601234376,,,,,-1,False
02063,,02,,60.7339,-145.7646,-1879850.0691229706,7655831.340186818,824.0850490572074,,,,,-1,False
02275,,02,,56.3356,-132.0134,-1492194.590916528,6743422.774415034,1190.3943025647272,,,,,-1,False
02282,,02,,59.8909,-140.3727,-1702144.4307719134,7374939.034098149,889.7615150568354,,,,,-1,False
02066,,02,,61.8855,-143.9699,-1712399.710034391,7688268.365197041,872.3321614649578,,,,,-1,False
02068,,02,,63.6715,-150.0117,-1795477.2003141032,8068802.2932099495,950.2225804868104,,,,,-1,False
02090,,02,,64.8078,-146.5654,-1577219.8357530069,8033221.859899807,944.1074057140203,,,,,-1,False
02122,,02,,60.2681,-151.5614,-2158302.054019856,7863496.950996537,968.5035895349695,,,,,-1,False
02130,,02,,55.5977,-130.9293,-1469626.2632740345,6634149.174583705,1100.9623147032107,,,,,-1,False
02150,,02,,57.6895,-153.8004,-2490730.594787177,7767313.338349967,1162.5717164803643,,,,,-1,False
02158,,02,,62.1548,-163.3725,-2357439.038034821,8564820.1950315,1358.3917695024309,,,,,-1,False
02164,,02,,58.6579,-156.1861,-2492124.9092231984,7964397.252610813,1281.3267766847653,,,,,-1,False
02230,,02,,59.5617,-135.338,-1479542.1620166714,7172639.359339655,1173.0895907307458,,,,,-1,False
02180,,02,,64.9111,-164.0301,-2076029.7062517246,8750153.657382008,1425.1334882439535,,,,,-1,False
02185,,02,,69.3078,-153.4626,-1388588.1220685295,8615553.814464966,1445.7782548483913,,,,,-1,False
02188,,02,,67.0598,-159.7059,-1755221.3834671183,8691441.260344418,1449.9382235954834,,,,,-1,False
02240,,02,,63.8762,-143.213,-1527438.87234481,7837279.367221708,975.8915273312341,,,,,-1,False
02290,,02,,65.5087,-151.3896,-1677353.3594356054,8264355.110216764,1109.4920236475255,,,,,-1,False
02060,,02,,58.7436,-156.7001,-2503103.928525841,7997458.599832622,1274.4360231861754,,,,,-1,False
02198,,02,,55.8043,-133.0034,-1578937.2372539262,6720171.6859274665,1179.1734303824005,,,,,-1,False
02195,,02,,57.1337,-132.9266,-1498367.8758656995,6853360.600297595,1238.2465152618665,,,,,-1,False
02020,,02,,61.1499,-149.1106,-1982680.177112545,7828071.328239042,892.8298507948049,,,,,-1,False
02170,,02,,62.3162,-149.5728,-1898706.4780771043,7942583.180629796,876.6482828371222,,,,,-1,False
02220,,02,,57.2368,-135.3018,-1622283.2913580649,6940703.99630346,1324.7962046148818,,,,,-1,False
02100,,02,,59.1229,-135.5035,-1515373.22487809,7134659.406943445,1162.5717164803643,,,,,-1,False
02070,,02,,59.8014,-158.234,-2451104.265504263,8152250.023944652,1159.13370987649,,,,,-1,False
02110,,02,,58.458,-134.1724,-1487566.124808948,7026108.299890875,1252.7068123505483,,,,,-1,False
02105,,02,,58.2908,-135.6409,-1574658.6364618666,7056874.467543267,1211.8398031744355,,,,,-1,False
